file,name,line,end,public,language,review
AuroraIA/agi_core/bus.py,AsyncEventBus.__init__,16,18,False,python,unreviewed
AuroraIA/agi_core/bus.py,AsyncEventBus.start_server,20,25,True,python,unreviewed
AuroraIA/agi_core/bus.py,AsyncEventBus._handle_client,27,73,False,python,unreviewed
AuroraIA/agi_core/bus.py,AsyncEventBus.subscribe,75,80,True,python,unreviewed
AuroraIA/agi_core/bus.py,AsyncEventBus._local_publish,82,92,False,python,unreviewed
AuroraIA/agi_core/bus.py,AsyncEventBus.publish,94,103,True,python,unreviewed
AuroraIA/agi_core/bus.py,publish_sync,105,114,True,python,unreviewed
AuroraIA/agi_core/consciousness.py,AGICortex.__init__,15,20,False,python,unreviewed
AuroraIA/agi_core/consciousness.py,AGICortex._handle_client_request,22,39,False,python,unreviewed
AuroraIA/agi_core/consciousness.py,AGICortex.run_continuous_loop,41,55,True,python,unreviewed
AuroraIA/agi_core/explorer.py,DeepDiscoveryEngine.__init__,12,13,False,python,unreviewed
AuroraIA/agi_core/explorer.py,DeepDiscoveryEngine.explore_unknown,15,26,True,python,unreviewed
AuroraIA/agi_core/llm_gateway.py,LLMGateway.__init__,10,12,False,python,unreviewed
AuroraIA/agi_core/llm_gateway.py,LLMGateway.generate,14,41,True,python,unreviewed
AuroraIA/agi_core/llm_gateway.py,LLMGateway.generate_stream,43,76,True,python,unreviewed
AuroraIA/agi_core/memory.py,OmniscientMemory.__init__,10,13,False,python,unreviewed
AuroraIA/agi_core/memory.py,OmniscientMemory._init_db,15,22,False,python,unreviewed
AuroraIA/agi_core/memory.py,OmniscientMemory.embed_experience,24,33,True,python,unreviewed
AuroraIA/agi_core/memory.py,OmniscientMemory.embed_experience._add,30,31,False,python,unreviewed
AuroraIA/agi_core/memory.py,OmniscientMemory.query_experience,35,43,True,python,unreviewed
AuroraIA/agi_core/memory.py,OmniscientMemory.query_experience._query,39,40,False,python,unreviewed
AuroraIA/agi_core/mission_agent.py,_cli_load_context_for_workspace,19,27,False,python,unreviewed
AuroraIA/agi_core/mission_agent.py,AutonomousMissionAgent.__init__,30,35,False,python,unreviewed
AuroraIA/agi_core/mission_agent.py,AutonomousMissionAgent._emit,37,41,False,python,unreviewed
AuroraIA/agi_core/mission_agent.py,AutonomousMissionAgent._run_sub_agent,43,159,False,python,unreviewed
AuroraIA/agi_core/mission_agent.py,AutonomousMissionAgent._run_sub_agent.fetch_llm,67,71,False,python,unreviewed
AuroraIA/agi_core/mission_agent.py,AutonomousMissionAgent._run_sub_agent.run_bash,100,117,False,python,unreviewed
AuroraIA/agi_core/mission_agent.py,AutonomousMissionAgent._run_sub_agent.run_tool,145,148,False,python,unreviewed
AuroraIA/agi_core/mission_agent.py,AutonomousMissionAgent.run,161,307,True,python,unreviewed
AuroraIA/agi_core/mission_agent.py,AutonomousMissionAgent.run.fetch_main,219,223,True,python,unreviewed
AuroraIA/agi_core/mission_agent.py,AutonomousMissionAgent.run.run_bash_main,254,273,True,python,unreviewed
AuroraIA/agi_core/payload_manager.py,SmartPayloadManager.package_for_client,15,39,True,python,unreviewed
AuroraIA/agi_core/swarm.py,SwarmSupervisor.__init__,14,19,False,python,unreviewed
AuroraIA/agi_core/swarm.py,SwarmSupervisor._emit,21,26,False,python,unreviewed
AuroraIA/agi_core/swarm.py,SwarmSupervisor.run_mission,28,105,True,python,unreviewed
AuroraIA/agi_core/swarm.py,SwarmSupervisor.run_mission.on_oracle_token,55,58,True,python,unreviewed
AuroraIA/agi_core/swarm.py,SwarmSupervisor.run_mission.on_critic_token,70,73,True,python,unreviewed
AuroraIA/agi_core/swarm.py,SwarmSupervisor.delegate,107,120,True,python,unreviewed
AuroraIA/agi_core/swarm.py,SwarmSupervisor.delegate.on_token,114,116,True,python,unreviewed
AuroraIA/application/aurora_native_mcp.py,generate_2d_image,8,14,True,python,unreviewed
AuroraIA/application/aurora_native_mcp.py,generate_3d_model,17,23,True,python,unreviewed
AuroraIA/application/aurora_native_mcp.py,synthesize_voice,26,32,True,python,unreviewed
AuroraIA/application/aurora_native_mcp.py,academic_research,35,37,True,python,unreviewed
AuroraIA/application/aurora_native_mcp.py,get_hardware_status,40,46,True,python,unreviewed
AuroraIA/application/aurora_native_mcp.py,get_system_info,49,55,True,python,unreviewed
AuroraIA/application/bridge_server.py,_req_start,44,45,False,python,unreviewed
AuroraIA/application/bridge_server.py,_req_log,49,55,False,python,unreviewed
AuroraIA/application/bridge_server.py,sortie_module,65,82,True,python,unreviewed
AuroraIA/application/bridge_server.py,resolve_node_exe,85,134,True,python,unreviewed
AuroraIA/application/bridge_server.py,resolve_node_exe.cle,116,121,True,python,unreviewed
AuroraIA/application/bridge_server.py,_find_comfyui_path,136,185,False,python,unreviewed
AuroraIA/application/bridge_server.py,_find_comfyui_path._is_comfyui,146,147,False,python,unreviewed
AuroraIA/application/bridge_server.py,_comfyui_is_ready,199,208,False,python,unreviewed
AuroraIA/application/bridge_server.py,_start_comfyui,211,249,False,python,unreviewed
AuroraIA/application/bridge_server.py,_clean_headers,256,259,False,python,unreviewed
AuroraIA/application/bridge_server.py,_proxy,262,278,False,python,unreviewed
AuroraIA/application/bridge_server.py,_detect_code_editor,290,312,False,python,unreviewed
AuroraIA/application/bridge_server.py,code_install_model,316,350,True,python,unreviewed
AuroraIA/application/bridge_server.py,code_detect_editor,354,360,True,python,unreviewed
AuroraIA/application/bridge_server.py,code_open_folder,364,445,True,python,unreviewed
AuroraIA/application/bridge_server.py,_ext_load,458,464,False,python,unreviewed
AuroraIA/application/bridge_server.py,_ext_save,467,472,False,python,unreviewed
AuroraIA/application/bridge_server.py,_ext_hash,475,476,False,python,unreviewed
AuroraIA/application/bridge_server.py,_ext_admin_ok,479,487,False,python,unreviewed
AuroraIA/application/bridge_server.py,_ext_get_raw_key,490,506,False,python,unreviewed
AuroraIA/application/bridge_server.py,_ext_auth,509,521,False,python,unreviewed
AuroraIA/application/bridge_server.py,_ext_origin_for,524,538,False,python,unreviewed
AuroraIA/application/bridge_server.py,_ext_cors,541,549,False,python,unreviewed
AuroraIA/application/bridge_server.py,_ext_rate_ok,552,560,False,python,unreviewed
AuroraIA/application/bridge_server.py,_ext_default_model,563,576,False,python,unreviewed
AuroraIA/application/bridge_server.py,_ext_key_public,581,583,False,python,unreviewed
AuroraIA/application/bridge_server.py,ext_key_status,587,597,True,python,unreviewed
AuroraIA/application/bridge_server.py,ext_key_generate,601,624,True,python,unreviewed
AuroraIA/application/bridge_server.py,ext_key_revoke,628,641,True,python,unreviewed
AuroraIA/application/bridge_server.py,ext_ping,646,654,True,python,unreviewed
AuroraIA/application/bridge_server.py,ext_chat,658,710,True,python,unreviewed
AuroraIA/application/bridge_server.py,_ext_3d_pick_glb,726,739,False,python,unreviewed
AuroraIA/application/bridge_server.py,_ext_3d_score,742,757,False,python,unreviewed
AuroraIA/application/bridge_server.py,_ext_3d_worker,760,825,False,python,unreviewed
AuroraIA/application/bridge_server.py,ext_3d_generate,830,856,True,python,unreviewed
AuroraIA/application/bridge_server.py,ext_3d_status,860,886,True,python,unreviewed
AuroraIA/application/bridge_server.py,ext_do,918,996,True,python,unreviewed
AuroraIA/application/bridge_server.py,_chemin_3d_sur,1000,1013,False,python,unreviewed
AuroraIA/application/bridge_server.py,three_d_list,1017,1053,True,python,unreviewed
AuroraIA/application/bridge_server.py,three_d_file,1057,1074,True,python,unreviewed
AuroraIA/application/bridge_server.py,aurora_api_doc,1080,1090,True,python,unreviewed
AuroraIA/application/bridge_server.py,sync_tunnel_url_to_gist,1133,1147,True,python,unreviewed
AuroraIA/application/cloud/cloud_bridge.py,_push_progress,62,66,False,python,unreviewed
AuroraIA/application/cloud/cloud_bridge.py,_python_service_env,69,82,False,python,unreviewed
AuroraIA/application/cloud/cloud_bridge.py,get_progress,86,88,True,python,unreviewed
AuroraIA/application/cloud/cloud_bridge.py,_detect_gpu,95,126,False,python,unreviewed
AuroraIA/application/cloud/cloud_bridge.py,get_hardware,130,154,True,python,unreviewed
AuroraIA/application/cloud/cloud_bridge.py,get_cloud_tier,158,205,True,python,unreviewed
AuroraIA/application/cloud/cloud_bridge.py,proxy_ollama,213,281,True,python,unreviewed
AuroraIA/application/cloud/cloud_bridge.py,proxy_ollama.heartbeat_or_payload,233,263,True,python,unreviewed
AuroraIA/application/cloud/cloud_bridge.py,proxy_ollama.heartbeat_or_payload.producer,236,247,True,python,unreviewed
AuroraIA/application/cloud/cloud_bridge.py,proxy_comfy,289,306,True,python,unreviewed
AuroraIA/application/cloud/cloud_bridge.py,run_python_script,314,364,True,python,unreviewed
AuroraIA/application/cloud/cloud_bridge.py,run_python_script._read_stdout,344,352,False,python,unreviewed
AuroraIA/application/cloud/cloud_bridge.py,run_command,372,396,True,python,unreviewed
AuroraIA/application/cloud/cloud_bridge.py,spawn_command,400,420,True,python,unreviewed
AuroraIA/application/cloud/cloud_bridge.py,fs_exists,428,429,True,python,unreviewed
AuroraIA/application/cloud/cloud_bridge.py,fs_mkdir,433,435,True,python,unreviewed
AuroraIA/application/cloud/cloud_bridge.py,fs_read_text,439,443,True,python,unreviewed
AuroraIA/application/cloud/cloud_bridge.py,fs_write_text,447,451,True,python,unreviewed
AuroraIA/application/cloud/cloud_bridge.py,fs_write_binary,455,459,True,python,unreviewed
AuroraIA/application/cloud/cloud_bridge.py,fs_read_binary,463,467,True,python,unreviewed
AuroraIA/application/cloud/cloud_bridge.py,get_workspace_path,471,472,True,python,unreviewed
AuroraIA/application/cloud/cloud_bridge.py,voice_stt,480,514,True,python,unreviewed
AuroraIA/application/cloud/cloud_bridge.py,voice_tts,522,549,True,python,unreviewed
AuroraIA/application/cloud/cloud_bridge.py,_strip_html,561,562,False,python,unreviewed
AuroraIA/application/cloud/cloud_bridge.py,_duckduckgo_search_html,565,585,False,python,unreviewed
AuroraIA/application/cloud/cloud_bridge.py,web_search,589,596,True,python,unreviewed
AuroraIA/application/cloud/cloud_bridge.py,_fetch_image_bytes,602,612,False,python,unreviewed
AuroraIA/application/cloud/cloud_bridge.py,web_image,616,654,True,python,unreviewed
AuroraIA/application/cloud/cloud_bridge.py,services_status,662,676,True,python,unreviewed
AuroraIA/application/cloud/cloud_bridge.py,comfyui_status,680,689,True,python,unreviewed
AuroraIA/application/cloud/cloud_bridge.py,_ping_comfy,695,701,False,python,unreviewed
AuroraIA/application/cloud/cloud_bridge.py,_spawn_comfy_process,704,732,False,python,unreviewed
AuroraIA/application/cloud/cloud_bridge.py,comfyui_start,736,774,True,python,unreviewed
AuroraIA/application/cloud/cloud_bridge.py,_normalize_ollama_name,781,782,False,python,unreviewed
AuroraIA/application/cloud/cloud_bridge.py,_ollama_model_names,785,794,False,python,unreviewed
AuroraIA/application/cloud/cloud_bridge.py,_ensure_ollama_model,797,831,False,python,unreviewed
AuroraIA/application/cloud/cloud_bridge.py,_build_service_info,833,850,False,python,unreviewed
AuroraIA/application/cloud/cloud_bridge.py,runtime_ensure_service,854,879,True,python,unreviewed
AuroraIA/application/cloud/cloud_bridge.py,runtime_prepare_model,883,890,True,python,unreviewed
AuroraIA/application/cloud/cloud_bridge.py,runtime_inspect,894,899,True,python,unreviewed
AuroraIA/application/cloud/cloud_bridge.py,runtime_privilege,903,904,True,python,unreviewed
AuroraIA/application/cloud/cloud_bridge.py,serve_asset,912,918,True,python,unreviewed
AuroraIA/application/cloud/cloud_bridge.py,list_results,929,956,True,python,unreviewed
AuroraIA/application/cloud/cloud_bridge.py,download_result,960,972,True,python,unreviewed
AuroraIA/application/cloud/cloud_bridge.py,health,980,988,True,python,unreviewed
AuroraIA/application/python-services/_bl_compat_startup.py,_aurora_action_fcurves,20,35,False,python,unreviewed
AuroraIA/application/python-services/_bl_compat_startup.py,register,45,50,True,python,unreviewed
AuroraIA/application/python-services/_bl_compat_startup.py,unregister,53,54,True,python,unreviewed
AuroraIA/application/python-services/_hy3dpaint/DifferentiableRenderer/MeshRender.py,RenderConfig.__post_init__,75,77,False,python,unreviewed
AuroraIA/application/python-services/_hy3dpaint/DifferentiableRenderer/MeshRender.py,stride_from_shape,90,103,True,python,unreviewed
AuroraIA/application/python-services/_hy3dpaint/DifferentiableRenderer/MeshRender.py,scatter_add_nd_with_count,106,143,True,python,unreviewed
AuroraIA/application/python-services/_hy3dpaint/DifferentiableRenderer/MeshRender.py,linear_grid_put_2d,146,203,True,python,unreviewed
AuroraIA/application/python-services/_hy3dpaint/DifferentiableRenderer/MeshRender.py,mipmap_linear_grid_put_2d,206,263,True,python,unreviewed
AuroraIA/application/python-services/_hy3dpaint/DifferentiableRenderer/MeshRender.py,_normalize_image_input,268,274,False,python,unreviewed
AuroraIA/application/python-services/_hy3dpaint/DifferentiableRenderer/MeshRender.py,_convert_texture_format,277,293,False,python,unreviewed
AuroraIA/application/python-services/_hy3dpaint/DifferentiableRenderer/MeshRender.py,_format_output,296,303,False,python,unreviewed
AuroraIA/application/python-services/_hy3dpaint/DifferentiableRenderer/MeshRender.py,_ensure_resolution_format,306,313,False,python,unreviewed
AuroraIA/application/python-services/_hy3dpaint/DifferentiableRenderer/MeshRender.py,_apply_background_mask,316,320,False,python,unreviewed
AuroraIA/application/python-services/_hy3dpaint/DifferentiableRenderer/MeshRender.py,MeshRender.__init__,324,386,False,python,unreviewed
AuroraIA/application/python-services/_hy3dpaint/DifferentiableRenderer/MeshRender.py,MeshRender._create_view_state,390,404,False,python,unreviewed
AuroraIA/application/python-services/_hy3dpaint/DifferentiableRenderer/MeshRender.py,MeshRender._compute_face_normals,406,415,False,python,unreviewed
AuroraIA/application/python-services/_hy3dpaint/DifferentiableRenderer/MeshRender.py,MeshRender._get_normals_for_shading,417,446,False,python,unreviewed
AuroraIA/application/python-services/_hy3dpaint/DifferentiableRenderer/MeshRender.py,MeshRender._unified_render_pipeline,448,490,False,python,unreviewed
AuroraIA/application/python-services/_hy3dpaint/DifferentiableRenderer/MeshRender.py,MeshRender.set_orth_scale,492,507,True,python,unreviewed
AuroraIA/application/python-services/_hy3dpaint/DifferentiableRenderer/MeshRender.py,MeshRender.raster_rasterize,509,543,True,python,unreviewed
AuroraIA/application/python-services/_hy3dpaint/DifferentiableRenderer/MeshRender.py,MeshRender.raster_interpolate,545,568,True,python,unreviewed
AuroraIA/application/python-services/_hy3dpaint/DifferentiableRenderer/MeshRender.py,MeshRender.raster_antialias,570,591,True,python,unreviewed
AuroraIA/application/python-services/_hy3dpaint/DifferentiableRenderer/MeshRender.py,MeshRender.set_boundary_unreliable_scale,593,602,True,python,unreviewed
AuroraIA/application/python-services/_hy3dpaint/DifferentiableRenderer/MeshRender.py,MeshRender.load_mesh,604,623,True,python,unreviewed
AuroraIA/application/python-services/_hy3dpaint/DifferentiableRenderer/MeshRender.py,MeshRender.save_mesh,625,663,True,python,unreviewed
AuroraIA/application/python-services/_hy3dpaint/DifferentiableRenderer/MeshRender.py,MeshRender.set_mesh,665,724,True,python,unreviewed
AuroraIA/application/python-services/_hy3dpaint/DifferentiableRenderer/MeshRender.py,MeshRender._set_texture_unified,726,736,False,python,unreviewed
AuroraIA/application/python-services/_hy3dpaint/DifferentiableRenderer/MeshRender.py,MeshRender.set_texture,738,740,True,python,unreviewed
AuroraIA/application/python-services/_hy3dpaint/DifferentiableRenderer/MeshRender.py,MeshRender.set_texture_mr,742,744,True,python,unreviewed
AuroraIA/application/python-services/_hy3dpaint/DifferentiableRenderer/MeshRender.py,MeshRender.set_texture_normal,746,748,True,python,unreviewed
AuroraIA/application/python-services/_hy3dpaint/DifferentiableRenderer/MeshRender.py,MeshRender.set_default_render_resolution,750,759,True,python,unreviewed
AuroraIA/application/python-services/_hy3dpaint/DifferentiableRenderer/MeshRender.py,MeshRender.set_default_texture_resolution,761,770,True,python,unreviewed
AuroraIA/application/python-services/_hy3dpaint/DifferentiableRenderer/MeshRender.py,MeshRender.get_face_num,772,779,True,python,unreviewed
AuroraIA/application/python-services/_hy3dpaint/DifferentiableRenderer/MeshRender.py,MeshRender.get_vertex_num,781,788,True,python,unreviewed
AuroraIA/application/python-services/_hy3dpaint/DifferentiableRenderer/MeshRender.py,MeshRender.get_face_areas,790,817,True,python,unreviewed
AuroraIA/application/python-services/_hy3dpaint/DifferentiableRenderer/MeshRender.py,MeshRender.get_mesh,819,842,True,python,unreviewed
AuroraIA/application/python-services/_hy3dpaint/DifferentiableRenderer/MeshRender.py,MeshRender.get_texture,844,851,True,python,unreviewed
AuroraIA/application/python-services/_hy3dpaint/DifferentiableRenderer/MeshRender.py,MeshRender.get_texture_mr,853,865,True,python,unreviewed
AuroraIA/application/python-services/_hy3dpaint/DifferentiableRenderer/MeshRender.py,MeshRender.get_texture_normal,867,877,True,python,unreviewed
AuroraIA/application/python-services/_hy3dpaint/DifferentiableRenderer/MeshRender.py,MeshRender.to,879,891,True,python,unreviewed
AuroraIA/application/python-services/_hy3dpaint/DifferentiableRenderer/MeshRender.py,MeshRender.color_rgb_to_srgb,893,921,True,python,unreviewed
AuroraIA/application/python-services/_hy3dpaint/DifferentiableRenderer/MeshRender.py,MeshRender.extract_textiles,923,979,True,python,unreviewed
AuroraIA/application/python-services/_hy3dpaint/DifferentiableRenderer/MeshRender.py,MeshRender.render_normal,981,987,True,python,unreviewed
AuroraIA/application/python-services/_hy3dpaint/DifferentiableRenderer/MeshRender.py,MeshRender.convert_normal_map,989,1016,True,python,unreviewed
AuroraIA/application/python-services/_hy3dpaint/DifferentiableRenderer/MeshRender.py,MeshRender.render_position,1018,1027,True,python,unreviewed
AuroraIA/application/python-services/_hy3dpaint/DifferentiableRenderer/MeshRender.py,MeshRender.render_uvpos,1029,1033,True,python,unreviewed
AuroraIA/application/python-services/_hy3dpaint/DifferentiableRenderer/MeshRender.py,MeshRender.render_alpha,1035,1042,True,python,unreviewed
AuroraIA/application/python-services/_hy3dpaint/DifferentiableRenderer/MeshRender.py,MeshRender.uv_feature_map,1044,1065,True,python,unreviewed
AuroraIA/application/python-services/_hy3dpaint/DifferentiableRenderer/MeshRender.py,MeshRender.render_sketch_from_geometry,1067,1093,True,python,unreviewed
AuroraIA/application/python-services/_hy3dpaint/DifferentiableRenderer/MeshRender.py,MeshRender.render_sketch_from_depth,1095,1111,True,python,unreviewed
AuroraIA/application/python-services/_hy3dpaint/DifferentiableRenderer/MeshRender.py,MeshRender.back_project,1113,1314,True,python,unreviewed
AuroraIA/application/python-services/_hy3dpaint/DifferentiableRenderer/MeshRender.py,MeshRender.bake_texture,1316,1349,True,python,unreviewed
AuroraIA/application/python-services/_hy3dpaint/DifferentiableRenderer/MeshRender.py,MeshRender.fast_bake_texture,1352,1377,True,python,unreviewed
AuroraIA/application/python-services/_hy3dpaint/DifferentiableRenderer/MeshRender.py,MeshRender.uv_inpaint,1380,1418,True,python,unreviewed
AuroraIA/application/python-services/_hy3dpaint/DifferentiableRenderer/camera_utils.py,transform_pos,21,31,True,python,unreviewed
AuroraIA/application/python-services/_hy3dpaint/DifferentiableRenderer/camera_utils.py,get_mv_matrix,34,70,True,python,unreviewed
AuroraIA/application/python-services/_hy3dpaint/DifferentiableRenderer/camera_utils.py,get_orthographic_projection_matrix,73,95,True,python,unreviewed
AuroraIA/application/python-services/_hy3dpaint/DifferentiableRenderer/camera_utils.py,get_perspective_projection_matrix,98,107,True,python,unreviewed
AuroraIA/application/python-services/_hy3dpaint/DifferentiableRenderer/mesh_utils.py,_safe_extract_attribute,27,34,False,python,unreviewed
AuroraIA/application/python-services/_hy3dpaint/DifferentiableRenderer/mesh_utils.py,_convert_to_numpy,37,41,False,python,unreviewed
AuroraIA/application/python-services/_hy3dpaint/DifferentiableRenderer/mesh_utils.py,load_mesh,44,61,True,python,unreviewed
AuroraIA/application/python-services/_hy3dpaint/DifferentiableRenderer/mesh_utils.py,_get_base_path_and_name,64,68,False,python,unreviewed
AuroraIA/application/python-services/_hy3dpaint/DifferentiableRenderer/mesh_utils.py,_save_texture_map,71,88,False,python,unreviewed
AuroraIA/application/python-services/_hy3dpaint/DifferentiableRenderer/mesh_utils.py,_write_mtl_properties,91,97,False,python,unreviewed
AuroraIA/application/python-services/_hy3dpaint/DifferentiableRenderer/mesh_utils.py,_create_obj_content,100,120,False,python,unreviewed
AuroraIA/application/python-services/_hy3dpaint/DifferentiableRenderer/mesh_utils.py,save_obj_mesh,123,152,True,python,unreviewed
AuroraIA/application/python-services/_hy3dpaint/DifferentiableRenderer/mesh_utils.py,_create_mtl_file,155,193,False,python,unreviewed
AuroraIA/application/python-services/_hy3dpaint/DifferentiableRenderer/mesh_utils.py,save_mesh,196,200,True,python,unreviewed
AuroraIA/application/python-services/_hy3dpaint/DifferentiableRenderer/mesh_utils.py,_setup_blender_scene,203,207,False,python,unreviewed
AuroraIA/application/python-services/_hy3dpaint/DifferentiableRenderer/mesh_utils.py,_clear_scene_objects,210,214,False,python,unreviewed
AuroraIA/application/python-services/_hy3dpaint/DifferentiableRenderer/mesh_utils.py,_select_mesh_objects,217,222,False,python,unreviewed
AuroraIA/application/python-services/_hy3dpaint/DifferentiableRenderer/mesh_utils.py,_merge_vertices_if_needed,225,236,False,python,unreviewed
AuroraIA/application/python-services/_hy3dpaint/DifferentiableRenderer/mesh_utils.py,_apply_shading,239,248,False,python,unreviewed
AuroraIA/application/python-services/_hy3dpaint/DifferentiableRenderer/mesh_utils.py,_apply_auto_smooth,251,260,False,python,unreviewed
AuroraIA/application/python-services/_hy3dpaint/DifferentiableRenderer/mesh_utils.py,convert_obj_to_glb,263,287,True,python,unreviewed
AuroraIA/application/python-services/_hy3dpaint/DifferentiableRenderer/test_module.py,test_module_import,7,15,True,python,unreviewed
AuroraIA/application/python-services/_hy3dpaint/DifferentiableRenderer/test_module.py,test_module_functions,17,38,True,python,unreviewed
AuroraIA/application/python-services/_hy3dpaint/DifferentiableRenderer/test_module.py,main,40,56,True,python,unreviewed
AuroraIA/application/python-services/_hy3dpaint/convert_utils.py,combine_metallic_roughness,9,39,True,python,unreviewed
AuroraIA/application/python-services/_hy3dpaint/convert_utils.py,create_glb_with_pbr_materials,42,138,True,python,unreviewed
AuroraIA/application/python-services/_hy3dpaint/convert_utils.py,create_glb_with_pbr_materials.image_to_data_uri,65,70,True,python,unreviewed
AuroraIA/application/python-services/_hy3dpaint/custom_rasterizer/custom_rasterizer/render.py,rasterize,19,24,True,python,unreviewed
AuroraIA/application/python-services/_hy3dpaint/custom_rasterizer/custom_rasterizer/render.py,interpolate,27,32,True,python,unreviewed
AuroraIA/application/python-services/_hy3dpaint/hunyuanpaintpbr/pipeline.py,to_rgb_image,60,70,True,python,unreviewed
AuroraIA/application/python-services/_hy3dpaint/hunyuanpaintpbr/pipeline.py,HunyuanPaintPipeline.__init__,84,112,False,python,unreviewed
AuroraIA/application/python-services/_hy3dpaint/hunyuanpaintpbr/pipeline.py,HunyuanPaintPipeline.eval,114,116,True,python,unreviewed
AuroraIA/application/python-services/_hy3dpaint/hunyuanpaintpbr/pipeline.py,HunyuanPaintPipeline.set_pbr_settings,118,119,True,python,unreviewed
AuroraIA/application/python-services/_hy3dpaint/hunyuanpaintpbr/pipeline.py,HunyuanPaintPipeline.set_learned_parameters,121,143,True,python,unreviewed
AuroraIA/application/python-services/_hy3dpaint/hunyuanpaintpbr/pipeline.py,HunyuanPaintPipeline.prepare,145,147,True,python,unreviewed
AuroraIA/application/python-services/_hy3dpaint/hunyuanpaintpbr/pipeline.py,HunyuanPaintPipeline.encode_images,150,170,True,python,unreviewed
AuroraIA/application/python-services/_hy3dpaint/hunyuanpaintpbr/pipeline.py,HunyuanPaintPipeline.__call__,173,345,False,python,unreviewed
AuroraIA/application/python-services/_hy3dpaint/hunyuanpaintpbr/pipeline.py,HunyuanPaintPipeline.__call__.convert_pil_list_to_tensor,235,251,False,python,unreviewed
AuroraIA/application/python-services/_hy3dpaint/hunyuanpaintpbr/pipeline.py,HunyuanPaintPipeline.denoise,347,736,True,python,unreviewed
AuroraIA/application/python-services/_hy3dpaint/hunyuanpaintpbr/pipeline.py,HunyuanPaintPipeline.denoise.cam_mapping,670,676,True,python,unreviewed
AuroraIA/application/python-services/_hy3dpaint/hunyuanpaintpbr/unet/attn_processor.py,AttnUtils.check_pytorch_compatibility,33,41,True,python,unreviewed
AuroraIA/application/python-services/_hy3dpaint/hunyuanpaintpbr/unet/attn_processor.py,AttnUtils.handle_deprecation_warning,44,59,True,python,unreviewed
AuroraIA/application/python-services/_hy3dpaint/hunyuanpaintpbr/unet/attn_processor.py,AttnUtils.prepare_hidden_states,62,96,True,python,unreviewed
AuroraIA/application/python-services/_hy3dpaint/hunyuanpaintpbr/unet/attn_processor.py,AttnUtils.prepare_attention_mask,99,115,True,python,unreviewed
AuroraIA/application/python-services/_hy3dpaint/hunyuanpaintpbr/unet/attn_processor.py,AttnUtils.reshape_qkv_for_attention,118,131,True,python,unreviewed
AuroraIA/application/python-services/_hy3dpaint/hunyuanpaintpbr/unet/attn_processor.py,AttnUtils.apply_norms,134,151,True,python,unreviewed
AuroraIA/application/python-services/_hy3dpaint/hunyuanpaintpbr/unet/attn_processor.py,AttnUtils.finalize_output,154,185,True,python,unreviewed
AuroraIA/application/python-services/_hy3dpaint/hunyuanpaintpbr/unet/attn_processor.py,BaseAttnProcessor.__init__,197,306,False,python,unreviewed
AuroraIA/application/python-services/_hy3dpaint/hunyuanpaintpbr/unet/attn_processor.py,BaseAttnProcessor.register_pbr_modules,308,363,True,python,unreviewed
AuroraIA/application/python-services/_hy3dpaint/hunyuanpaintpbr/unet/attn_processor.py,RotaryEmbedding.get_1d_rotary_pos_embed,376,400,True,python,unreviewed
AuroraIA/application/python-services/_hy3dpaint/hunyuanpaintpbr/unet/attn_processor.py,RotaryEmbedding.get_3d_rotary_pos_embed,403,440,True,python,unreviewed
AuroraIA/application/python-services/_hy3dpaint/hunyuanpaintpbr/unet/attn_processor.py,RotaryEmbedding.apply_rotary_emb,443,463,True,python,unreviewed
AuroraIA/application/python-services/_hy3dpaint/hunyuanpaintpbr/unet/attn_processor.py,AttnCore.process_attention_base,476,549,True,python,unreviewed
AuroraIA/application/python-services/_hy3dpaint/hunyuanpaintpbr/unet/attn_processor.py,PoseRoPEAttnProcessor2_0.__init__,561,563,False,python,unreviewed
AuroraIA/application/python-services/_hy3dpaint/hunyuanpaintpbr/unet/attn_processor.py,PoseRoPEAttnProcessor2_0.__call__,565,635,False,python,unreviewed
AuroraIA/application/python-services/_hy3dpaint/hunyuanpaintpbr/unet/attn_processor.py,PoseRoPEAttnProcessor2_0.__call__.get_qkv,596,597,False,python,unreviewed
AuroraIA/application/python-services/_hy3dpaint/hunyuanpaintpbr/unet/attn_processor.py,PoseRoPEAttnProcessor2_0.__call__.apply_rope,599,616,False,python,unreviewed
AuroraIA/application/python-services/_hy3dpaint/hunyuanpaintpbr/unet/attn_processor.py,SelfAttnProcessor2_0.__init__,646,654,False,python,unreviewed
AuroraIA/application/python-services/_hy3dpaint/hunyuanpaintpbr/unet/attn_processor.py,SelfAttnProcessor2_0.process_single,656,712,True,python,unreviewed
AuroraIA/application/python-services/_hy3dpaint/hunyuanpaintpbr/unet/attn_processor.py,SelfAttnProcessor2_0.process_single.get_qkv,694,699,True,python,unreviewed
AuroraIA/application/python-services/_hy3dpaint/hunyuanpaintpbr/unet/attn_processor.py,SelfAttnProcessor2_0.__call__,714,755,False,python,unreviewed
AuroraIA/application/python-services/_hy3dpaint/hunyuanpaintpbr/unet/attn_processor.py,RefAttnProcessor2_0.__init__,766,775,False,python,unreviewed
AuroraIA/application/python-services/_hy3dpaint/hunyuanpaintpbr/unet/attn_processor.py,RefAttnProcessor2_0.__call__,777,839,False,python,unreviewed
AuroraIA/application/python-services/_hy3dpaint/hunyuanpaintpbr/unet/attn_processor.py,RefAttnProcessor2_0.__call__.get_qkv,808,818,False,python,unreviewed
AuroraIA/application/python-services/_hy3dpaint/hunyuanpaintpbr/unet/model.py,extract_into_tensor,40,43,True,python,unreviewed
AuroraIA/application/python-services/_hy3dpaint/hunyuanpaintpbr/unet/model.py,HunyuanPaint.__init__,47,122,False,python,unreviewed
AuroraIA/application/python-services/_hy3dpaint/hunyuanpaintpbr/unet/model.py,HunyuanPaint.register_schedule,124,143,True,python,unreviewed
AuroraIA/application/python-services/_hy3dpaint/hunyuanpaintpbr/unet/model.py,HunyuanPaint.on_fit_start,145,149,True,python,unreviewed
AuroraIA/application/python-services/_hy3dpaint/hunyuanpaintpbr/unet/model.py,HunyuanPaint.prepare_batch_data,151,198,True,python,unreviewed
AuroraIA/application/python-services/_hy3dpaint/hunyuanpaintpbr/unet/model.py,HunyuanPaint.forward_text_encoder,201,204,True,python,unreviewed
AuroraIA/application/python-services/_hy3dpaint/hunyuanpaintpbr/unet/model.py,HunyuanPaint.encode_images,207,241,True,python,unreviewed
AuroraIA/application/python-services/_hy3dpaint/hunyuanpaintpbr/unet/model.py,HunyuanPaint.forward_unet,243,259,True,python,unreviewed
AuroraIA/application/python-services/_hy3dpaint/hunyuanpaintpbr/unet/model.py,HunyuanPaint.predict_start_from_z_and_v,261,278,True,python,unreviewed
AuroraIA/application/python-services/_hy3dpaint/hunyuanpaintpbr/unet/model.py,HunyuanPaint.get_v,280,295,True,python,unreviewed
AuroraIA/application/python-services/_hy3dpaint/hunyuanpaintpbr/unet/model.py,HunyuanPaint.training_step,297,467,True,python,unreviewed
AuroraIA/application/python-services/_hy3dpaint/hunyuanpaintpbr/unet/model.py,HunyuanPaint.compute_loss,469,474,True,python,unreviewed
AuroraIA/application/python-services/_hy3dpaint/hunyuanpaintpbr/unet/model.py,HunyuanPaint.validation_step,477,562,True,python,unreviewed
AuroraIA/application/python-services/_hy3dpaint/hunyuanpaintpbr/unet/model.py,HunyuanPaint.on_validation_epoch_end,565,587,True,python,unreviewed
AuroraIA/application/python-services/_hy3dpaint/hunyuanpaintpbr/unet/model.py,HunyuanPaint.configure_optimizers,589,622,True,python,unreviewed
AuroraIA/application/python-services/_hy3dpaint/hunyuanpaintpbr/unet/model.py,HunyuanPaint.configure_optimizers.lr_lambda,593,609,True,python,unreviewed
AuroraIA/application/python-services/_hy3dpaint/hunyuanpaintpbr/unet/modules.py,Dino_v2.__init__,49,57,False,python,unreviewed
AuroraIA/application/python-services/_hy3dpaint/hunyuanpaintpbr/unet/modules.py,Dino_v2.forward,59,86,True,python,unreviewed
AuroraIA/application/python-services/_hy3dpaint/hunyuanpaintpbr/unet/modules.py,_chunked_feed_forward,89,118,False,python,unreviewed
AuroraIA/application/python-services/_hy3dpaint/hunyuanpaintpbr/unet/modules.py,compute_voxel_grid_mask,122,177,True,python,unreviewed
AuroraIA/application/python-services/_hy3dpaint/hunyuanpaintpbr/unet/modules.py,compute_multi_resolution_mask,180,200,True,python,unreviewed
AuroraIA/application/python-services/_hy3dpaint/hunyuanpaintpbr/unet/modules.py,compute_discrete_voxel_indice,204,250,True,python,unreviewed
AuroraIA/application/python-services/_hy3dpaint/hunyuanpaintpbr/unet/modules.py,calc_multires_voxel_idxs,253,274,True,python,unreviewed
AuroraIA/application/python-services/_hy3dpaint/hunyuanpaintpbr/unet/modules.py,Basic2p5DTransformerBlock.__init__,298,403,False,python,unreviewed
AuroraIA/application/python-services/_hy3dpaint/hunyuanpaintpbr/unet/modules.py,Basic2p5DTransformerBlock._initialize_attn_weights,405,464,False,python,unreviewed
AuroraIA/application/python-services/_hy3dpaint/hunyuanpaintpbr/unet/modules.py,Basic2p5DTransformerBlock.__getattr__,466,470,False,python,unreviewed
AuroraIA/application/python-services/_hy3dpaint/hunyuanpaintpbr/unet/modules.py,Basic2p5DTransformerBlock.forward,472,707,True,python,unreviewed
AuroraIA/application/python-services/_hy3dpaint/hunyuanpaintpbr/unet/modules.py,ImageProjModel.__init__,722,729,False,python,unreviewed
AuroraIA/application/python-services/_hy3dpaint/hunyuanpaintpbr/unet/modules.py,ImageProjModel.forward,731,755,True,python,unreviewed
AuroraIA/application/python-services/_hy3dpaint/hunyuanpaintpbr/unet/modules.py,UNet2p5DConditionModel.__init__,774,807,False,python,unreviewed
AuroraIA/application/python-services/_hy3dpaint/hunyuanpaintpbr/unet/modules.py,UNet2p5DConditionModel.from_pretrained,810,831,True,python,unreviewed
AuroraIA/application/python-services/_hy3dpaint/hunyuanpaintpbr/unet/modules.py,UNet2p5DConditionModel.init_condition,833,857,True,python,unreviewed
AuroraIA/application/python-services/_hy3dpaint/hunyuanpaintpbr/unet/modules.py,UNet2p5DConditionModel.init_attention,859,913,True,python,unreviewed
AuroraIA/application/python-services/_hy3dpaint/hunyuanpaintpbr/unet/modules.py,UNet2p5DConditionModel.__getattr__,915,919,False,python,unreviewed
AuroraIA/application/python-services/_hy3dpaint/hunyuanpaintpbr/unet/modules.py,UNet2p5DConditionModel.forward,921,1102,True,python,unreviewed
AuroraIA/application/python-services/_hy3dpaint/src/data/dataloader/loader_util.py,BaseDataset.__init__,28,37,False,python,unreviewed
AuroraIA/application/python-services/_hy3dpaint/src/data/dataloader/loader_util.py,BaseDataset.__len__,39,40,False,python,unreviewed
AuroraIA/application/python-services/_hy3dpaint/src/data/dataloader/loader_util.py,BaseDataset.load_image,42,61,True,python,unreviewed
AuroraIA/application/python-services/_hy3dpaint/src/data/dataloader/loader_util.py,BaseDataset._apply_scaling,63,93,False,python,unreviewed
AuroraIA/application/python-services/_hy3dpaint/src/data/dataloader/loader_util.py,BaseDataset._apply_rotation,95,113,False,python,unreviewed
AuroraIA/application/python-services/_hy3dpaint/src/data/dataloader/loader_util.py,BaseDataset._apply_translation,115,136,False,python,unreviewed
AuroraIA/application/python-services/_hy3dpaint/src/data/dataloader/loader_util.py,BaseDataset._apply_perspective,138,167,False,python,unreviewed
AuroraIA/application/python-services/_hy3dpaint/src/data/dataloader/loader_util.py,BaseDataset.augment_image,169,219,True,python,unreviewed
AuroraIA/application/python-services/_hy3dpaint/src/data/dataloader/objaverse_loader_forTexturePBR.py,TextureDataset.__init__,27,39,False,python,unreviewed
AuroraIA/application/python-services/_hy3dpaint/src/data/dataloader/objaverse_loader_forTexturePBR.py,TextureDataset.__getitem__,41,132,False,python,unreviewed
AuroraIA/application/python-services/_hy3dpaint/src/data/objaverse_hunyuan.py,DataModuleFromConfig.__init__,23,43,False,python,unreviewed
AuroraIA/application/python-services/_hy3dpaint/src/data/objaverse_hunyuan.py,DataModuleFromConfig.setup,45,57,True,python,unreviewed
AuroraIA/application/python-services/_hy3dpaint/src/data/objaverse_hunyuan.py,DataModuleFromConfig.train_dataloader,59,70,True,python,unreviewed
AuroraIA/application/python-services/_hy3dpaint/src/data/objaverse_hunyuan.py,DataModuleFromConfig.val_dataloader,72,75,True,python,unreviewed
AuroraIA/application/python-services/_hy3dpaint/src/data/objaverse_hunyuan.py,DataModuleFromConfig.test_dataloader,77,79,True,python,unreviewed
AuroraIA/application/python-services/_hy3dpaint/src/utils/train_util.py,count_params,18,22,True,python,unreviewed
AuroraIA/application/python-services/_hy3dpaint/src/utils/train_util.py,instantiate_from_config,25,32,True,python,unreviewed
AuroraIA/application/python-services/_hy3dpaint/src/utils/train_util.py,get_obj_from_str,35,40,True,python,unreviewed
AuroraIA/application/python-services/_hy3dpaint/textureGenPipeline.py,Hunyuan3DPaintConfig.__init__,38,68,False,python,unreviewed
AuroraIA/application/python-services/_hy3dpaint/textureGenPipeline.py,Hunyuan3DPaintPipeline.__init__,73,84,False,python,unreviewed
AuroraIA/application/python-services/_hy3dpaint/textureGenPipeline.py,Hunyuan3DPaintPipeline.load_models,86,90,True,python,unreviewed
AuroraIA/application/python-services/_hy3dpaint/textureGenPipeline.py,Hunyuan3DPaintPipeline.__call__,93,194,False,python,unreviewed
AuroraIA/application/python-services/_hy3dpaint/utils/image_super_utils.py,imageSuperNet.__init__,20,40,False,python,unreviewed
AuroraIA/application/python-services/_hy3dpaint/utils/image_super_utils.py,imageSuperNet.__call__,42,50,False,python,unreviewed
AuroraIA/application/python-services/_hy3dpaint/utils/multiview_utils.py,multiviewDiffusionNet.__init__,28,59,False,python,unreviewed
AuroraIA/application/python-services/_hy3dpaint/utils/multiview_utils.py,multiviewDiffusionNet.seed_everything,61,65,True,python,unreviewed
AuroraIA/application/python-services/_hy3dpaint/utils/multiview_utils.py,multiviewDiffusionNet.__call__,68,72,False,python,unreviewed
AuroraIA/application/python-services/_hy3dpaint/utils/multiview_utils.py,multiviewDiffusionNet.forward_one,74,129,True,python,unreviewed
AuroraIA/application/python-services/_hy3dpaint/utils/pipeline_utils.py,ViewProcessor.__init__,20,22,False,python,unreviewed
AuroraIA/application/python-services/_hy3dpaint/utils/pipeline_utils.py,ViewProcessor.render_normal_multiview,24,30,True,python,unreviewed
AuroraIA/application/python-services/_hy3dpaint/utils/pipeline_utils.py,ViewProcessor.render_position_multiview,32,38,True,python,unreviewed
AuroraIA/application/python-services/_hy3dpaint/utils/pipeline_utils.py,ViewProcessor.bake_view_selection,40,109,True,python,unreviewed
AuroraIA/application/python-services/_hy3dpaint/utils/pipeline_utils.py,ViewProcessor.bake_from_multiview,111,124,True,python,unreviewed
AuroraIA/application/python-services/_hy3dpaint/utils/pipeline_utils.py,ViewProcessor.texture_inpaint,126,135,True,python,unreviewed
AuroraIA/application/python-services/_hy3dpaint/utils/simplify_mesh_utils.py,remesh_mesh,19,20,True,python,unreviewed
AuroraIA/application/python-services/_hy3dpaint/utils/simplify_mesh_utils.py,mesh_simplify_trimesh,23,62,True,python,unreviewed
AuroraIA/application/python-services/_hy3dpaint/utils/torchvision_fix.py,fix_torchvision_functional_tensor,8,102,True,python,unreviewed
AuroraIA/application/python-services/_hy3dpaint/utils/torchvision_fix.py,fix_torchvision_functional_tensor.FunctionalTensorMock._get_grayscale_weights,28,31,False,python,unreviewed
AuroraIA/application/python-services/_hy3dpaint/utils/torchvision_fix.py,fix_torchvision_functional_tensor.FunctionalTensorMock._try_import_fallback,34,43,False,python,unreviewed
AuroraIA/application/python-services/_hy3dpaint/utils/torchvision_fix.py,fix_torchvision_functional_tensor.FunctionalTensorMock.rgb_to_grayscale,46,59,True,python,unreviewed
AuroraIA/application/python-services/_hy3dpaint/utils/torchvision_fix.py,fix_torchvision_functional_tensor.FunctionalTensorMock.resize,62,81,True,python,unreviewed
AuroraIA/application/python-services/_hy3dpaint/utils/torchvision_fix.py,fix_torchvision_functional_tensor.FunctionalTensorMock.__getattr__,83,93,False,python,unreviewed
AuroraIA/application/python-services/_hy3dpaint/utils/torchvision_fix.py,apply_fix,104,107,True,python,unreviewed
AuroraIA/application/python-services/_hy3dpaint/utils/uvwrap_utils.py,mesh_uv_wrap,19,32,True,python,unreviewed
AuroraIA/application/python-services/_patches/mesh_render.py,stride_from_shape,32,36,True,python,unreviewed
AuroraIA/application/python-services/_patches/mesh_render.py,scatter_add_nd_with_count,39,64,True,python,unreviewed
AuroraIA/application/python-services/_patches/mesh_render.py,linear_grid_put_2d,67,117,True,python,unreviewed
AuroraIA/application/python-services/_patches/mesh_render.py,MeshRender.__init__,121,173,False,python,unreviewed
AuroraIA/application/python-services/_patches/mesh_render.py,MeshRender._cpu_rasterize,177,238,False,python,unreviewed
AuroraIA/application/python-services/_patches/mesh_render.py,MeshRender.raster_rasterize,240,259,True,python,unreviewed
AuroraIA/application/python-services/_patches/mesh_render.py,MeshRender.raster_interpolate,261,293,True,python,unreviewed
AuroraIA/application/python-services/_patches/mesh_render.py,MeshRender.raster_texture,295,301,True,python,unreviewed
AuroraIA/application/python-services/_patches/mesh_render.py,MeshRender.raster_antialias,303,309,True,python,unreviewed
AuroraIA/application/python-services/_patches/mesh_render.py,MeshRender.load_mesh,311,324,True,python,unreviewed
AuroraIA/application/python-services/_patches/mesh_render.py,MeshRender.save_mesh,326,329,True,python,unreviewed
AuroraIA/application/python-services/_patches/mesh_render.py,MeshRender.set_mesh,331,381,True,python,unreviewed
AuroraIA/application/python-services/_patches/mesh_render.py,MeshRender.set_texture,383,393,True,python,unreviewed
AuroraIA/application/python-services/_patches/mesh_render.py,MeshRender.set_default_render_resolution,395,398,True,python,unreviewed
AuroraIA/application/python-services/_patches/mesh_render.py,MeshRender.set_default_texture_resolution,400,403,True,python,unreviewed
AuroraIA/application/python-services/_patches/mesh_render.py,MeshRender.get_mesh,405,416,True,python,unreviewed
AuroraIA/application/python-services/_patches/mesh_render.py,MeshRender.get_texture,418,419,True,python,unreviewed
AuroraIA/application/python-services/_patches/mesh_render.py,MeshRender.to,421,427,True,python,unreviewed
AuroraIA/application/python-services/_patches/mesh_render.py,MeshRender.color_rgb_to_srgb,429,456,True,python,unreviewed
AuroraIA/application/python-services/_patches/mesh_render.py,MeshRender._render,458,495,False,python,unreviewed
AuroraIA/application/python-services/_patches/mesh_render.py,MeshRender.render,497,542,True,python,unreviewed
AuroraIA/application/python-services/_patches/mesh_render.py,MeshRender.render_normal,544,611,True,python,unreviewed
AuroraIA/application/python-services/_patches/mesh_render.py,MeshRender.convert_normal_map,613,630,True,python,unreviewed
AuroraIA/application/python-services/_patches/mesh_render.py,MeshRender.get_pos_from_mvp,632,643,True,python,unreviewed
AuroraIA/application/python-services/_patches/mesh_render.py,MeshRender.render_depth,645,684,True,python,unreviewed
AuroraIA/application/python-services/_patches/mesh_render.py,MeshRender.render_position,686,718,True,python,unreviewed
AuroraIA/application/python-services/_patches/mesh_render.py,MeshRender.render_uvpos,720,727,True,python,unreviewed
AuroraIA/application/python-services/_patches/mesh_render.py,MeshRender.uv_feature_map,729,742,True,python,unreviewed
AuroraIA/application/python-services/_patches/mesh_render.py,MeshRender.render_sketch_from_geometry,744,761,True,python,unreviewed
AuroraIA/application/python-services/_patches/mesh_render.py,MeshRender.render_sketch_from_depth,763,771,True,python,unreviewed
AuroraIA/application/python-services/_patches/mesh_render.py,MeshRender.back_project,773,877,True,python,unreviewed
AuroraIA/application/python-services/_patches/mesh_render.py,MeshRender.bake_texture,879,900,True,python,unreviewed
AuroraIA/application/python-services/_patches/mesh_render.py,MeshRender.fast_bake_texture,903,918,True,python,unreviewed
AuroraIA/application/python-services/_patches/mesh_render.py,MeshRender.uv_inpaint,920,943,True,python,unreviewed
AuroraIA/application/python-services/anim_frames_probe.py,probe_frames,50,67,True,python,unreviewed
AuroraIA/application/python-services/anim_frames_probe.py,main,70,79,True,python,unreviewed
AuroraIA/application/python-services/anim_metrics.py,_as_f,177,178,False,python,unreviewed
AuroraIA/application/python-services/anim_metrics.py,_bbox_diag,181,186,False,python,unreviewed
AuroraIA/application/python-services/anim_metrics.py,_char_length,189,195,False,python,unreviewed
AuroraIA/application/python-services/anim_metrics.py,_up_index,198,199,False,python,unreviewed
AuroraIA/application/python-services/anim_metrics.py,_kabsch_residual,202,220,False,python,unreviewed
AuroraIA/application/python-services/anim_metrics.py,_rot_axis_angle,223,236,False,python,unreviewed
AuroraIA/application/python-services/anim_metrics.py,_kabsch_R,239,246,False,python,unreviewed
AuroraIA/application/python-services/anim_metrics.py,_seg_seg_distance,249,275,False,python,unreviewed
AuroraIA/application/python-services/anim_metrics.py,_part_capsule,278,294,False,python,unreviewed
AuroraIA/application/python-services/anim_metrics.py,_pearson,297,303,False,python,unreviewed
AuroraIA/application/python-services/anim_metrics.py,_spearman,306,307,False,python,unreviewed
AuroraIA/application/python-services/anim_metrics.py,_rankdata,310,315,False,python,unreviewed
AuroraIA/application/python-services/anim_metrics.py,_periodicity_strength,318,334,False,python,unreviewed
AuroraIA/application/python-services/anim_metrics.py,_hf_power_ratio,337,350,False,python,unreviewed
AuroraIA/application/python-services/anim_metrics.py,_single_frame_dropouts,353,367,False,python,unreviewed
AuroraIA/application/python-services/anim_metrics.py,_angle,370,375,False,python,unreviewed
AuroraIA/application/python-services/anim_metrics.py,_mk,381,416,False,python,unreviewed
AuroraIA/application/python-services/anim_metrics.py,m_edge_stretch,422,442,True,python,unreviewed
AuroraIA/application/python-services/anim_metrics.py,m_motion_amplitude,448,497,True,python,unreviewed
AuroraIA/application/python-services/anim_metrics.py,_joint_track,503,505,False,python,unreviewed
AuroraIA/application/python-services/anim_metrics.py,_signal,508,510,False,python,unreviewed
AuroraIA/application/python-services/anim_metrics.py,m_foot_ground,513,546,True,python,unreviewed
AuroraIA/application/python-services/anim_metrics.py,m_heel_toe_roll,549,577,True,python,unreviewed
AuroraIA/application/python-services/anim_metrics.py,_sagittal_signal,580,590,False,python,unreviewed
AuroraIA/application/python-services/anim_metrics.py,m_contralateral_arm_swing,593,621,True,python,unreviewed
AuroraIA/application/python-services/anim_metrics.py,m_head_carriage,624,659,True,python,unreviewed
AuroraIA/application/python-services/anim_metrics.py,_part_penetration,662,696,False,python,unreviewed
AuroraIA/application/python-services/anim_metrics.py,m_self_intersection,699,700,True,python,unreviewed
AuroraIA/application/python-services/anim_metrics.py,m_hand_flexion,703,739,True,python,unreviewed
AuroraIA/application/python-services/anim_metrics.py,m_finger_spread,742,766,True,python,unreviewed
AuroraIA/application/python-services/anim_metrics.py,m_part_rigidity,772,800,True,python,unreviewed
AuroraIA/application/python-services/anim_metrics.py,m_plate_interpenetration,803,804,True,python,unreviewed
AuroraIA/application/python-services/anim_metrics.py,m_joint_coherence,807,846,True,python,unreviewed
AuroraIA/application/python-services/anim_metrics.py,m_floating_part_stability,852,896,True,python,unreviewed
AuroraIA/application/python-services/anim_metrics.py,m_screen_face_coherence,899,932,True,python,unreviewed
AuroraIA/application/python-services/anim_metrics.py,_longest_false_run,935,942,False,python,unreviewed
AuroraIA/application/python-services/anim_metrics.py,_emission_brightness,948,957,False,python,unreviewed
AuroraIA/application/python-services/anim_metrics.py,m_temporal_smoothness,960,973,True,python,unreviewed
AuroraIA/application/python-services/anim_metrics.py,m_pulsation_coherence,976,1007,True,python,unreviewed
AuroraIA/application/python-services/anim_metrics.py,m_flicker,1010,1023,True,python,unreviewed
AuroraIA/application/python-services/anim_metrics.py,m_emission_dynamic_range,1026,1038,True,python,unreviewed
AuroraIA/application/python-services/anim_metrics.py,family_for_intent,1058,1070,True,python,unreviewed
AuroraIA/application/python-services/anim_metrics.py,evaluate,1073,1114,True,python,unreviewed
AuroraIA/application/python-services/anim_metrics.py,sample_take_from_blender,1121,1279,True,python,unreviewed
AuroraIA/application/python-services/anim_metrics.py,sample_take_from_blender._concat_world_verts,1156,1167,False,python,unreviewed
AuroraIA/application/python-services/anim_metrics.py,render_report,1285,1302,True,python,unreviewed
AuroraIA/application/python-services/anim_metrics.py,_self_test,1305,1330,False,python,unreviewed
AuroraIA/application/python-services/anim_metrics.py,main,1333,1350,True,python,unreviewed
AuroraIA/application/python-services/anki_export.py,main,30,133,True,python,unreviewed
AuroraIA/application/python-services/atlas_dilate.py,_uv_valid_mask,27,67,False,python,unreviewed
AuroraIA/application/python-services/atlas_dilate.py,_uv_valid_mask._acc_array,34,42,False,python,unreviewed
AuroraIA/application/python-services/atlas_dilate.py,dilater,70,171,True,python,unreviewed
AuroraIA/application/python-services/attach_5finger_hands.py,build_hand,33,102,True,python,unreviewed
AuroraIA/application/python-services/attach_5finger_hands.py,build_hand.add_capsule,57,71,True,python,unreviewed
AuroraIA/application/python-services/aurora_3d_mcp.py,_read_gltf_json,70,88,False,python,unreviewed
AuroraIA/application/python-services/aurora_3d_mcp.py,_trimesh_load,91,97,False,python,unreviewed
AuroraIA/application/python-services/aurora_3d_mcp.py,t_inspect_geometry,105,164,True,python,unreviewed
AuroraIA/application/python-services/aurora_3d_mcp.py,_geometry_diagnostics,167,183,False,python,unreviewed
AuroraIA/application/python-services/aurora_3d_mcp.py,t_inspect_texture,186,279,True,python,unreviewed
AuroraIA/application/python-services/aurora_3d_mcp.py,_detect_pasted_image,282,312,False,python,unreviewed
AuroraIA/application/python-services/aurora_3d_mcp.py,t_inspect_anatomy,315,411,True,python,unreviewed
AuroraIA/application/python-services/aurora_3d_mcp.py,t_inspect_motion,414,489,True,python,unreviewed
AuroraIA/application/python-services/aurora_3d_mcp.py,t_inspect_components,492,556,True,python,unreviewed
AuroraIA/application/python-services/aurora_3d_mcp.py,t_inspect_squash,559,617,True,python,unreviewed
AuroraIA/application/python-services/aurora_3d_mcp.py,t_summarize_quality,620,680,True,python,unreviewed
AuroraIA/application/python-services/aurora_3d_mcp.py,_cabler_serveur,757,779,False,python,unreviewed
AuroraIA/application/python-services/aurora_3d_mcp.py,_cabler_serveur.list_tools,761,765,False,python,unreviewed
AuroraIA/application/python-services/aurora_3d_mcp.py,_cabler_serveur.call_tool,768,779,False,python,unreviewed
AuroraIA/application/python-services/aurora_3d_mcp.py,run,786,788,True,python,unreviewed
AuroraIA/application/python-services/aurora_3d_pipeline.py,enhance_flux_prompt,135,229,True,python,unreviewed
AuroraIA/application/python-services/aurora_3d_pipeline.py,_record_pipeline_dispatch,232,250,False,python,unreviewed
AuroraIA/application/python-services/aurora_3d_pipeline.py,_kind_to_intent_purpose,253,264,False,python,unreviewed
AuroraIA/application/python-services/aurora_3d_pipeline.py,trellis_python,267,285,True,python,unreviewed
AuroraIA/application/python-services/aurora_3d_pipeline.py,trellis_is_available,291,313,True,python,unreviewed
AuroraIA/application/python-services/aurora_3d_pipeline.py,_reexec_under_mem_scope,316,381,False,python,unreviewed
AuroraIA/application/python-services/aurora_3d_pipeline.py,_freeze_sentinel,384,577,False,python,unreviewed
AuroraIA/application/python-services/aurora_3d_pipeline.py,_freeze_sentinel._watch,400,575,False,python,unreviewed
AuroraIA/application/python-services/aurora_3d_pipeline.py,_interactive_confirm,580,663,False,python,unreviewed
AuroraIA/application/python-services/aurora_3d_pipeline.py,_free_gpu_before_shape,666,727,False,python,unreviewed
AuroraIA/application/python-services/aurora_3d_pipeline.py,_ollama_reachable,730,736,False,python,unreviewed
AuroraIA/application/python-services/aurora_3d_pipeline.py,run_motion_bake,739,1557,True,python,unreviewed
AuroraIA/application/python-services/aurora_3d_pipeline.py,run_motion_bake._sim_fluide,1196,1237,False,python,unreviewed
AuroraIA/application/python-services/aurora_3d_pipeline.py,run_motion_bake._animer_acteurs_secondaires,1239,1369,False,python,unreviewed
AuroraIA/application/python-services/aurora_3d_pipeline.py,run_final_acceptance,1560,1601,True,python,unreviewed
AuroraIA/application/python-services/aurora_3d_pipeline.py,_run_vlm_critic,1604,1631,False,python,unreviewed
AuroraIA/application/python-services/aurora_3d_pipeline.py,_acceptance_failure_summary,1634,1641,False,python,unreviewed
AuroraIA/application/python-services/aurora_3d_pipeline.py,_should_try_historical_person_fallback,1650,1671,False,python,unreviewed
AuroraIA/application/python-services/aurora_3d_pipeline.py,_run_historical_person_fallback,1674,1725,False,python,unreviewed
AuroraIA/application/python-services/aurora_3d_pipeline.py,extract_template_params,1728,2058,True,python,unreviewed
AuroraIA/application/python-services/aurora_3d_pipeline.py,run_procedural_dispatch,2061,2105,True,python,unreviewed
AuroraIA/application/python-services/aurora_3d_pipeline.py,run_photogrammetry_dispatch,2108,2174,True,python,unreviewed
AuroraIA/application/python-services/aurora_3d_pipeline.py,_stage_reference_image,2177,2242,False,python,unreviewed
AuroraIA/application/python-services/aurora_3d_pipeline.py,_should_research_reference,2262,2275,False,python,unreviewed
AuroraIA/application/python-services/aurora_3d_pipeline.py,_derived_view_defects,2278,2345,False,python,unreviewed
AuroraIA/application/python-services/aurora_3d_pipeline.py,_derived_view_defects._read,2294,2307,False,python,unreviewed
AuroraIA/application/python-services/aurora_3d_pipeline.py,_clean_product_photo,2348,2394,False,python,unreviewed
AuroraIA/application/python-services/aurora_3d_pipeline.py,_character_visual_desc,2397,2438,False,python,unreviewed
AuroraIA/application/python-services/aurora_3d_pipeline.py,_reference_photo_ok,2441,2500,False,python,unreviewed
AuroraIA/application/python-services/aurora_3d_pipeline.py,_research_additional_view,2503,2576,False,python,unreviewed
AuroraIA/application/python-services/aurora_3d_pipeline.py,_same_product,2579,2643,False,python,unreviewed
AuroraIA/application/python-services/aurora_3d_pipeline.py,_research_real_reference,2646,2854,False,python,unreviewed
AuroraIA/application/python-services/aurora_3d_pipeline.py,_research_real_reference._fetch_cands,2717,2721,False,python,unreviewed
AuroraIA/application/python-services/aurora_3d_pipeline.py,_research_real_reference._area,2745,2749,False,python,unreviewed
AuroraIA/application/python-services/aurora_3d_pipeline.py,_emission_demandee,2857,2913,False,python,unreviewed
AuroraIA/application/python-services/aurora_3d_pipeline.py,run_pipeline,2916,6004,True,python,unreviewed
AuroraIA/application/python-services/aurora_3d_pipeline.py,run_pipeline._Tee.__init__,2985,2986,False,python,unreviewed
AuroraIA/application/python-services/aurora_3d_pipeline.py,run_pipeline._Tee.write,2988,2994,False,python,unreviewed
AuroraIA/application/python-services/aurora_3d_pipeline.py,run_pipeline._Tee.flush,2996,3001,False,python,unreviewed
AuroraIA/application/python-services/aurora_3d_pipeline.py,run_pipeline.extract_json,3484,3497,True,python,unreviewed
AuroraIA/application/python-services/aurora_3d_pipeline.py,run_pipeline._ph,3510,3513,False,python,unreviewed
AuroraIA/application/python-services/aurora_3d_pipeline.py,run_pipeline._native_ok,3979,3987,False,python,unreviewed
AuroraIA/application/python-services/aurora_3d_pipeline.py,run_pipeline._run_hunyuan3d_engine,4103,4124,False,python,unreviewed
AuroraIA/application/python-services/aurora_3d_pipeline.py,run_pipeline._meme_sujet,4430,4452,False,python,unreviewed
AuroraIA/application/python-services/aurora_3d_pipeline.py,dry_run_prompt_preview,6007,6046,True,python,unreviewed
AuroraIA/application/python-services/aurora_3d_pipeline.py,render_pretty,6049,6089,True,python,unreviewed
AuroraIA/application/python-services/aurora_3d_pipeline.py,main,6092,6258,True,python,unreviewed
AuroraIA/application/python-services/aurora_3d_viewer.py,render,524,564,True,python,unreviewed
AuroraIA/application/python-services/aurora_3d_viewer.py,main,567,595,True,python,unreviewed
AuroraIA/application/python-services/aurora_cleanup_outputs.py,is_prunable,50,53,True,python,unreviewed
AuroraIA/application/python-services/aurora_cleanup_outputs.py,scan,56,82,True,python,unreviewed
AuroraIA/application/python-services/aurora_cleanup_outputs.py,apply_prune,85,101,True,python,unreviewed
AuroraIA/application/python-services/aurora_cleanup_outputs.py,render_pretty,104,123,True,python,unreviewed
AuroraIA/application/python-services/aurora_cleanup_outputs.py,main,126,150,True,python,unreviewed
AuroraIA/application/python-services/aurora_code/aurora_code_enrich.py,detect_project_type,113,118,True,python,unreviewed
AuroraIA/application/python-services/aurora_code/aurora_code_enrich.py,enrich,121,165,True,python,unreviewed
AuroraIA/application/python-services/aurora_code/aurora_code_enrich.py,main,168,174,True,python,unreviewed
AuroraIA/application/python-services/aurora_code/aurora_code_loop.py,process_scene,47,349,True,python,unreviewed
AuroraIA/application/python-services/aurora_code/aurora_code_loop.py,run_queue,352,358,True,python,unreviewed
AuroraIA/application/python-services/aurora_code/aurora_code_loop.py,main,361,363,True,python,unreviewed
AuroraIA/application/python-services/aurora_code/aurora_code_remote.py,Target.ssh_args,68,75,True,python,unreviewed
AuroraIA/application/python-services/aurora_code/aurora_code_remote.py,Target.remote,77,78,True,python,unreviewed
AuroraIA/application/python-services/aurora_code/aurora_code_remote.py,load_targets,81,89,True,python,unreviewed
AuroraIA/application/python-services/aurora_code/aurora_code_remote.py,save_targets,92,106,True,python,unreviewed
AuroraIA/application/python-services/aurora_code/aurora_code_remote.py,ssh_run,113,124,True,python,unreviewed
AuroraIA/application/python-services/aurora_code/aurora_code_remote.py,scp_push,127,142,True,python,unreviewed
AuroraIA/application/python-services/aurora_code/aurora_code_remote.py,scp_pull,145,160,True,python,unreviewed
AuroraIA/application/python-services/aurora_code/aurora_code_remote.py,deploy,167,175,True,python,unreviewed
AuroraIA/application/python-services/aurora_code/aurora_code_remote.py,remote_validate_static_web,178,195,True,python,unreviewed
AuroraIA/application/python-services/aurora_code/aurora_code_remote.py,remote_validate_python,198,202,True,python,unreviewed
AuroraIA/application/python-services/aurora_code/aurora_code_remote.py,remote_validate_node,205,236,True,python,unreviewed
AuroraIA/application/python-services/aurora_code/aurora_code_remote.py,connectivity,243,249,True,python,unreviewed
AuroraIA/application/python-services/aurora_code/aurora_code_remote.py,enrich_for_target,252,264,True,python,unreviewed
AuroraIA/application/python-services/aurora_code/aurora_code_remote.py,main,271,318,True,python,unreviewed
AuroraIA/application/python-services/aurora_code/aurora_code_validators.py,_free_port,21,26,False,python,unreviewed
AuroraIA/application/python-services/aurora_code/aurora_code_validators.py,_run,29,47,False,python,unreviewed
AuroraIA/application/python-services/aurora_code/aurora_code_validators.py,_is_windows,50,51,False,python,unreviewed
AuroraIA/application/python-services/aurora_code/aurora_code_validators.py,validate_static_web,60,108,True,python,unreviewed
AuroraIA/application/python-services/aurora_code/aurora_code_validators.py,validate_react_vite,116,162,True,python,unreviewed
AuroraIA/application/python-services/aurora_code/aurora_code_validators.py,validate_python_cli,170,189,True,python,unreviewed
AuroraIA/application/python-services/aurora_code/aurora_code_validators.py,validate_node_express,196,254,True,python,unreviewed
AuroraIA/application/python-services/aurora_code/aurora_code_validators.py,validate_native,262,289,True,python,unreviewed
AuroraIA/application/python-services/aurora_code/aurora_code_validators.py,validate,296,306,True,python,unreviewed
AuroraIA/application/python-services/aurora_code/aurora_code_validators.py,complexity_check,345,360,True,python,unreviewed
AuroraIA/application/python-services/aurora_code/bridge_agentic_stream.py,EventEmitter.__init__,23,26,False,python,unreviewed
AuroraIA/application/python-services/aurora_code/bridge_agentic_stream.py,EventEmitter.emit,28,37,True,python,unreviewed
AuroraIA/application/python-services/aurora_code/bridge_agentic_stream.py,_post_chat,40,64,False,python,unreviewed
AuroraIA/application/python-services/aurora_code/bridge_agentic_stream.py,_first_json_object,67,107,False,python,unreviewed
AuroraIA/application/python-services/aurora_code/bridge_agentic_stream.py,_safe_path,110,119,False,python,unreviewed
AuroraIA/application/python-services/aurora_code/bridge_agentic_stream.py,normalize_plan,122,167,True,python,unreviewed
AuroraIA/application/python-services/aurora_code/bridge_agentic_stream.py,_planning_messages,170,197,False,python,unreviewed
AuroraIA/application/python-services/aurora_code/bridge_agentic_stream.py,build_plan,200,215,True,python,unreviewed
AuroraIA/application/python-services/aurora_code/bridge_agentic_stream.py,_language,218,224,False,python,unreviewed
AuroraIA/application/python-services/aurora_code/bridge_agentic_stream.py,_file_messages,227,246,False,python,unreviewed
AuroraIA/application/python-services/aurora_code/bridge_agentic_stream.py,_generate_file,249,271,False,python,unreviewed
AuroraIA/application/python-services/aurora_code/bridge_agentic_stream.py,_balanced,274,294,False,python,unreviewed
AuroraIA/application/python-services/aurora_code/bridge_agentic_stream.py,validate_files,297,312,True,python,unreviewed
AuroraIA/application/python-services/aurora_code/bridge_agentic_stream.py,run_agentic_stream,315,377,True,python,unreviewed
AuroraIA/application/python-services/aurora_code/bridge_agentic_stream.py,main,380,390,True,python,unreviewed
AuroraIA/application/python-services/aurora_code/bridge_agentic_stream.py,main.print_event,387,388,True,python,unreviewed
AuroraIA/application/python-services/aurora_code/code_apk_package.py,_run,74,77,False,python,unreviewed
AuroraIA/application/python-services/aurora_code/code_apk_package.py,_android_env,80,91,False,python,unreviewed
AuroraIA/application/python-services/aurora_code/code_apk_package.py,package_web_apk,94,197,True,python,unreviewed
AuroraIA/application/python-services/aurora_code/code_loop_cli.py,run_queue,18,56,True,python,unreviewed
AuroraIA/application/python-services/aurora_code/code_loop_cli.py,main,59,102,True,python,unreviewed
AuroraIA/application/python-services/aurora_code/code_loop_files.py,get_code_project_dir,18,21,True,python,unreviewed
AuroraIA/application/python-services/aurora_code/code_loop_files.py,_guess_filename,25,52,False,python,unreviewed
AuroraIA/application/python-services/aurora_code/code_loop_files.py,extract_files,55,84,True,python,unreviewed
AuroraIA/application/python-services/aurora_code/code_loop_files.py,write_project,87,98,True,python,unreviewed
AuroraIA/application/python-services/aurora_code/code_loop_files.py,syntax_check_files,101,126,True,python,unreviewed
AuroraIA/application/python-services/aurora_code/code_loop_files.py,slugify,129,130,True,python,unreviewed
AuroraIA/application/python-services/aurora_code/code_loop_files.py,make_pack_dir,133,137,True,python,unreviewed
AuroraIA/application/python-services/aurora_code/code_loop_runtime.py,Halo.__init__,31,33,False,python,unreviewed
AuroraIA/application/python-services/aurora_code/code_loop_runtime.py,Halo.tick,35,44,True,python,unreviewed
AuroraIA/application/python-services/aurora_code/code_loop_runtime.py,Halo.done,46,48,True,python,unreviewed
AuroraIA/application/python-services/aurora_code/code_loop_runtime.py,ollama_chat,54,105,True,python,unreviewed
AuroraIA/application/python-services/aurora_code/code_loop_runtime.py,ollama_vision_chat,108,131,True,python,unreviewed
AuroraIA/application/python-services/aurora_code/code_loop_runtime.py,free_port,134,137,True,python,unreviewed
AuroraIA/application/python-services/aurora_code/code_loop_runtime.py,serve_static,140,146,True,python,unreviewed
AuroraIA/application/python-services/aurora_code/code_loop_runtime.py,cdp_screenshot,149,178,True,python,unreviewed
AuroraIA/application/python-services/aurora_code/code_loop_runtime.py,score_preview_vision,181,194,True,python,unreviewed
AuroraIA/application/python-services/aurora_code/code_loop_state.py,load_state,10,13,True,python,unreviewed
AuroraIA/application/python-services/aurora_code/code_loop_state.py,save_state,16,17,True,python,unreviewed
AuroraIA/application/python-services/aurora_code/execution_android.py,android_guest_url,30,37,True,python,unreviewed
AuroraIA/application/python-services/aurora_code/execution_android.py,_version_key,40,44,False,python,unreviewed
AuroraIA/application/python-services/aurora_code/execution_android.py,_android_env,47,63,False,python,unreviewed
AuroraIA/application/python-services/aurora_code/execution_android.py,_find_avdmanager,66,68,False,python,unreviewed
AuroraIA/application/python-services/aurora_code/execution_android.py,_ensure_avd,71,92,False,python,unreviewed
AuroraIA/application/python-services/aurora_code/execution_android.py,_build_apk,95,154,False,python,unreviewed
AuroraIA/application/python-services/aurora_code/execution_android.py,_free_emulator_port,157,163,False,python,unreviewed
AuroraIA/application/python-services/aurora_code/execution_android.py,_adb,166,167,False,python,unreviewed
AuroraIA/application/python-services/aurora_code/execution_android.py,_tap_target,170,182,False,python,unreviewed
AuroraIA/application/python-services/aurora_code/execution_android.py,_package_resumed,185,189,False,python,unreviewed
AuroraIA/application/python-services/aurora_code/execution_android.py,run_android_stage,192,336,True,python,unreviewed
AuroraIA/application/python-services/aurora_code/execution_android.py,run_android_stages,339,340,True,python,unreviewed
AuroraIA/application/python-services/aurora_code/execution_embedded.py,_write_rust_project,140,151,False,python,unreviewed
AuroraIA/application/python-services/aurora_code/execution_embedded.py,_build_rust,154,164,False,python,unreviewed
AuroraIA/application/python-services/aurora_code/execution_embedded.py,_elf32_to_raw,167,186,False,python,unreviewed
AuroraIA/application/python-services/aurora_code/execution_embedded.py,run_renode_stage,189,236,True,python,unreviewed
AuroraIA/application/python-services/aurora_code/execution_embedded.py,run_qemu_raspberry_stage,239,274,True,python,unreviewed
AuroraIA/application/python-services/aurora_code/execution_embedded.py,run_qemu_os_stage,277,319,True,python,unreviewed
AuroraIA/application/python-services/aurora_code/execution_lab.py,_which,30,35,False,python,unreviewed
AuroraIA/application/python-services/aurora_code/execution_lab.py,_parse_json,38,43,False,python,unreviewed
AuroraIA/application/python-services/aurora_code/execution_lab.py,_run_chromium_profiles,46,70,False,python,unreviewed
AuroraIA/application/python-services/aurora_code/execution_lab.py,_run_firefox_smoke,73,136,False,python,unreviewed
AuroraIA/application/python-services/aurora_code/execution_lab.py,_run_playwright_matrix,139,171,False,python,unreviewed
AuroraIA/application/python-services/aurora_code/execution_lab.py,_availability_stage,174,200,False,python,unreviewed
AuroraIA/application/python-services/aurora_code/execution_lab.py,_environment_stages,203,256,False,python,unreviewed
AuroraIA/application/python-services/aurora_code/execution_lab.py,run_lab,259,274,True,python,unreviewed
AuroraIA/application/python-services/aurora_code/execution_lab.py,main,277,283,True,python,unreviewed
AuroraIA/application/python-services/aurora_code/execution_tooling.py,find_tool,20,32,True,python,unreviewed
AuroraIA/application/python-services/aurora_code/execution_tooling.py,android_sdk_root,35,47,True,python,unreviewed
AuroraIA/application/python-services/aurora_code/execution_tooling.py,unavailable,50,58,True,python,unreviewed
AuroraIA/application/python-services/aurora_code/execution_tooling.py,run_command,61,78,True,python,unreviewed
AuroraIA/application/python-services/aurora_code/execution_tooling.py,tail,81,82,True,python,unreviewed
AuroraIA/application/python-services/aurora_code/execution_tooling.py,terminate_owned,85,100,True,python,unreviewed
AuroraIA/application/python-services/aurora_code/execution_tooling.py,run_until_marker,103,140,True,python,unreviewed
AuroraIA/application/python-services/aurora_code/intermodule_3d_quality.py,_heavy_3d_process_running,38,53,False,python,unreviewed
AuroraIA/application/python-services/aurora_code/intermodule_3d_quality.py,_score_mesh,62,78,False,python,unreviewed
AuroraIA/application/python-services/aurora_code/intermodule_3d_quality.py,_find_reference_image,81,86,False,python,unreviewed
AuroraIA/application/python-services/aurora_code/intermodule_3d_quality.py,_rescue_mesh,89,110,False,python,unreviewed
AuroraIA/application/python-services/aurora_code/intermodule_3d_quality.py,_run_pipeline_once,113,139,False,python,unreviewed
AuroraIA/application/python-services/aurora_code/intermodule_3d_quality.py,_cleanup_commissioned_runs,142,156,False,python,unreviewed
AuroraIA/application/python-services/aurora_code/intermodule_3d_quality.py,generate_quality_3d_asset,159,288,True,python,unreviewed
AuroraIA/application/python-services/aurora_code/intermodule_asset_reuse.py,_slug,12,13,False,python,unreviewed
AuroraIA/application/python-services/aurora_code/intermodule_asset_reuse.py,_inside,16,21,False,python,unreviewed
AuroraIA/application/python-services/aurora_code/intermodule_asset_reuse.py,_copy_entry,24,44,False,python,unreviewed
AuroraIA/application/python-services/aurora_code/intermodule_asset_reuse.py,reuse_asset_from_bundle,47,86,True,python,unreviewed
AuroraIA/application/python-services/aurora_code/intermodule_asset_reuse.py,reuse_or_generate,89,103,True,python,unreviewed
AuroraIA/application/python-services/aurora_code/intermodule_asset_reuse.py,requested_asset_kinds,106,110,True,python,unreviewed
AuroraIA/application/python-services/aurora_code/intermodule_assets.py,workspace_root,30,31,True,python,unreviewed
AuroraIA/application/python-services/aurora_code/intermodule_assets.py,slug,34,36,True,python,unreviewed
AuroraIA/application/python-services/aurora_code/intermodule_assets.py,post_json,39,47,True,python,unreviewed
AuroraIA/application/python-services/aurora_code/intermodule_assets.py,get_json,50,53,True,python,unreviewed
AuroraIA/application/python-services/aurora_code/intermodule_assets.py,get_bytes,56,60,True,python,unreviewed
AuroraIA/application/python-services/aurora_code/intermodule_assets.py,data_url_to_bytes,63,67,True,python,unreviewed
AuroraIA/application/python-services/aurora_code/intermodule_assets.py,write_json,70,72,True,python,unreviewed
AuroraIA/application/python-services/aurora_code/intermodule_assets.py,_project_path,75,76,False,python,unreviewed
AuroraIA/application/python-services/aurora_code/intermodule_assets.py,_storage_path,79,80,False,python,unreviewed
AuroraIA/application/python-services/aurora_code/intermodule_assets.py,_preview_url,83,85,False,python,unreviewed
AuroraIA/application/python-services/aurora_code/intermodule_assets.py,optimize_image,88,118,True,python,unreviewed
AuroraIA/application/python-services/aurora_code/intermodule_assets.py,build_flux_workflow,121,139,True,python,unreviewed
AuroraIA/application/python-services/aurora_code/intermodule_assets.py,generate_comfy_image,142,170,True,python,unreviewed
AuroraIA/application/python-services/aurora_code/intermodule_assets.py,generate_image_asset,173,212,True,python,unreviewed
AuroraIA/application/python-services/aurora_code/intermodule_assets.py,latest_existing_glb,215,220,True,python,unreviewed
AuroraIA/application/python-services/aurora_code/intermodule_assets.py,generate_3d_asset,223,244,True,python,unreviewed
AuroraIA/application/python-services/aurora_code/intermodule_assets.py,generate_voice_asset,247,280,True,python,unreviewed
AuroraIA/application/python-services/aurora_code/intermodule_assets.py,build_bundle,283,341,True,python,unreviewed
AuroraIA/application/python-services/aurora_code/intermodule_assets.py,main,344,348,True,python,unreviewed
AuroraIA/application/python-services/aurora_code/intermodule_rag.py,post_json,21,29,True,python,unreviewed
AuroraIA/application/python-services/aurora_code/intermodule_rag.py,result_rows,32,37,True,python,unreviewed
AuroraIA/application/python-services/aurora_code/intermodule_rag.py,extracted_text,40,56,True,python,unreviewed
AuroraIA/application/python-services/aurora_code/intermodule_rag.py,fetch_page_text,59,79,True,python,unreviewed
AuroraIA/application/python-services/aurora_code/intermodule_rag.py,hashed_embedding,82,88,True,python,unreviewed
AuroraIA/application/python-services/aurora_code/intermodule_rag.py,embed_texts,91,103,True,python,unreviewed
AuroraIA/application/python-services/aurora_code/intermodule_rag.py,cosine,106,114,True,python,unreviewed
AuroraIA/application/python-services/aurora_code/intermodule_rag.py,build_rag_trace,117,192,True,python,unreviewed
AuroraIA/application/python-services/aurora_code/model_ab_coder.py,swap_gb,14,20,True,python,unreviewed
AuroraIA/application/python-services/aurora_code/model_ab_coder.py,unload,22,29,True,python,unreviewed
AuroraIA/application/python-services/aurora_code/model_ab_coder.py,chat,31,60,True,python,unreviewed
AuroraIA/application/python-services/aurora_code/model_ab_coder.py,judge,69,88,True,python,unreviewed
AuroraIA/application/python-services/aurora_code/model_ab_complex.py,swap_used_gb,14,20,True,python,unreviewed
AuroraIA/application/python-services/aurora_code/model_ab_complex.py,unload,22,28,True,python,unreviewed
AuroraIA/application/python-services/aurora_code/model_ab_complex.py,loaded_models,30,35,True,python,unreviewed
AuroraIA/application/python-services/aurora_code/model_ab_complex.py,unload_all_heavy,37,43,True,python,unreviewed
AuroraIA/application/python-services/aurora_code/model_ab_complex.py,chat,45,55,True,python,unreviewed
AuroraIA/application/python-services/aurora_code/model_ab_complex.py,judge_plan,73,83,True,python,unreviewed
AuroraIA/application/python-services/aurora_code/model_ab_complex.py,judge_bug,85,89,True,python,unreviewed
AuroraIA/application/python-services/aurora_code/model_ab_test.py,chat,14,28,True,python,unreviewed
AuroraIA/application/python-services/aurora_code/model_ab_test.py,judge_plan,46,53,True,python,unreviewed
AuroraIA/application/python-services/aurora_code/model_ab_test.py,judge_actions,55,63,True,python,unreviewed
AuroraIA/application/python-services/aurora_code/model_ab_test.py,judge_verify,65,70,True,python,unreviewed
AuroraIA/application/python-services/aurora_code/model_bench_hard.py,swap_gb,14,20,True,python,unreviewed
AuroraIA/application/python-services/aurora_code/model_bench_hard.py,unload,22,29,True,python,unreviewed
AuroraIA/application/python-services/aurora_code/model_bench_hard.py,chat,31,54,True,python,unreviewed
AuroraIA/application/python-services/aurora_code/model_bench_hard.py,extract_code,56,61,True,python,unreviewed
AuroraIA/application/python-services/aurora_code/model_bench_hard.py,run_task,63,77,True,python,unreviewed
AuroraIA/application/python-services/aurora_code/model_bench_hard.py,make_runner,80,93,True,python,unreviewed
AuroraIA/application/python-services/aurora_code/model_bench_hard.py,main,138,173,True,python,unreviewed
AuroraIA/application/python-services/aurora_code/test_bridge_agentic_stream.py,plan,12,23,True,python,unreviewed
AuroraIA/application/python-services/aurora_code/test_bridge_agentic_stream.py,BridgeAgenticStreamTests.test_rejects_traversal_and_invalid_schema,27,32,True,python,unreviewed
AuroraIA/application/python-services/aurora_code/test_bridge_agentic_stream.py,BridgeAgenticStreamTests.test_runs_a_real_file_by_file_contract,34,59,True,python,unreviewed
AuroraIA/application/python-services/aurora_code/test_bridge_agentic_stream.py,BridgeAgenticStreamTests.test_runs_a_real_file_by_file_contract.fake_chat,38,45,True,python,unreviewed
AuroraIA/application/python-services/aurora_code/test_code_loop_files.py,CodeLoopFilesTests.test_extracts_structured_and_inferred_files,14,19,True,python,unreviewed
AuroraIA/application/python-services/aurora_code/test_code_loop_files.py,CodeLoopFilesTests.test_writes_nested_tree_and_reports_python_syntax,21,28,True,python,unreviewed
AuroraIA/application/python-services/aurora_code/test_code_loop_files.py,CodeLoopFilesTests.test_output_root_is_derived_from_application,30,31,True,python,unreviewed
AuroraIA/application/python-services/aurora_code/test_intermodule_assets.py,InterModuleAssetsTests.test_flux_workflow_uses_installed_flux2_nodes,23,27,True,python,unreviewed
AuroraIA/application/python-services/aurora_code/test_intermodule_assets.py,InterModuleAssetsTests.test_optimizer_writes_avif_webp_and_responsive_urls,29,42,True,python,unreviewed
AuroraIA/application/python-services/aurora_code/test_intermodule_assets.py,InterModuleAssetsTests.test_3d_reuse_after_fresh_failure_is_flagged_stale,44,65,True,python,unreviewed
AuroraIA/application/python-services/aurora_code/test_intermodule_assets.py,InterModuleAssetsTests.test_3d_quality_loop_requests_max_quality_rescues_and_cleans_up,67,123,True,python,unreviewed
AuroraIA/application/python-services/aurora_code/test_intermodule_assets.py,InterModuleAssetsTests.test_3d_quality_loop_requests_max_quality_rescues_and_cleans_up.fake_post,81,102,True,python,unreviewed
AuroraIA/application/python-services/aurora_code/test_intermodule_assets.py,InterModuleAssetsTests.test_bundle_requires_every_requested_asset,125,149,True,python,unreviewed
AuroraIA/application/python-services/aurora_code/test_intermodule_assets.py,InterModuleAssetsTests.test_reuses_validated_asset_and_rewrites_every_bundle_path,151,181,True,python,unreviewed
AuroraIA/application/python-services/aurora_code/test_intermodule_assets.py,InterModuleAssetsTests.test_reuse_rejects_a_file_outside_its_source_bundle,183,199,True,python,unreviewed
AuroraIA/application/python-services/aurora_code/test_intermodule_assets.py,InterModuleAssetsTests.test_requested_asset_kinds_deduplicates_and_filters,201,206,True,python,unreviewed
AuroraIA/application/python-services/aurora_code/test_intermodule_assets.py,InterModuleRagTests.test_extracts_rows_and_nested_page_text,210,214,True,python,unreviewed
AuroraIA/application/python-services/aurora_code/test_intermodule_assets.py,InterModuleRagTests.test_hash_fallback_is_normalized_and_semantic_ranking_is_stable,216,221,True,python,unreviewed
AuroraIA/application/python-services/aurora_code/test_intermodule_assets.py,InterModuleRagTests.test_direct_fetch_normalizes_unicode_urls,223,231,True,python,unreviewed
AuroraIA/application/python-services/aurora_code/test_simulation_environments.py,fake_elf32,15,21,True,python,unreviewed
AuroraIA/application/python-services/aurora_code/test_simulation_environments.py,SimulationEnvironmentTests.test_android_loopback_is_mapped_to_emulator_host,25,30,True,python,unreviewed
AuroraIA/application/python-services/aurora_code/test_simulation_environments.py,SimulationEnvironmentTests.test_android_matrix_contains_real_phone_and_tablet_profiles,32,34,True,python,unreviewed
AuroraIA/application/python-services/aurora_code/test_simulation_environments.py,SimulationEnvironmentTests.test_android_user_action_uses_accessibility_bounds,36,39,True,python,unreviewed
AuroraIA/application/python-services/aurora_code/test_simulation_environments.py,SimulationEnvironmentTests.test_android_foreground_activity_must_be_the_probe_package,41,45,True,python,unreviewed
AuroraIA/application/python-services/aurora_code/test_simulation_environments.py,SimulationEnvironmentTests.test_elf_load_segment_is_converted_to_raw_firmware,47,53,True,python,unreviewed
AuroraIA/application/python-services/aurora_code/test_simulation_environments.py,SimulationEnvironmentTests.test_unavailable_stage_never_claims_real_execution,55,58,True,python,unreviewed
AuroraIA/application/python-services/aurora_code/test_simulation_environments.py,SimulationEnvironmentTests.test_environment_matrix_executes_each_external_runner,60,76,True,python,unreviewed
AuroraIA/application/python-services/aurora_code/test_simulation_environments.py,SimulationEnvironmentTests.test_renode_stops_as_soon_as_the_real_marker_is_observed,78,90,True,python,unreviewed
AuroraIA/application/python-services/aurora_code/tooling_eval.py,workspace_root,31,32,True,python,unreviewed
AuroraIA/application/python-services/aurora_code/tooling_eval.py,default_venv_root,35,39,True,python,unreviewed
AuroraIA/application/python-services/aurora_code/tooling_eval.py,app_venv_path,42,43,True,python,unreviewed
AuroraIA/application/python-services/aurora_code/tooling_eval.py,tail,46,47,True,python,unreviewed
AuroraIA/application/python-services/aurora_code/tooling_eval.py,slug,50,53,True,python,unreviewed
AuroraIA/application/python-services/aurora_code/tooling_eval.py,run,56,83,True,python,unreviewed
AuroraIA/application/python-services/aurora_code/tooling_eval.py,venv_python,86,87,True,python,unreviewed
AuroraIA/application/python-services/aurora_code/tooling_eval.py,naive_slugify,90,92,True,python,unreviewed
AuroraIA/application/python-services/aurora_code/tooling_eval.py,score,95,98,True,python,unreviewed
AuroraIA/application/python-services/aurora_code/tooling_eval.py,fixture_for,101,104,True,python,unreviewed
AuroraIA/application/python-services/aurora_code/tooling_eval.py,run_slugify_tool,107,111,True,python,unreviewed
AuroraIA/application/python-services/aurora_code/tooling_eval.py,blocked_report,114,128,True,python,unreviewed
AuroraIA/application/python-services/aurora_code/tooling_eval.py,evaluate_candidate,131,216,True,python,unreviewed
AuroraIA/application/python-services/aurora_code/tooling_eval.py,build_report,219,230,True,python,unreviewed
AuroraIA/application/python-services/aurora_code/tooling_eval.py,proof_candidates,233,253,True,python,unreviewed
AuroraIA/application/python-services/aurora_code/tooling_eval.py,main,256,274,True,python,unreviewed
AuroraIA/application/python-services/aurora_code/visual_render_audit.py,_luminance,23,29,False,python,unreviewed
AuroraIA/application/python-services/aurora_code/visual_render_audit.py,_luminance.channel,24,26,False,python,unreviewed
AuroraIA/application/python-services/aurora_code/visual_render_audit.py,_contrast,32,35,False,python,unreviewed
AuroraIA/application/python-services/aurora_code/visual_render_audit.py,_percentile,38,42,False,python,unreviewed
AuroraIA/application/python-services/aurora_code/visual_render_audit.py,_pixel_contrast_samples,45,90,False,python,unreviewed
AuroraIA/application/python-services/aurora_code/visual_render_audit.py,run_audit,93,126,True,python,unreviewed
AuroraIA/application/python-services/aurora_code/visual_render_audit.py,main,129,137,True,python,unreviewed
AuroraIA/application/python-services/aurora_hunyuan/aurora_animate.py,_parse_args,29,37,False,python,unreviewed
AuroraIA/application/python-services/aurora_hunyuan/aurora_animate.py,reset_scene,40,41,True,python,unreviewed
AuroraIA/application/python-services/aurora_hunyuan/aurora_animate.py,import_glb,44,61,True,python,unreviewed
AuroraIA/application/python-services/aurora_hunyuan/aurora_animate.py,normalize_to_unit,64,80,True,python,unreviewed
AuroraIA/application/python-services/aurora_hunyuan/aurora_animate.py,setup_world,112,143,True,python,unreviewed
AuroraIA/application/python-services/aurora_hunyuan/aurora_animate.py,setup_lights,154,188,True,python,unreviewed
AuroraIA/application/python-services/aurora_hunyuan/aurora_animate.py,setup_camera,191,203,True,python,unreviewed
AuroraIA/application/python-services/aurora_hunyuan/aurora_animate.py,configure_render,206,231,True,python,unreviewed
AuroraIA/application/python-services/aurora_hunyuan/aurora_animate.py,render_to,234,236,True,python,unreviewed
AuroraIA/application/python-services/aurora_hunyuan/aurora_animate.py,add_keyframe_rotate_y,239,249,True,python,unreviewed
AuroraIA/application/python-services/aurora_hunyuan/aurora_animate.py,add_keyframe_hover,252,263,True,python,unreviewed
AuroraIA/application/python-services/aurora_hunyuan/aurora_animate.py,add_keyframe_shake,266,275,True,python,unreviewed
AuroraIA/application/python-services/aurora_hunyuan/aurora_animate.py,find_or_make_emission,278,294,True,python,unreviewed
AuroraIA/application/python-services/aurora_hunyuan/aurora_animate.py,animate_emission_pulse,297,307,True,python,unreviewed
AuroraIA/application/python-services/aurora_hunyuan/aurora_animate.py,make_particle_emitter,310,365,True,python,unreviewed
AuroraIA/application/python-services/aurora_hunyuan/aurora_animate.py,add_volumetric_gas_domain,368,391,True,python,unreviewed
AuroraIA/application/python-services/aurora_hunyuan/aurora_animate.py,add_camera_orbit,395,409,True,python,unreviewed
AuroraIA/application/python-services/aurora_hunyuan/aurora_animate.py,rig_and_walk,412,511,True,python,unreviewed
AuroraIA/application/python-services/aurora_hunyuan/aurora_animate.py,rig_and_walk.kf,477,481,True,python,unreviewed
AuroraIA/application/python-services/aurora_hunyuan/aurora_animate.py,render_scene,514,641,True,python,unreviewed
AuroraIA/application/python-services/aurora_hunyuan/aurora_animate.py,main,644,655,True,python,unreviewed
AuroraIA/application/python-services/aurora_hunyuan/aurora_architect.py,design_scene,14,65,True,python,unreviewed
AuroraIA/application/python-services/aurora_hunyuan/aurora_classify.py,_default_params,88,105,False,python,unreviewed
AuroraIA/application/python-services/aurora_hunyuan/aurora_classify.py,_any_match,125,126,False,python,unreviewed
AuroraIA/application/python-services/aurora_hunyuan/aurora_classify.py,_first_match,129,133,False,python,unreviewed
AuroraIA/application/python-services/aurora_hunyuan/aurora_classify.py,_slugify,136,138,False,python,unreviewed
AuroraIA/application/python-services/aurora_hunyuan/aurora_classify.py,_strip_env_context,170,183,False,python,unreviewed
AuroraIA/application/python-services/aurora_hunyuan/aurora_classify.py,refine_image_prompt,186,230,True,python,unreviewed
AuroraIA/application/python-services/aurora_hunyuan/aurora_classify.py,classify,233,292,True,python,unreviewed
AuroraIA/application/python-services/aurora_hunyuan/aurora_classify.py,main,295,303,True,python,unreviewed
AuroraIA/application/python-services/aurora_hunyuan/aurora_critic.py,_mesh_sanity,29,73,False,python,unreviewed
AuroraIA/application/python-services/aurora_hunyuan/aurora_critic.py,_texture_coverage,79,89,False,python,unreviewed
AuroraIA/application/python-services/aurora_hunyuan/aurora_critic.py,_exposure,92,97,False,python,unreviewed
AuroraIA/application/python-services/aurora_hunyuan/aurora_critic.py,_silhouette_ratio,100,117,False,python,unreviewed
AuroraIA/application/python-services/aurora_hunyuan/aurora_critic.py,evaluate,120,211,True,python,unreviewed
AuroraIA/application/python-services/aurora_hunyuan/aurora_critic.py,refine_prompt,214,244,True,python,unreviewed
AuroraIA/application/python-services/aurora_hunyuan/aurora_critic.py,main,247,254,True,python,unreviewed
AuroraIA/application/python-services/aurora_hunyuan/aurora_hunyuan_wrapper.py,_free_vram,34,42,False,python,unreviewed
AuroraIA/application/python-services/aurora_hunyuan/aurora_hunyuan_wrapper.py,is_available,45,53,True,python,unreviewed
AuroraIA/application/python-services/aurora_hunyuan/aurora_hunyuan_wrapper.py,souder_doublons,56,96,True,python,unreviewed
AuroraIA/application/python-services/aurora_hunyuan/aurora_hunyuan_wrapper.py,decimate_mesh_for_paint,99,132,True,python,unreviewed
AuroraIA/application/python-services/aurora_hunyuan/aurora_hunyuan_wrapper.py,remaster_pbr_glb,135,186,True,python,unreviewed
AuroraIA/application/python-services/aurora_hunyuan/aurora_hunyuan_wrapper.py,generate_glb,189,316,True,python,unreviewed
AuroraIA/application/python-services/aurora_hunyuan/aurora_hunyuan_wrapper.py,main,319,348,True,python,unreviewed
AuroraIA/application/python-services/aurora_hunyuan/aurora_loop.py,load_state,70,73,True,python,unreviewed
AuroraIA/application/python-services/aurora_hunyuan/aurora_loop.py,save_state,76,77,True,python,unreviewed
AuroraIA/application/python-services/aurora_hunyuan/aurora_loop.py,git_commit_pack,80,95,True,python,unreviewed
AuroraIA/application/python-services/aurora_hunyuan/aurora_loop.py,clean_pack,98,110,True,python,unreviewed
AuroraIA/application/python-services/aurora_hunyuan/aurora_loop.py,process_scene,113,249,True,python,unreviewed
AuroraIA/application/python-services/aurora_hunyuan/aurora_loop.py,run_queue,252,270,True,python,unreviewed
AuroraIA/application/python-services/aurora_hunyuan/aurora_loop.py,main,273,293,True,python,unreviewed
AuroraIA/application/python-services/aurora_hunyuan/aurora_loop_robust.py,load_state,40,43,True,python,unreviewed
AuroraIA/application/python-services/aurora_hunyuan/aurora_loop_robust.py,save_state,45,46,True,python,unreviewed
AuroraIA/application/python-services/aurora_hunyuan/aurora_loop_robust.py,audit_shape,48,54,True,python,unreviewed
AuroraIA/application/python-services/aurora_hunyuan/aurora_loop_robust.py,repair_shape,56,63,True,python,unreviewed
AuroraIA/application/python-services/aurora_hunyuan/aurora_loop_robust.py,process_scene,65,121,True,python,unreviewed
AuroraIA/application/python-services/aurora_hunyuan/aurora_loop_robust.py,run_queue,123,134,True,python,unreviewed
AuroraIA/application/python-services/aurora_hunyuan/aurora_rebake.py,_rgb_to_lab,34,36,False,python,unreviewed
AuroraIA/application/python-services/aurora_hunyuan/aurora_rebake.py,_lab_to_rgb,39,42,False,python,unreviewed
AuroraIA/application/python-services/aurora_hunyuan/aurora_rebake.py,reinhard_color_transfer,45,64,True,python,unreviewed
AuroraIA/application/python-services/aurora_hunyuan/aurora_rebake.py,enhance_image,67,97,True,python,unreviewed
AuroraIA/application/python-services/aurora_hunyuan/aurora_rebake.py,rebake,100,141,True,python,unreviewed
AuroraIA/application/python-services/aurora_hunyuan/aurora_rebake.py,main,144,150,True,python,unreviewed
AuroraIA/application/python-services/aurora_hunyuan/aurora_rerender.py,run_rebake,49,61,True,python,unreviewed
AuroraIA/application/python-services/aurora_hunyuan/aurora_rerender.py,run_animate,64,90,True,python,unreviewed
AuroraIA/application/python-services/aurora_hunyuan/aurora_rerender.py,main,93,134,True,python,unreviewed
AuroraIA/application/python-services/aurora_hunyuan/aurora_scene_builder.py,_parse_args,12,20,False,python,unreviewed
AuroraIA/application/python-services/aurora_hunyuan/aurora_scene_builder.py,reset_scene,22,23,True,python,unreviewed
AuroraIA/application/python-services/aurora_hunyuan/aurora_scene_builder.py,import_and_place,25,46,True,python,unreviewed
AuroraIA/application/python-services/aurora_hunyuan/aurora_scene_builder.py,build_scene,48,77,True,python,unreviewed
AuroraIA/application/python-services/aurora_hunyuan/aurora_trellis_wrapper.py,_try_import,75,88,False,python,unreviewed
AuroraIA/application/python-services/aurora_hunyuan/aurora_trellis_wrapper.py,is_available,94,95,True,python,unreviewed
AuroraIA/application/python-services/aurora_hunyuan/aurora_trellis_wrapper.py,import_error,98,99,True,python,unreviewed
AuroraIA/application/python-services/aurora_hunyuan/aurora_trellis_wrapper.py,_load_pipe,105,154,False,python,unreviewed
AuroraIA/application/python-services/aurora_hunyuan/aurora_trellis_wrapper.py,_load_pipe._decode_latent_lowmem,130,147,False,python,unreviewed
AuroraIA/application/python-services/aurora_hunyuan/aurora_trellis_wrapper.py,_auto_expose_glb_texture,167,190,False,python,unreviewed
AuroraIA/application/python-services/aurora_hunyuan/aurora_trellis_wrapper.py,_remplacer_image_glb,193,239,False,python,unreviewed
AuroraIA/application/python-services/aurora_hunyuan/aurora_trellis_wrapper.py,_remplacer_image_glb._repack,215,228,False,python,unreviewed
AuroraIA/application/python-services/aurora_hunyuan/aurora_trellis_wrapper.py,_upscale_glb_texture,242,318,False,python,unreviewed
AuroraIA/application/python-services/aurora_hunyuan/aurora_trellis_wrapper.py,generate_glb,321,543,True,python,unreviewed
AuroraIA/application/python-services/aurora_hunyuan/aurora_trellis_wrapper.py,generate_glb._ouvrir,351,362,False,python,unreviewed
AuroraIA/application/python-services/aurora_hunyuan/aurora_trellis_wrapper.py,main,546,578,True,python,unreviewed
AuroraIA/application/python-services/aurora_hunyuan/aurora_vision_research.py,_encode_image,17,19,False,python,unreviewed
AuroraIA/application/python-services/aurora_hunyuan/aurora_vision_research.py,_ask_ollama,21,46,False,python,unreviewed
AuroraIA/application/python-services/aurora_hunyuan/aurora_vision_research.py,identify_character_in_prompt,48,69,True,python,unreviewed
AuroraIA/application/python-services/aurora_hunyuan/aurora_vision_research.py,fetch_reference_images,71,111,True,python,unreviewed
AuroraIA/application/python-services/aurora_hunyuan/aurora_vision_research.py,generate_visual_traits_from_knowledge,113,120,True,python,unreviewed
AuroraIA/application/python-services/aurora_hunyuan/aurora_vision_research.py,extract_visual_traits,122,126,True,python,unreviewed
AuroraIA/application/python-services/aurora_hunyuan/aurora_vision_research.py,evaluate_fidelity,128,150,True,python,unreviewed
AuroraIA/application/python-services/aurora_hunyuan/blender_mesh_auditor.py,audit_mesh,7,57,True,python,unreviewed
AuroraIA/application/python-services/aurora_hunyuan/blender_mesh_repair.py,repair_mesh,4,56,True,python,unreviewed
AuroraIA/application/python-services/aurora_hunyuan/pipeline_hunyuan_realistic.py,_free_vram,41,45,False,python,unreviewed
AuroraIA/application/python-services/aurora_hunyuan/pipeline_hunyuan_realistic.py,_get_flux_pipe,55,71,False,python,unreviewed
AuroraIA/application/python-services/aurora_hunyuan/pipeline_hunyuan_realistic.py,_get_sdxl_pipe,74,88,False,python,unreviewed
AuroraIA/application/python-services/aurora_hunyuan/pipeline_hunyuan_realistic.py,generate_image,91,152,True,python,unreviewed
AuroraIA/application/python-services/aurora_hunyuan/pipeline_hunyuan_realistic.py,boost_saturation,155,165,True,python,unreviewed
AuroraIA/application/python-services/aurora_hunyuan/pipeline_hunyuan_realistic.py,remove_background,168,173,True,python,unreviewed
AuroraIA/application/python-services/aurora_hunyuan/pipeline_hunyuan_realistic.py,_drop_tiny_components,176,207,False,python,unreviewed
AuroraIA/application/python-services/aurora_hunyuan/pipeline_hunyuan_realistic.py,decimate_mesh,209,256,True,python,unreviewed
AuroraIA/application/python-services/aurora_hunyuan/pipeline_hunyuan_realistic.py,_decimation_target,259,271,False,python,unreviewed
AuroraIA/application/python-services/aurora_hunyuan/pipeline_hunyuan_realistic.py,generate_mesh,274,353,True,python,unreviewed
AuroraIA/application/python-services/aurora_hunyuan/pipeline_hunyuan_realistic.py,run_blender_animate,356,370,True,python,unreviewed
AuroraIA/application/python-services/aurora_hunyuan/pipeline_hunyuan_realistic.py,check_hardware,373,393,True,python,unreviewed
AuroraIA/application/python-services/aurora_hunyuan/pipeline_hunyuan_realistic.py,run_one,396,445,True,python,unreviewed
AuroraIA/application/python-services/aurora_hunyuan/pipeline_hunyuan_realistic.py,main,448,470,True,python,unreviewed
AuroraIA/application/python-services/aurora_hunyuan/pipeline_hunyuan_robust.py,_free_vram,36,41,False,python,unreviewed
AuroraIA/application/python-services/aurora_hunyuan/pipeline_hunyuan_robust.py,check_hardware,43,62,True,python,unreviewed
AuroraIA/application/python-services/aurora_hunyuan/pipeline_hunyuan_robust.py,_get_flux_pipe,64,72,False,python,unreviewed
AuroraIA/application/python-services/aurora_hunyuan/pipeline_hunyuan_robust.py,_get_sdxl_pipe,74,83,False,python,unreviewed
AuroraIA/application/python-services/aurora_hunyuan/pipeline_hunyuan_robust.py,run_image_gen,85,116,True,python,unreviewed
AuroraIA/application/python-services/aurora_hunyuan/pipeline_hunyuan_robust.py,boost_and_rembg,118,127,True,python,unreviewed
AuroraIA/application/python-services/aurora_hunyuan/pipeline_hunyuan_robust.py,run_shape_gen,129,148,True,python,unreviewed
AuroraIA/application/python-services/aurora_hunyuan/pipeline_hunyuan_robust.py,run_tex_gen,150,169,True,python,unreviewed
AuroraIA/application/python-services/aurora_hunyuan/pipeline_hunyuan_robust.py,run_blender_animate,171,173,True,python,unreviewed
AuroraIA/application/python-services/aurora_hunyuan/pipeline_hunyuan_robust.py,process_pipeline,175,209,True,python,unreviewed
AuroraIA/application/python-services/aurora_output_paths.py,sanitize_slug,57,64,True,python,unreviewed
AuroraIA/application/python-services/aurora_output_paths.py,get_workspace_root,67,70,True,python,unreviewed
AuroraIA/application/python-services/aurora_output_paths.py,get_output_root,73,77,True,python,unreviewed
AuroraIA/application/python-services/aurora_output_paths.py,get_module_output_dir,80,106,True,python,unreviewed
AuroraIA/application/python-services/aurora_output_paths.py,get_code_project_dir,109,111,True,python,unreviewed
AuroraIA/application/python-services/aurora_output_paths.py,get_code_assets_dir,114,122,True,python,unreviewed
AuroraIA/application/python-services/aurora_output_paths.py,get_code_apk_dir,125,131,True,python,unreviewed
AuroraIA/application/python-services/aurora_output_paths.py,get_code_sandbox_dir,134,140,True,python,unreviewed
AuroraIA/application/python-services/aurora_output_paths.py,get_3d_project_dir,143,145,True,python,unreviewed
AuroraIA/application/python-services/aurora_output_paths.py,get_video_project_dir,148,150,True,python,unreviewed
AuroraIA/application/python-services/aurora_output_paths.py,get_image_project_dir,153,155,True,python,unreviewed
AuroraIA/application/python-services/aurora_output_paths.py,get_voice_project_dir,158,160,True,python,unreviewed
AuroraIA/application/python-services/aurora_output_paths.py,get_cyber_project_dir,163,165,True,python,unreviewed
AuroraIA/application/python-services/aurora_output_paths.py,get_cowork_project_dir,168,181,True,python,unreviewed
AuroraIA/application/python-services/aurora_output_paths.py,get_context_project_dir,184,186,True,python,unreviewed
AuroraIA/application/python-services/aurora_output_paths.py,get_manga_project_dir,189,191,True,python,unreviewed
AuroraIA/application/python-services/aurora_output_paths.py,get_academy_project_dir,194,196,True,python,unreviewed
AuroraIA/application/python-services/aurora_uplift/aurora_module_uplift.py,ollama_chat,88,104,True,python,unreviewed
AuroraIA/application/python-services/aurora_uplift/aurora_module_uplift.py,find_prompt_literals,119,135,True,python,unreviewed
AuroraIA/application/python-services/aurora_uplift/aurora_module_uplift.py,audit_and_improve,138,176,True,python,unreviewed
AuroraIA/application/python-services/aurora_uplift/aurora_module_uplift.py,tsc_check,183,191,True,python,unreviewed
AuroraIA/application/python-services/aurora_uplift/aurora_module_uplift.py,rewrite_file,194,203,True,python,unreviewed
AuroraIA/application/python-services/aurora_uplift/aurora_module_uplift.py,uplift_file,206,267,True,python,unreviewed
AuroraIA/application/python-services/aurora_uplift/aurora_module_uplift.py,files_for_module,270,280,True,python,unreviewed
AuroraIA/application/python-services/aurora_uplift/aurora_module_uplift.py,main,283,322,True,python,unreviewed
AuroraIA/application/python-services/auto_rescue_mesh.py,_run_anatomy_audit,52,62,False,python,unreviewed
AuroraIA/application/python-services/auto_rescue_mesh.py,_record_rescue_dispatch,65,83,False,python,unreviewed
AuroraIA/application/python-services/auto_rescue_mesh.py,_run_manifold_fix,86,128,False,python,unreviewed
AuroraIA/application/python-services/auto_rescue_mesh.py,_log_stage,131,148,False,python,unreviewed
AuroraIA/application/python-services/auto_rescue_mesh.py,auto_rescue,151,536,True,python,unreviewed
AuroraIA/application/python-services/auto_rescue_mesh.py,auto_rescue._mesh_has_texture,193,204,False,python,unreviewed
AuroraIA/application/python-services/auto_rescue_mesh.py,render_pretty,539,570,True,python,unreviewed
AuroraIA/application/python-services/auto_rescue_mesh.py,main,573,595,True,python,unreviewed
AuroraIA/application/python-services/auto_tag_images.py,tag_images,40,67,True,python,unreviewed
AuroraIA/application/python-services/auto_tag_images.py,similarite,69,92,True,python,unreviewed
AuroraIA/application/python-services/auto_tag_images.py,main,95,106,True,python,unreviewed
AuroraIA/application/python-services/auto_validate_mesh.py,primary_failure,67,74,True,python,unreviewed
AuroraIA/application/python-services/auto_validate_mesh.py,recommend_next_pipeline,77,91,True,python,unreviewed
AuroraIA/application/python-services/auto_validate_mesh.py,auto_validate,94,126,True,python,unreviewed
AuroraIA/application/python-services/auto_validate_mesh.py,render_pretty,129,154,True,python,unreviewed
AuroraIA/application/python-services/auto_validate_mesh.py,main,157,177,True,python,unreviewed
AuroraIA/application/python-services/bac_resources.py,fetch,116,120,True,python,unreviewed
AuroraIA/application/python-services/bac_resources.py,strip_html,123,142,True,python,unreviewed
AuroraIA/application/python-services/bac_resources.py,list_ecebac,145,177,True,python,unreviewed
AuroraIA/application/python-services/bac_resources.py,fetch_ecebac_subject,180,206,True,python,unreviewed
AuroraIA/application/python-services/bac_resources.py,discover_freemaths,209,225,True,python,unreviewed
AuroraIA/application/python-services/bac_resources.py,discover_sujetsdebac,228,246,True,python,unreviewed
AuroraIA/application/python-services/bac_resources.py,main,249,283,True,python,unreviewed
AuroraIA/application/python-services/bake_ao_map.py,_find_blender,44,49,False,python,unreviewed
AuroraIA/application/python-services/bake_ao_map.py,_print_result,52,53,False,python,unreviewed
AuroraIA/application/python-services/bake_ao_map.py,_mock_ao,161,165,False,python,unreviewed
AuroraIA/application/python-services/bake_ao_map.py,bake_ao,168,209,True,python,unreviewed
AuroraIA/application/python-services/bake_ao_map.py,_load_image_bytes,212,219,False,python,unreviewed
AuroraIA/application/python-services/bake_ao_map.py,_replace_image_bytes,222,240,False,python,unreviewed
AuroraIA/application/python-services/bake_ao_map.py,_append_texture,243,253,False,python,unreviewed
AuroraIA/application/python-services/bake_ao_map.py,attach_ao,256,307,True,python,unreviewed
AuroraIA/application/python-services/bake_ao_map.py,verify_attach,310,328,True,python,unreviewed
AuroraIA/application/python-services/bake_ao_map.py,_make_test_glb,331,368,False,python,unreviewed
AuroraIA/application/python-services/bake_ao_map.py,_gb_channels_preserved,371,376,False,python,unreviewed
AuroraIA/application/python-services/bake_ao_map.py,self_test,379,417,True,python,unreviewed
AuroraIA/application/python-services/bake_ao_map.py,main,420,448,True,python,unreviewed
AuroraIA/application/python-services/bake_high_definition_character.py,bake_projection,61,96,True,python,unreviewed
AuroraIA/application/python-services/bake_high_definition_character.py,bake_mask,98,168,True,python,unreviewed
AuroraIA/application/python-services/bake_normal_map.py,_find_blender,38,44,False,python,unreviewed
AuroraIA/application/python-services/bake_normal_map.py,_glb_to_obj,162,170,False,python,unreviewed
AuroraIA/application/python-services/bake_normal_map.py,bake_normal,173,218,True,python,unreviewed
AuroraIA/application/python-services/bake_normal_map.py,main,221,229,True,python,unreviewed
AuroraIA/application/python-services/bake_solid_master_glb.py,bake_decal,62,169,True,python,unreviewed
AuroraIA/application/python-services/bake_spatial_reference_maps.py,bake_node_output,22,47,True,python,unreviewed
AuroraIA/application/python-services/bake_spatial_reference_maps.py,setup_z_pos,50,62,True,python,unreviewed
AuroraIA/application/python-services/bake_spatial_reference_maps.py,setup_curvature,65,71,True,python,unreviewed
AuroraIA/application/python-services/bake_to_texture.py,_emit_glb,35,51,False,python,unreviewed
AuroraIA/application/python-services/bake_to_texture.py,bake,54,272,True,python,unreviewed
AuroraIA/application/python-services/bake_to_texture.py,bake._add,190,197,False,python,unreviewed
AuroraIA/application/python-services/bake_to_texture.py,main,275,299,True,python,unreviewed
AuroraIA/application/python-services/bake_vertex_colors.py,_zone_from_normal,68,77,False,python,unreviewed
AuroraIA/application/python-services/bake_vertex_colors.py,bake,80,204,True,python,unreviewed
AuroraIA/application/python-services/bake_vertex_colors.py,render_pretty,207,219,True,python,unreviewed
AuroraIA/application/python-services/bake_vertex_colors.py,main,222,248,True,python,unreviewed
AuroraIA/application/python-services/blender_bridge.py,emit,24,25,True,python,unreviewed
AuroraIA/application/python-services/blender_bridge.py,find_blender,28,49,True,python,unreviewed
AuroraIA/application/python-services/blender_bridge.py,run_blender_script,52,102,True,python,unreviewed
AuroraIA/application/python-services/blender_bridge.py,run_procedural,3804,3880,True,python,unreviewed
AuroraIA/application/python-services/blender_bridge.py,run_validation,3883,3894,True,python,unreviewed
AuroraIA/application/python-services/blender_bridge.py,run_cleanup,3897,3906,True,python,unreviewed
AuroraIA/application/python-services/blender_bridge.py,run_rigging,3909,3933,True,python,unreviewed
AuroraIA/application/python-services/blender_bridge.py,run_custom_script,3936,3945,True,python,unreviewed
AuroraIA/application/python-services/blender_bridge.py,main,3948,3986,True,python,unreviewed
AuroraIA/application/python-services/blender_render_benchmark.py,add_area_light,85,91,True,python,unreviewed
AuroraIA/application/python-services/blender_uv_projector.py,project_multiview,178,202,True,python,unreviewed
AuroraIA/application/python-services/build_faithful_portrait_3d.py,run_cmd,25,34,True,python,unreviewed
AuroraIA/application/python-services/build_faithful_portrait_3d.py,main,37,144,True,python,unreviewed
AuroraIA/application/python-services/build_female_avatar_masterpiece.py,build_female_seamless_arm,43,195,True,python,unreviewed
AuroraIA/application/python-services/build_female_avatar_masterpiece.py,build_female_seamless_arm.add_slender_finger,121,137,True,python,unreviewed
AuroraIA/application/python-services/build_female_avatar_masterpiece.py,build_female_high_puff_curls,224,358,True,python,unreviewed
AuroraIA/application/python-services/build_final_flawless_character.py,build_flawless_arm_and_hand,30,119,True,python,unreviewed
AuroraIA/application/python-services/build_final_flawless_character.py,build_flawless_arm_and_hand.add_capsule,73,87,True,python,unreviewed
AuroraIA/application/python-services/build_flawless_sleeve_and_arms.py,build_complete_arm_and_hand,27,123,True,python,unreviewed
AuroraIA/application/python-services/build_flawless_sleeve_and_arms.py,build_complete_arm_and_hand.add_capsule,63,77,True,python,unreviewed
AuroraIA/application/python-services/build_guild_hall_authentic_final.py,make_pbr,64,85,True,python,unreviewed
AuroraIA/application/python-services/build_guild_hall_authentic_final.py,add_mesh,96,112,True,python,unreviewed
AuroraIA/application/python-services/build_guild_hall_authentic_final.py,build_plaza,115,123,True,python,unreviewed
AuroraIA/application/python-services/build_guild_hall_authentic_final.py,build_stone_base,128,133,True,python,unreviewed
AuroraIA/application/python-services/build_guild_hall_authentic_final.py,build_walls,138,142,True,python,unreviewed
AuroraIA/application/python-services/build_guild_hall_authentic_final.py,build_timber,147,168,True,python,unreviewed
AuroraIA/application/python-services/build_guild_hall_authentic_final.py,build_roofs,173,190,True,python,unreviewed
AuroraIA/application/python-services/build_guild_hall_authentic_final.py,build_belfry,195,202,True,python,unreviewed
AuroraIA/application/python-services/build_guild_hall_authentic_final.py,build_gold,207,211,True,python,unreviewed
AuroraIA/application/python-services/build_guild_hall_authentic_final.py,build_portal,216,225,True,python,unreviewed
AuroraIA/application/python-services/build_guild_hall_authentic_final.py,build_windows,230,235,True,python,unreviewed
AuroraIA/application/python-services/build_guild_hall_authentic_final.py,build_turrets,240,244,True,python,unreviewed
AuroraIA/application/python-services/build_guild_hall_authentic_final.py,build_chimney,249,253,True,python,unreviewed
AuroraIA/application/python-services/build_guild_hall_authentic_final.py,build_props,258,260,True,python,unreviewed
AuroraIA/application/python-services/build_guild_hall_expert_aaa.py,create_pbr,52,73,True,python,unreviewed
AuroraIA/application/python-services/build_guild_hall_expert_aaa.py,add_mesh_part,85,94,True,python,unreviewed
AuroraIA/application/python-services/build_guild_hall_expert_aaa.py,build_foundation,97,105,True,python,unreviewed
AuroraIA/application/python-services/build_guild_hall_expert_aaa.py,build_walls,110,118,True,python,unreviewed
AuroraIA/application/python-services/build_guild_hall_expert_aaa.py,build_timber,123,136,True,python,unreviewed
AuroraIA/application/python-services/build_guild_hall_expert_aaa.py,build_roofs,141,158,True,python,unreviewed
AuroraIA/application/python-services/build_guild_hall_expert_aaa.py,build_belfry_tower,163,173,True,python,unreviewed
AuroraIA/application/python-services/build_guild_hall_expert_aaa.py,build_gold_elements,178,185,True,python,unreviewed
AuroraIA/application/python-services/build_guild_hall_expert_aaa.py,build_doors,190,194,True,python,unreviewed
AuroraIA/application/python-services/build_guild_hall_expert_aaa.py,build_windows,199,206,True,python,unreviewed
AuroraIA/application/python-services/build_guild_hall_expert_aaa.py,build_chimney,211,216,True,python,unreviewed
AuroraIA/application/python-services/build_guild_hall_expert_aaa.py,build_corner_turrets,221,225,True,python,unreviewed
AuroraIA/application/python-services/build_guild_hall_masterpiece_v2.py,make_pbr,60,81,True,python,unreviewed
AuroraIA/application/python-services/build_guild_hall_masterpiece_v2.py,add_smooth_part,94,110,True,python,unreviewed
AuroraIA/application/python-services/build_guild_hall_masterpiece_v2.py,build_plaza,113,122,True,python,unreviewed
AuroraIA/application/python-services/build_guild_hall_masterpiece_v2.py,build_stone_base,127,132,True,python,unreviewed
AuroraIA/application/python-services/build_guild_hall_masterpiece_v2.py,build_walls,137,145,True,python,unreviewed
AuroraIA/application/python-services/build_guild_hall_masterpiece_v2.py,build_timber,150,168,True,python,unreviewed
AuroraIA/application/python-services/build_guild_hall_masterpiece_v2.py,build_roofs,173,192,True,python,unreviewed
AuroraIA/application/python-services/build_guild_hall_masterpiece_v2.py,build_belfry,197,207,True,python,unreviewed
AuroraIA/application/python-services/build_guild_hall_masterpiece_v2.py,build_gold,212,221,True,python,unreviewed
AuroraIA/application/python-services/build_guild_hall_masterpiece_v2.py,build_portal,226,236,True,python,unreviewed
AuroraIA/application/python-services/build_guild_hall_masterpiece_v2.py,build_stained_glass,241,248,True,python,unreviewed
AuroraIA/application/python-services/build_guild_hall_masterpiece_v2.py,build_turrets,253,259,True,python,unreviewed
AuroraIA/application/python-services/build_guild_hall_masterpiece_v2.py,build_chimney,264,268,True,python,unreviewed
AuroraIA/application/python-services/build_guild_hall_masterpiece_v2.py,build_tavern_props,273,275,True,python,unreviewed
AuroraIA/application/python-services/build_guild_hall_masterpiece_v3.py,make_pbr,55,76,True,python,unreviewed
AuroraIA/application/python-services/build_guild_hall_masterpiece_v3.py,add_mesh,87,103,True,python,unreviewed
AuroraIA/application/python-services/build_guild_hall_masterpiece_v3.py,build_plaza,106,113,True,python,unreviewed
AuroraIA/application/python-services/build_guild_hall_masterpiece_v3.py,build_stone_base,118,122,True,python,unreviewed
AuroraIA/application/python-services/build_guild_hall_masterpiece_v3.py,build_walls,127,129,True,python,unreviewed
AuroraIA/application/python-services/build_guild_hall_masterpiece_v3.py,build_timber,134,146,True,python,unreviewed
AuroraIA/application/python-services/build_guild_hall_masterpiece_v3.py,build_smooth_roof,151,180,True,python,unreviewed
AuroraIA/application/python-services/build_guild_hall_masterpiece_v3.py,build_belfry,185,192,True,python,unreviewed
AuroraIA/application/python-services/build_guild_hall_masterpiece_v3.py,build_gold,197,201,True,python,unreviewed
AuroraIA/application/python-services/build_guild_hall_masterpiece_v3.py,build_portal,206,213,True,python,unreviewed
AuroraIA/application/python-services/build_guild_hall_masterpiece_v3.py,build_windows,218,223,True,python,unreviewed
AuroraIA/application/python-services/build_guild_hall_masterpiece_v3.py,build_turrets,228,232,True,python,unreviewed
AuroraIA/application/python-services/build_guild_hall_masterpiece_v3.py,build_chimney,237,241,True,python,unreviewed
AuroraIA/application/python-services/build_guild_hall_standalone_masterpiece.py,make_mat,50,61,True,python,unreviewed
AuroraIA/application/python-services/build_magnolia_fairy_tail_city.py,create_pbr_mat,78,91,True,python,unreviewed
AuroraIA/application/python-services/build_magnolia_masterpiece_realistic.py,create_pbr,78,91,True,python,unreviewed
AuroraIA/application/python-services/build_magnolia_masterpiece_realistic.py,build_arched_stone_bridge,243,290,True,python,unreviewed
AuroraIA/application/python-services/build_magnolia_masterpiece_realistic.py,build_half_timbered_townhouse,540,595,True,python,unreviewed
AuroraIA/application/python-services/build_mesh_metis.py,build_caricature_arm_and_hand,26,128,True,python,unreviewed
AuroraIA/application/python-services/build_mesh_metis.py,build_caricature_arm_and_hand.add_capsule,64,78,True,python,unreviewed
AuroraIA/application/python-services/build_perfect_five_finger_hands.py,create_hand_mesh,5,73,True,python,unreviewed
AuroraIA/application/python-services/build_perfect_metis_caricature.py,build_caricature_arm_and_hand,27,129,True,python,unreviewed
AuroraIA/application/python-services/build_perfect_metis_caricature.py,build_caricature_arm_and_hand.add_capsule,65,79,True,python,unreviewed
AuroraIA/application/python-services/build_perfect_metis_character.py,build_stylized_metis_arm_and_hand,58,160,True,python,unreviewed
AuroraIA/application/python-services/build_perfect_metis_character.py,build_stylized_metis_arm_and_hand.add_capsule,95,109,True,python,unreviewed
AuroraIA/application/python-services/build_perfect_multi_material_perso.py,build_flawless_arm_and_hand,30,119,True,python,unreviewed
AuroraIA/application/python-services/build_perfect_multi_material_perso.py,build_flawless_arm_and_hand.add_capsule,73,87,True,python,unreviewed
AuroraIA/application/python-services/build_proportional_unified_arms.py,build_complete_arm_and_hand,29,114,True,python,unreviewed
AuroraIA/application/python-services/build_proportional_unified_arms.py,build_complete_arm_and_hand.add_capsule,67,81,True,python,unreviewed
AuroraIA/application/python-services/build_pure_caricature_model.py,build_flawless_arm_and_hand,30,119,True,python,unreviewed
AuroraIA/application/python-services/build_pure_caricature_model.py,build_flawless_arm_and_hand.add_capsule,73,87,True,python,unreviewed
AuroraIA/application/python-services/build_seamless_caricature_arms.py,build_flawless_arm_and_hand,26,134,True,python,unreviewed
AuroraIA/application/python-services/build_seamless_caricature_arms.py,build_flawless_arm_and_hand.add_capsule,69,83,True,python,unreviewed
AuroraIA/application/python-services/build_stylized_caricature_hands.py,create_pixar_caricature_hand,6,123,True,python,unreviewed
AuroraIA/application/python-services/build_ultimate_caricature_masterpiece.py,build_seamless_caricature_arm,37,189,True,python,unreviewed
AuroraIA/application/python-services/build_ultimate_caricature_masterpiece.py,build_seamless_caricature_arm.add_finger,115,131,True,python,unreviewed
AuroraIA/application/python-services/build_ultimate_caricature_masterpiece.py,build_natural_afro_curls,218,289,True,python,unreviewed
AuroraIA/application/python-services/build_unified_arms_and_hands.py,build_complete_arm_and_hand,62,147,True,python,unreviewed
AuroraIA/application/python-services/build_unified_arms_and_hands.py,build_complete_arm_and_hand.add_capsule,100,114,True,python,unreviewed
AuroraIA/application/python-services/cache_paths.py,_default_models_root,33,57,False,python,unreviewed
AuroraIA/application/python-services/cache_paths.py,configure_ml_cache_environment,60,124,True,python,unreviewed
AuroraIA/application/python-services/cache_paths.py,_patch_diffusers_load_state_dict_safe_fallback,127,234,False,python,unreviewed
AuroraIA/application/python-services/cache_paths.py,_patch_diffusers_load_state_dict_safe_fallback._safe_load_state_dict,146,231,False,python,unreviewed
AuroraIA/application/python-services/character_research.py,emit,29,30,True,python,unreviewed
AuroraIA/application/python-services/character_research.py,detect_installed_vision_model,43,57,True,python,unreviewed
AuroraIA/application/python-services/character_research.py,search_duckduckgo_for_character,60,76,True,python,unreviewed
AuroraIA/application/python-services/character_research.py,fetch_wikipedia_summary,79,109,True,python,unreviewed
AuroraIA/application/python-services/character_research.py,classify_animation_mode_heuristic,112,146,True,python,unreviewed
AuroraIA/application/python-services/character_research.py,research_via_qwen3vl,149,277,True,python,unreviewed
AuroraIA/application/python-services/character_research.py,main,280,353,True,python,unreviewed
AuroraIA/application/python-services/comfy_supervisor.py,log,31,32,True,python,unreviewed
AuroraIA/application/python-services/comfy_supervisor.py,comfy_alive,35,41,True,python,unreviewed
AuroraIA/application/python-services/comfy_supervisor.py,spawn_comfy,44,66,True,python,unreviewed
AuroraIA/application/python-services/comfy_supervisor.py,terminate_comfy,69,83,True,python,unreviewed
AuroraIA/application/python-services/comfy_supervisor.py,on_sigint,86,88,True,python,unreviewed
AuroraIA/application/python-services/comfy_supervisor.py,main,91,143,True,python,unreviewed
AuroraIA/application/python-services/crawl4ai_search.py,_legacy_api_present,29,41,False,python,unreviewed
AuroraIA/application/python-services/crawl4ai_search.py,ensure_crawl4ai,44,68,True,python,unreviewed
AuroraIA/application/python-services/crawl4ai_search.py,search_with_crawl4ai,88,134,True,python,unreviewed
AuroraIA/application/python-services/crawl4ai_search.py,search_fallback,137,184,True,python,unreviewed
AuroraIA/application/python-services/crawl4ai_search.py,html_to_text,190,236,True,python,unreviewed
AuroraIA/application/python-services/crawl4ai_search.py,extract_page,239,276,True,python,unreviewed
AuroraIA/application/python-services/crawl4ai_search.py,_json_api,279,300,False,python,unreviewed
AuroraIA/application/python-services/crawl4ai_search.py,_images_wikimedia,303,343,False,python,unreviewed
AuroraIA/application/python-services/crawl4ai_search.py,_images_openverse,346,370,False,python,unreviewed
AuroraIA/application/python-services/crawl4ai_search.py,_query_variants,373,391,False,python,unreviewed
AuroraIA/application/python-services/crawl4ai_search.py,search_images,394,494,True,python,unreviewed
AuroraIA/application/python-services/crawl4ai_search.py,search_wikipedia,497,533,True,python,unreviewed
AuroraIA/application/python-services/crawl4ai_search.py,do_search,536,570,True,python,unreviewed
AuroraIA/application/python-services/crawl4ai_search.py,main,577,611,True,python,unreviewed
AuroraIA/application/python-services/cyber/_safety.py,_is_relative_to,39,44,False,python,unreviewed
AuroraIA/application/python-services/cyber/_safety.py,resolve_workspace_path,47,60,True,python,unreviewed
AuroraIA/application/python-services/cyber/_safety.py,validate,63,84,True,python,unreviewed
AuroraIA/application/python-services/cyber/_safety.py,validate_read_file,87,94,True,python,unreviewed
AuroraIA/application/python-services/cyber/_safety.py,validate_output_path,97,103,True,python,unreviewed
AuroraIA/application/python-services/cyber/_safety.py,safe_read_bytes,106,109,True,python,unreviewed
AuroraIA/application/python-services/cyber/_safety.py,safe_read_text,112,120,True,python,unreviewed
AuroraIA/application/python-services/cyber/_safety.py,validate_text_payload,123,127,True,python,unreviewed
AuroraIA/application/python-services/cyber/_safety.py,require_int_range,130,134,True,python,unreviewed
AuroraIA/application/python-services/cyber/_safety.py,sanitize_ports,137,149,True,python,unreviewed
AuroraIA/application/python-services/cyber/_safety.py,check_time_budget,152,154,True,python,unreviewed
AuroraIA/application/python-services/cyber/_safety.py,resolve_target,157,167,True,python,unreviewed
AuroraIA/application/python-services/cyber/_safety.py,assert_private,170,182,True,python,unreviewed
AuroraIA/application/python-services/cyber/_safety.py,iter_private_ips,185,189,True,python,unreviewed
AuroraIA/application/python-services/cyber/forensics_ops.py,ensure_deps,20,32,True,python,unreviewed
AuroraIA/application/python-services/cyber/forensics_ops.py,magic_detect,57,65,True,python,unreviewed
AuroraIA/application/python-services/cyber/forensics_ops.py,file_hashes,68,79,True,python,unreviewed
AuroraIA/application/python-services/cyber/forensics_ops.py,extract_strings,82,106,True,python,unreviewed
AuroraIA/application/python-services/cyber/forensics_ops.py,exif_extract,109,139,True,python,unreviewed
AuroraIA/application/python-services/cyber/forensics_ops.py,_entropy,142,154,False,python,unreviewed
AuroraIA/application/python-services/cyber/forensics_ops.py,entropy_analysis,157,181,True,python,unreviewed
AuroraIA/application/python-services/cyber/forensics_ops.py,memory_scan,184,227,True,python,unreviewed
AuroraIA/application/python-services/cyber/forensics_ops.py,main,230,249,True,python,unreviewed
AuroraIA/application/python-services/cyber/network_ops.py,ensure_deps,26,38,True,python,unreviewed
AuroraIA/application/python-services/cyber/network_ops.py,dns_lookup,54,65,True,python,unreviewed
AuroraIA/application/python-services/cyber/network_ops.py,tls_cert,70,100,True,python,unreviewed
AuroraIA/application/python-services/cyber/network_ops.py,tls_cert._name,77,78,False,python,unreviewed
AuroraIA/application/python-services/cyber/network_ops.py,whois_lookup,105,117,True,python,unreviewed
AuroraIA/application/python-services/cyber/network_ops.py,whois_lookup._ser,110,115,False,python,unreviewed
AuroraIA/application/python-services/cyber/network_ops.py,http_headers,135,153,True,python,unreviewed
AuroraIA/application/python-services/cyber/network_ops.py,port_scan,161,194,True,python,unreviewed
AuroraIA/application/python-services/cyber/network_ops.py,traceroute,199,209,True,python,unreviewed
AuroraIA/application/python-services/cyber/network_ops.py,generate_pcap_demo,214,261,True,python,unreviewed
AuroraIA/application/python-services/cyber/network_ops.py,main,266,314,True,python,unreviewed
AuroraIA/application/python-services/cyber/password_ops.py,ensure_deps,20,32,True,python,unreviewed
AuroraIA/application/python-services/cyber/password_ops.py,argon2_hash,38,54,True,python,unreviewed
AuroraIA/application/python-services/cyber/password_ops.py,bcrypt_hash,57,66,True,python,unreviewed
AuroraIA/application/python-services/cyber/password_ops.py,scrypt_hash,69,89,True,python,unreviewed
AuroraIA/application/python-services/cyber/password_ops.py,main,92,123,True,python,unreviewed
AuroraIA/application/python-services/cyber/stego_ops.py,ensure_deps,24,36,True,python,unreviewed
AuroraIA/application/python-services/cyber/stego_ops.py,_bytes_to_bits,45,46,False,python,unreviewed
AuroraIA/application/python-services/cyber/stego_ops.py,_bits_to_bytes,49,56,False,python,unreviewed
AuroraIA/application/python-services/cyber/stego_ops.py,image_encode,61,85,True,python,unreviewed
AuroraIA/application/python-services/cyber/stego_ops.py,image_decode,88,104,True,python,unreviewed
AuroraIA/application/python-services/cyber/stego_ops.py,image_diff,107,125,True,python,unreviewed
AuroraIA/application/python-services/cyber/stego_ops.py,audio_encode,130,153,True,python,unreviewed
AuroraIA/application/python-services/cyber/stego_ops.py,audio_decode,156,170,True,python,unreviewed
AuroraIA/application/python-services/cyber/stego_ops.py,lsb_stats,175,192,True,python,unreviewed
AuroraIA/application/python-services/cyber/stego_ops.py,whitespace_encode,197,210,True,python,unreviewed
AuroraIA/application/python-services/cyber/stego_ops.py,whitespace_decode,213,236,True,python,unreviewed
AuroraIA/application/python-services/cyber/stego_ops.py,main,239,282,True,python,unreviewed
AuroraIA/application/python-services/cyber/test_safety.py,CyberSafetyTests.test_private_network_allowed_public_network_blocked,24,27,True,python,unreviewed
AuroraIA/application/python-services/cyber/test_safety.py,CyberSafetyTests.test_read_path_stays_inside_application_workspace,29,33,True,python,unreviewed
AuroraIA/application/python-services/cyber/test_safety.py,CyberSafetyTests.test_safe_read_bytes_enforces_size_cap,35,43,True,python,unreviewed
AuroraIA/application/python-services/cyber/test_safety.py,CyberSafetyTests.test_output_path_rejects_traversal,45,47,True,python,unreviewed
AuroraIA/application/python-services/cyber/test_safety.py,CyberSafetyTests.test_sanitize_ports_deduplicates_and_rejects_bad_values,49,54,True,python,unreviewed
AuroraIA/application/python-services/cyber/test_safety.py,CyberSafetyTests.test_text_payload_has_byte_cap,56,59,True,python,unreviewed
AuroraIA/application/python-services/depth_sculpt_enhancer.py,enhance_depth,72,96,True,python,unreviewed
AuroraIA/application/python-services/document_extract.py,ensure_dependencies,15,30,True,python,unreviewed
AuroraIA/application/python-services/document_extract.py,clip,36,40,True,python,unreviewed
AuroraIA/application/python-services/document_extract.py,render_pdf_previews,43,59,True,python,unreviewed
AuroraIA/application/python-services/document_extract.py,extract_pdf,62,90,True,python,unreviewed
AuroraIA/application/python-services/document_extract.py,extract_spreadsheet,93,125,True,python,unreviewed
AuroraIA/application/python-services/document_extract.py,extract_text,128,129,True,python,unreviewed
AuroraIA/application/python-services/document_extract.py,main,132,156,True,python,unreviewed
AuroraIA/application/python-services/domain_router.py,_llm,124,131,False,python,unreviewed
AuroraIA/application/python-services/domain_router.py,_repli_regex,169,208,False,python,unreviewed
AuroraIA/application/python-services/domain_router.py,_router,211,221,False,python,unreviewed
AuroraIA/application/python-services/domain_router.py,plan,224,283,True,python,unreviewed
AuroraIA/application/python-services/domain_router.py,plan._cle_dom,252,253,False,python,unreviewed
AuroraIA/application/python-services/dreamgaussian_run.py,emit,34,35,True,python,unreviewed
AuroraIA/application/python-services/dreamgaussian_run.py,ensure_packages,38,46,True,python,unreviewed
AuroraIA/application/python-services/dreamgaussian_run.py,ensure_dreamgaussian,49,60,True,python,unreviewed
AuroraIA/application/python-services/dreamgaussian_run.py,run_dreamgaussian,63,238,True,python,unreviewed
AuroraIA/application/python-services/dreamgaussian_run.py,main,241,273,True,python,unreviewed
AuroraIA/application/python-services/emissive_synth.py,_print_result,30,31,False,python,unreviewed
AuroraIA/application/python-services/emissive_synth.py,_decode_rgb,34,44,False,python,unreviewed
AuroraIA/application/python-services/emissive_synth.py,_load_glb_albedo,47,57,False,python,unreviewed
AuroraIA/application/python-services/emissive_synth.py,_parse_hues,60,64,False,python,unreviewed
AuroraIA/application/python-services/emissive_synth.py,build_mask,67,109,True,python,unreviewed
AuroraIA/application/python-services/emissive_synth.py,_circular_mean_hue_deg,112,118,False,python,unreviewed
AuroraIA/application/python-services/emissive_synth.py,_attach_texture,121,131,False,python,unreviewed
AuroraIA/application/python-services/emissive_synth.py,_run,134,173,False,python,unreviewed
AuroraIA/application/python-services/emissive_synth.py,_build_test_glb,176,196,False,python,unreviewed
AuroraIA/application/python-services/emissive_synth.py,_selftest,199,239,False,python,unreviewed
AuroraIA/application/python-services/emissive_synth.py,main,242,267,True,python,unreviewed
AuroraIA/application/python-services/ent_native_browser.py,ensure_playwright,36,55,True,python,unreviewed
AuroraIA/application/python-services/ent_native_browser.py,visible_input,58,70,True,python,unreviewed
AuroraIA/application/python-services/ent_native_browser.py,fill_login_in_frame,73,110,True,python,unreviewed
AuroraIA/application/python-services/ent_native_browser.py,page_has_login,113,122,True,python,unreviewed
AuroraIA/application/python-services/ent_native_browser.py,click_section_candidate,125,146,True,python,unreviewed
AuroraIA/application/python-services/ent_native_browser.py,navigate_section,149,160,True,python,unreviewed
AuroraIA/application/python-services/ent_native_browser.py,collect_frame_text,163,167,True,python,unreviewed
AuroraIA/application/python-services/ent_native_browser.py,collect_attachments,170,215,True,python,unreviewed
AuroraIA/application/python-services/ent_native_browser.py,safe_filename,218,222,True,python,unreviewed
AuroraIA/application/python-services/ent_native_browser.py,filename_from_response,225,239,True,python,unreviewed
AuroraIA/application/python-services/ent_native_browser.py,unique_path,242,252,True,python,unreviewed
AuroraIA/application/python-services/ent_native_browser.py,download_attachments,255,288,True,python,unreviewed
AuroraIA/application/python-services/ent_native_browser.py,snapshot_page,291,304,True,python,unreviewed
AuroraIA/application/python-services/ent_native_browser.py,run,307,386,True,python,unreviewed
AuroraIA/application/python-services/ent_native_browser.py,main,389,393,True,python,unreviewed
AuroraIA/application/python-services/ephemeral_tool_sandbox.py,EphemeralToolSandbox.__init__,24,31,False,python,unreviewed
AuroraIA/application/python-services/ephemeral_tool_sandbox.py,EphemeralToolSandbox.__enter__,33,35,False,python,unreviewed
AuroraIA/application/python-services/ephemeral_tool_sandbox.py,EphemeralToolSandbox.__exit__,37,39,False,python,unreviewed
AuroraIA/application/python-services/ephemeral_tool_sandbox.py,EphemeralToolSandbox.setup,41,44,True,python,unreviewed
AuroraIA/application/python-services/ephemeral_tool_sandbox.py,EphemeralToolSandbox.install_packages,46,64,True,python,unreviewed
AuroraIA/application/python-services/ephemeral_tool_sandbox.py,EphemeralToolSandbox.execute_script,66,105,True,python,unreviewed
AuroraIA/application/python-services/ephemeral_tool_sandbox.py,EphemeralToolSandbox.cleanup,107,113,True,python,unreviewed
AuroraIA/application/python-services/ephemeral_tool_sandbox.py,run_ephemeral_tool,116,140,True,python,unreviewed
AuroraIA/application/python-services/ephemeral_tool_sandbox.py,main,143,164,True,python,unreviewed
AuroraIA/application/python-services/face_refine.py,_find_blender,38,46,False,python,unreviewed
AuroraIA/application/python-services/face_refine.py,_delta_from_reference,653,737,False,python,unreviewed
AuroraIA/application/python-services/face_refine.py,_integrate_slopes,740,756,False,python,unreviewed
AuroraIA/application/python-services/face_refine.py,_relief_from_reference,759,826,False,python,unreviewed
AuroraIA/application/python-services/face_refine.py,_relief_from_reference._disk,804,807,False,python,unreviewed
AuroraIA/application/python-services/face_refine.py,_run_blender,829,846,False,python,unreviewed
AuroraIA/application/python-services/face_refine.py,refine_face,849,1091,True,python,unreviewed
AuroraIA/application/python-services/face_refine.py,main,1094,1121,True,python,unreviewed
AuroraIA/application/python-services/face_restore.py,ckpt_dir,85,90,True,python,unreviewed
AuroraIA/application/python-services/face_restore.py,ensure_asset,93,117,True,python,unreviewed
AuroraIA/application/python-services/face_restore.py,_src_bgr,146,156,False,python,unreviewed
AuroraIA/application/python-services/face_restore.py,_to_bgr,159,167,False,python,unreviewed
AuroraIA/application/python-services/face_restore.py,_yunet_detect,170,188,False,python,unreviewed
AuroraIA/application/python-services/face_restore.py,detect_face_bbox,191,258,True,python,unreviewed
AuroraIA/application/python-services/face_restore.py,_fallback_head_from_silhouette,261,301,False,python,unreviewed
AuroraIA/application/python-services/face_restore.py,_load_spandrel,311,326,False,python,unreviewed
AuroraIA/application/python-services/face_restore.py,_esrgan,329,332,False,python,unreviewed
AuroraIA/application/python-services/face_restore.py,_gfpgan,335,337,False,python,unreviewed
AuroraIA/application/python-services/face_restore.py,_run,340,353,False,python,unreviewed
AuroraIA/application/python-services/face_restore.py,_upscale,356,381,False,python,unreviewed
AuroraIA/application/python-services/face_restore.py,_sface,389,400,False,python,unreviewed
AuroraIA/application/python-services/face_restore.py,identity_cosine,403,416,True,python,unreviewed
AuroraIA/application/python-services/face_restore.py,_register_prior,430,456,False,python,unreviewed
AuroraIA/application/python-services/face_restore.py,_align_affine,459,465,False,python,unreviewed
AuroraIA/application/python-services/face_restore.py,_face_mask_hi,468,475,False,python,unreviewed
AuroraIA/application/python-services/face_restore.py,_prior_face,478,515,False,python,unreviewed
AuroraIA/application/python-services/face_restore.py,_inject_face_detail,518,609,False,python,unreviewed
AuroraIA/application/python-services/face_restore.py,head_box,617,634,True,python,unreviewed
AuroraIA/application/python-services/face_restore.py,_detail_floor,637,660,False,python,unreviewed
AuroraIA/application/python-services/face_restore.py,_sigma_out,663,677,False,python,unreviewed
AuroraIA/application/python-services/face_restore.py,_apply_prior,680,707,False,python,unreviewed
AuroraIA/application/python-services/face_restore.py,restore_face,710,797,True,python,unreviewed
AuroraIA/application/python-services/face_restore.py,restore_in_frame,800,898,True,python,unreviewed
AuroraIA/application/python-services/face_restore.py,main,906,955,True,python,unreviewed
AuroraIA/application/python-services/faithful_scene_prompt.py,_confirm_named_via_llm,174,203,False,python,unreviewed
AuroraIA/application/python-services/faithful_scene_prompt.py,_identifier_via_llm,209,287,False,python,unreviewed
AuroraIA/application/python-services/faithful_scene_prompt.py,_detect_identity,290,349,False,python,unreviewed
AuroraIA/application/python-services/faithful_scene_prompt.py,detect_facets,352,393,True,python,unreviewed
AuroraIA/application/python-services/faithful_scene_prompt.py,compose_faithful_prompt,451,550,True,python,unreviewed
AuroraIA/application/python-services/faithful_scene_prompt.py,refine_subject_kind,576,608,True,python,unreviewed
AuroraIA/application/python-services/faithful_scene_prompt.py,main,611,637,True,python,unreviewed
AuroraIA/application/python-services/find_face_island.py,print_box,40,46,True,python,unreviewed
AuroraIA/application/python-services/fluid_mesh_builder.py,_parse_zone,21,29,False,python,unreviewed
AuroraIA/application/python-services/fluid_mesh_builder.py,_set_input,32,42,False,python,unreviewed
AuroraIA/application/python-services/fluid_mesh_builder.py,make_water_material,45,69,True,python,unreviewed
AuroraIA/application/python-services/fluid_mesh_builder.py,_new_object_from_bmesh,72,81,False,python,unreviewed
AuroraIA/application/python-services/fluid_mesh_builder.py,_build_surface_object,84,93,False,python,unreviewed
AuroraIA/application/python-services/fluid_mesh_builder.py,_build_tube_object,96,119,False,python,unreviewed
AuroraIA/application/python-services/fluid_mesh_builder.py,_apply_thin_wall,122,136,False,python,unreviewed
AuroraIA/application/python-services/fluid_mesh_builder.py,_add_wave_shape_keys_surface,139,153,False,python,unreviewed
AuroraIA/application/python-services/fluid_mesh_builder.py,_add_wave_shape_keys_tube,156,178,False,python,unreviewed
AuroraIA/application/python-services/fluid_mesh_builder.py,animate_wave_cycle,181,197,True,python,unreviewed
AuroraIA/application/python-services/fluid_mesh_builder.py,_add_droplets,200,219,False,python,unreviewed
AuroraIA/application/python-services/fluid_mesh_builder.py,create_water_surface,222,250,True,python,unreviewed
AuroraIA/application/python-services/fluid_mesh_builder.py,_export_glb,253,281,False,python,unreviewed
AuroraIA/application/python-services/fluid_mesh_builder.py,_argv_after_dashes,284,288,False,python,unreviewed
AuroraIA/application/python-services/fluid_mesh_builder.py,_self_test,291,307,False,python,unreviewed
AuroraIA/application/python-services/fluid_mesh_builder.py,main,310,335,True,python,unreviewed
AuroraIA/application/python-services/fluid_sim_baker.py,bake_fluid_sim,361,387,True,python,unreviewed
AuroraIA/application/python-services/fluid_sim_baker.py,main,390,403,True,python,unreviewed
AuroraIA/application/python-services/flux_pose_control.py,build_posed_workflow,49,79,True,python,unreviewed
AuroraIA/application/python-services/flux_pose_control.py,synth_posed,82,110,True,python,unreviewed
AuroraIA/application/python-services/flux_pose_control.py,main,113,130,True,python,unreviewed
AuroraIA/application/python-services/flux_reference_synth.py,check_models_present,74,102,True,python,unreviewed
AuroraIA/application/python-services/flux_reference_synth.py,build_workflow,105,188,True,python,unreviewed
AuroraIA/application/python-services/flux_reference_synth.py,_unload_ollama,191,214,False,python,unreviewed
AuroraIA/application/python-services/flux_reference_synth.py,post_prompt,217,236,True,python,unreviewed
AuroraIA/application/python-services/flux_reference_synth.py,_job_known,243,255,False,python,unreviewed
AuroraIA/application/python-services/flux_reference_synth.py,poll_history,258,288,True,python,unreviewed
AuroraIA/application/python-services/flux_reference_synth.py,output_path_from_history,291,304,True,python,unreviewed
AuroraIA/application/python-services/flux_reference_synth.py,fetch_to,307,312,True,python,unreviewed
AuroraIA/application/python-services/flux_reference_synth.py,_motion_reference_contract,373,399,False,python,unreviewed
AuroraIA/application/python-services/flux_reference_synth.py,_human_fidelity_contract,402,431,False,python,unreviewed
AuroraIA/application/python-services/flux_reference_synth.py,_style_demande,456,462,False,python,unreviewed
AuroraIA/application/python-services/flux_reference_synth.py,composition_de,496,509,True,python,unreviewed
AuroraIA/application/python-services/flux_reference_synth.py,suggest_resolution,512,519,True,python,unreviewed
AuroraIA/application/python-services/flux_reference_synth.py,suggest_resolution._r64,515,516,False,python,unreviewed
AuroraIA/application/python-services/flux_reference_synth.py,_single_view_base_prompt,522,568,False,python,unreviewed
AuroraIA/application/python-services/flux_reference_synth.py,_re_detecte_sujet_chevelu,578,580,False,python,unreviewed
AuroraIA/application/python-services/flux_reference_synth.py,_retry_single_view_prompt,583,613,False,python,unreviewed
AuroraIA/application/python-services/flux_reference_synth.py,_cleanup_character_reference,616,719,False,python,unreviewed
AuroraIA/application/python-services/flux_reference_synth.py,_foreground_metrics,722,812,False,python,unreviewed
AuroraIA/application/python-services/flux_reference_synth.py,_palette_overlap,815,831,False,python,unreviewed
AuroraIA/application/python-services/flux_reference_synth.py,_palette_overlap.as_map,816,822,False,python,unreviewed
AuroraIA/application/python-services/flux_reference_synth.py,_motion_pose_requirements,834,841,False,python,unreviewed
AuroraIA/application/python-services/flux_reference_synth.py,audit_multiview_consistency,844,926,True,python,unreviewed
AuroraIA/application/python-services/flux_reference_synth.py,synth_multiview,929,1067,True,python,unreviewed
AuroraIA/application/python-services/flux_reference_synth.py,synth,1070,1139,True,python,unreviewed
AuroraIA/application/python-services/flux_reference_synth.py,main,1142,1198,True,python,unreviewed
AuroraIA/application/python-services/forge_layers.py,emit,38,39,True,python,unreviewed
AuroraIA/application/python-services/forge_layers.py,comfy_up,44,49,True,python,unreviewed
AuroraIA/application/python-services/forge_layers.py,comfy_post,52,60,True,python,unreviewed
AuroraIA/application/python-services/forge_layers.py,comfy_upload_image,63,80,True,python,unreviewed
AuroraIA/application/python-services/forge_layers.py,comfy_view,83,86,True,python,unreviewed
AuroraIA/application/python-services/forge_layers.py,comfy_poll_until_done,89,100,True,python,unreviewed
AuroraIA/application/python-services/forge_layers.py,layer_text_prompt,137,145,True,python,unreviewed
AuroraIA/application/python-services/forge_layers.py,safe_filename,148,149,True,python,unreviewed
AuroraIA/application/python-services/forge_layers.py,build_segment_workflow,154,197,True,python,unreviewed
AuroraIA/application/python-services/forge_layers.py,build_inpaint_workflow,200,246,True,python,unreviewed
AuroraIA/application/python-services/forge_layers.py,main,251,375,True,python,unreviewed
AuroraIA/application/python-services/forge_warmup.py,emit,22,23,True,python,unreviewed
AuroraIA/application/python-services/forge_warmup.py,post,26,33,True,python,unreviewed
AuroraIA/application/python-services/forge_warmup.py,poll,36,59,True,python,unreviewed
AuroraIA/application/python-services/forge_warmup.py,main,62,115,True,python,unreviewed
AuroraIA/application/python-services/forge_write_rig.py,main,16,32,True,python,unreviewed
AuroraIA/application/python-services/fusion_acteurs.py,fusionner,51,69,True,python,unreviewed
AuroraIA/application/python-services/generate_art_master.py,draw_tiktok_icon,4,13,True,python,unreviewed
AuroraIA/application/python-services/generate_art_master.py,draw_instagram_icon,15,35,True,python,unreviewed
AuroraIA/application/python-services/generate_art_master.py,create_front_art,41,105,True,python,unreviewed
AuroraIA/application/python-services/generate_art_master.py,create_back_art,111,182,True,python,unreviewed
AuroraIA/application/python-services/generate_avatar.py,emit,30,32,True,python,unreviewed
AuroraIA/application/python-services/generate_avatar.py,comfy_available,35,41,True,python,unreviewed
AuroraIA/application/python-services/generate_avatar.py,_comfy_post,44,56,False,python,unreviewed
AuroraIA/application/python-services/generate_avatar.py,_comfy_get,59,70,False,python,unreviewed
AuroraIA/application/python-services/generate_avatar.py,wake_comfyui,73,131,True,python,unreviewed
AuroraIA/application/python-services/generate_avatar.py,stop_comfyui,134,158,True,python,unreviewed
AuroraIA/application/python-services/generate_avatar.py,build_avatar_prompt,161,206,True,python,unreviewed
AuroraIA/application/python-services/generate_avatar.py,generate_image_comfy,209,325,True,python,unreviewed
AuroraIA/application/python-services/generate_avatar.py,generate_image_fallback,328,375,True,python,unreviewed
AuroraIA/application/python-services/generate_avatar.py,run_hunyuan3d,378,399,True,python,unreviewed
AuroraIA/application/python-services/generate_avatar.py,run_character_research,402,428,True,python,unreviewed
AuroraIA/application/python-services/generate_avatar.py,main,431,537,True,python,unreviewed
AuroraIA/application/python-services/generate_clean_solid_tshirt.py,draw_tiktok_icon,5,12,True,python,unreviewed
AuroraIA/application/python-services/generate_clean_solid_tshirt.py,draw_instagram_icon,14,34,True,python,unreviewed
AuroraIA/application/python-services/generate_clean_solid_tshirt.py,draw_pcb_network,36,67,True,python,unreviewed
AuroraIA/application/python-services/generate_clean_solid_tshirt.py,create_front_clean_4k,70,153,True,python,unreviewed
AuroraIA/application/python-services/generate_clean_solid_tshirt.py,create_back_clean_4k,156,245,True,python,unreviewed
AuroraIA/application/python-services/generate_face_glb.py,make_sphere,9,39,True,python,unreviewed
AuroraIA/application/python-services/generate_face_glb.py,make_morph_target,41,51,True,python,unreviewed
AuroraIA/application/python-services/generate_face_glb.py,jaw_open,53,58,True,python,unreviewed
AuroraIA/application/python-services/generate_face_glb.py,mouth_smile,60,64,True,python,unreviewed
AuroraIA/application/python-services/generate_face_glb.py,mouth_funnel,66,72,True,python,unreviewed
AuroraIA/application/python-services/generate_face_glb.py,eye_blink_l,74,78,True,python,unreviewed
AuroraIA/application/python-services/generate_face_glb.py,eye_blink_r,80,84,True,python,unreviewed
AuroraIA/application/python-services/generate_face_glb.py,brow_up,86,90,True,python,unreviewed
AuroraIA/application/python-services/generate_face_glb.py,mouth_stretch,92,96,True,python,unreviewed
AuroraIA/application/python-services/generate_face_glb.py,mouth_lower_down,98,102,True,python,unreviewed
AuroraIA/application/python-services/generate_face_glb.py,pack_buffer,104,120,True,python,unreviewed
AuroraIA/application/python-services/generate_face_glb.py,build_glb,122,233,True,python,unreviewed
AuroraIA/application/python-services/generate_face_glb.py,build_glb.vec3_bounds,152,154,True,python,unreviewed
AuroraIA/application/python-services/generate_female_tshirt_graphic.py,draw_glow_text,57,63,True,python,unreviewed
AuroraIA/application/python-services/generate_five_finger_hand.py,create_stylized_5finger_hand,6,76,True,python,unreviewed
AuroraIA/application/python-services/generate_mega_streetwear_tshirt.py,draw_tiktok_icon,5,12,True,python,unreviewed
AuroraIA/application/python-services/generate_mega_streetwear_tshirt.py,draw_instagram_icon,14,34,True,python,unreviewed
AuroraIA/application/python-services/generate_mega_streetwear_tshirt.py,draw_pcb_network,36,67,True,python,unreviewed
AuroraIA/application/python-services/generate_mega_streetwear_tshirt.py,create_front_mega_4k,70,153,True,python,unreviewed
AuroraIA/application/python-services/generate_mega_streetwear_tshirt.py,create_back_mega_4k,156,245,True,python,unreviewed
AuroraIA/application/python-services/generate_perso_master_3d.py,main,31,187,True,python,unreviewed
AuroraIA/application/python-services/generate_pro_tshirt.py,draw_tiktok,5,11,True,python,unreviewed
AuroraIA/application/python-services/generate_pro_tshirt.py,draw_instagram,13,30,True,python,unreviewed
AuroraIA/application/python-services/generate_pro_tshirt.py,draw_pcb_motherboard,32,64,True,python,unreviewed
AuroraIA/application/python-services/generate_pro_tshirt.py,render_front_master_4k,67,139,True,python,unreviewed
AuroraIA/application/python-services/generate_pro_tshirt.py,render_back_master_4k,142,221,True,python,unreviewed
AuroraIA/application/python-services/generate_tshirt_patches.py,enhance_patch,5,39,True,python,unreviewed
AuroraIA/application/python-services/glb_animation_injector.py,_find_humanoid_bones,58,72,False,python,unreviewed
AuroraIA/application/python-services/glb_animation_injector.py,_quat_x,75,78,False,python,unreviewed
AuroraIA/application/python-services/glb_animation_injector.py,_build_keyframe_floats,81,120,False,python,unreviewed
AuroraIA/application/python-services/glb_animation_injector.py,_emit_glb,123,140,False,python,unreviewed
AuroraIA/application/python-services/glb_animation_injector.py,_inject_per_part_rotate,143,218,False,python,unreviewed
AuroraIA/application/python-services/glb_animation_injector.py,_inject_walk_humanoid,221,308,False,python,unreviewed
AuroraIA/application/python-services/glb_animation_injector.py,_inject_single_channel,311,381,False,python,unreviewed
AuroraIA/application/python-services/glb_animation_injector.py,_build_per_part_rotation_channels,384,423,False,python,unreviewed
AuroraIA/application/python-services/glb_animation_injector.py,_build_walk_humanoid_channels,426,484,False,python,unreviewed
AuroraIA/application/python-services/glb_animation_injector.py,_build_walk_humanoid_channels._vals,449,457,False,python,unreviewed
AuroraIA/application/python-services/glb_animation_injector.py,_find_morph_target_node,487,506,False,python,unreviewed
AuroraIA/application/python-services/glb_animation_injector.py,_find_morph_target_node._target_count,491,498,False,python,unreviewed
AuroraIA/application/python-services/glb_animation_injector.py,_inject_weights,509,584,False,python,unreviewed
AuroraIA/application/python-services/glb_animation_injector.py,inject,587,743,True,python,unreviewed
AuroraIA/application/python-services/glb_animation_injector.py,main,746,785,True,python,unreviewed
AuroraIA/application/python-services/glb_clips_merge.py,_aligner,44,48,False,python,unreviewed
AuroraIA/application/python-services/glb_clips_merge.py,_copier_accesseur,51,76,False,python,unreviewed
AuroraIA/application/python-services/glb_clips_merge.py,_noeuds_cibles,79,85,False,python,unreviewed
AuroraIA/application/python-services/glb_clips_merge.py,fusionner,88,160,True,python,unreviewed
AuroraIA/application/python-services/glb_clips_merge.py,main,163,176,True,python,unreviewed
AuroraIA/application/python-services/glb_elaguer.py,tex_of,28,35,True,python,unreviewed
AuroraIA/application/python-services/glb_elaguer.py,repack,56,64,True,python,unreviewed
AuroraIA/application/python-services/glb_io.py,load,9,18,True,python,unreviewed
AuroraIA/application/python-services/glb_io.py,accessor,20,32,True,python,unreviewed
AuroraIA/application/python-services/glb_io.py,image_bytes,34,37,True,python,unreviewed
AuroraIA/application/python-services/glb_io.py,save,39,47,True,python,unreviewed
AuroraIA/application/python-services/glb_material_writer.py,_ensure_used,27,31,False,python,unreviewed
AuroraIA/application/python-services/glb_material_writer.py,_append_png_texture,34,47,False,python,unreviewed
AuroraIA/application/python-services/glb_material_writer.py,_replace_glb_image,50,68,False,python,unreviewed
AuroraIA/application/python-services/glb_material_writer.py,_pack_ao_into_mr,71,88,False,python,unreviewed
AuroraIA/application/python-services/glb_material_writer.py,_rgb,91,93,False,python,unreviewed
AuroraIA/application/python-services/glb_material_writer.py,_apply_zone,96,185,False,python,unreviewed
AuroraIA/application/python-services/glb_material_writer.py,apply_manifest,188,251,True,python,unreviewed
AuroraIA/application/python-services/glb_material_writer.py,_make_fallback_glb,254,262,False,python,unreviewed
AuroraIA/application/python-services/glb_material_writer.py,_self_test,265,331,False,python,unreviewed
AuroraIA/application/python-services/glb_material_writer.py,_self_test_manifest,334,375,False,python,unreviewed
AuroraIA/application/python-services/glb_material_writer.py,main,378,403,True,python,unreviewed
AuroraIA/application/python-services/head_material_pbr.py,_find_blender,31,36,False,python,unreviewed
AuroraIA/application/python-services/head_material_pbr.py,apply_head_pbr,116,151,True,python,unreviewed
AuroraIA/application/python-services/houdini_sim.py,available,328,332,True,python,unreviewed
AuroraIA/application/python-services/houdini_sim.py,_run,335,345,False,python,unreviewed
AuroraIA/application/python-services/houdini_sim.py,simulate,348,405,True,python,unreviewed
AuroraIA/application/python-services/houdini_sim.py,main,408,432,True,python,unreviewed
AuroraIA/application/python-services/human_prompt_director.py,strip_accents,18,19,True,python,unreviewed
AuroraIA/application/python-services/human_prompt_director.py,detect_category,21,56,True,python,unreviewed
AuroraIA/application/python-services/human_prompt_director.py,direct_prompt,58,359,True,python,unreviewed
AuroraIA/application/python-services/hymotion_generate.py,_python,44,50,False,python,unreviewed
AuroraIA/application/python-services/hymotion_generate.py,_model_path,53,59,False,python,unreviewed
AuroraIA/application/python-services/hymotion_generate.py,available,62,67,True,python,unreviewed
AuroraIA/application/python-services/hymotion_generate.py,generate,70,137,True,python,unreviewed
AuroraIA/application/python-services/hymotion_generate.py,main,140,163,True,python,unreviewed
AuroraIA/application/python-services/hymotion_to_bvh.py,convert,41,113,True,python,unreviewed
AuroraIA/application/python-services/hymotion_to_bvh.py,main,116,124,True,python,unreviewed
AuroraIA/application/python-services/image_module_engine.py,slugify,49,51,True,python,unreviewed
AuroraIA/application/python-services/image_module_engine.py,resolve_main_folder,53,64,True,python,unreviewed
AuroraIA/application/python-services/image_module_engine.py,unload_ollama_memory,66,85,True,python,unreviewed
AuroraIA/application/python-services/image_module_engine.py,calculate_sharpness,89,98,True,python,unreviewed
AuroraIA/application/python-services/image_module_engine.py,calculate_contrast,100,102,True,python,unreviewed
AuroraIA/application/python-services/image_module_engine.py,calculate_tileability_error,104,108,True,python,unreviewed
AuroraIA/application/python-services/image_module_engine.py,calculate_dominant_palette,110,116,True,python,unreviewed
AuroraIA/application/python-services/image_module_engine.py,compute_normal_map,118,133,True,python,unreviewed
AuroraIA/application/python-services/image_module_engine.py,build_comfy_flux_workflow,137,246,True,python,unreviewed
AuroraIA/application/python-services/image_module_engine.py,submit_comfy_prompt,249,263,True,python,unreviewed
AuroraIA/application/python-services/image_module_engine.py,wait_for_comfy_image,265,287,True,python,unreviewed
AuroraIA/application/python-services/image_module_engine.py,generate_image_manifest,291,548,True,python,unreviewed
AuroraIA/application/python-services/image_to_motion.py,emit,92,93,True,python,unreviewed
AuroraIA/application/python-services/image_to_motion.py,detect_faces,100,188,True,python,unreviewed
AuroraIA/application/python-services/image_to_motion.py,detect_faces._detect,134,144,False,python,unreviewed
AuroraIA/application/python-services/image_to_motion.py,generation_size,191,197,True,python,unreviewed
AuroraIA/application/python-services/image_to_motion.py,analyse,200,268,True,python,unreviewed
AuroraIA/application/python-services/image_to_motion.py,crop_to_face,271,296,True,python,unreviewed
AuroraIA/application/python-services/image_to_motion.py,main,299,419,True,python,unreviewed
AuroraIA/application/python-services/install_bl_compat.py,_blender_config_roots,24,35,False,python,unreviewed
AuroraIA/application/python-services/install_bl_compat.py,install,38,54,True,python,unreviewed
AuroraIA/application/python-services/liquide_interieur.py,_rayon_exterieur,34,83,False,python,unreviewed
AuroraIA/application/python-services/liquide_interieur.py,volume_liquide,86,139,True,python,unreviewed
AuroraIA/application/python-services/liquide_interieur.py,main,142,215,True,python,unreviewed
AuroraIA/application/python-services/liquide_interieur.py,main.ajoute,172,187,True,python,unreviewed
AuroraIA/application/python-services/livraison_organisee.py,_glb_sans_materiaux,35,71,False,python,unreviewed
AuroraIA/application/python-services/livraison_organisee.py,organiser,74,312,True,python,unreviewed
AuroraIA/application/python-services/livraison_organisee.py,organiser._mv,103,112,False,python,unreviewed
AuroraIA/application/python-services/llm_disponible.py,modeles_installes,33,43,True,python,unreviewed
AuroraIA/application/python-services/llm_disponible.py,resoudre_modele,46,75,True,python,unreviewed
AuroraIA/application/python-services/llm_disponible.py,_dire,78,82,False,python,unreviewed
AuroraIA/application/python-services/llm_disponible.py,main,85,94,True,python,unreviewed
AuroraIA/application/python-services/material_intel_classifier.py,_ollama_chat,188,217,False,python,unreviewed
AuroraIA/application/python-services/material_intel_classifier.py,_safe_json_extract,220,232,False,python,unreviewed
AuroraIA/application/python-services/material_intel_classifier.py,_clamp01,235,240,False,python,unreviewed
AuroraIA/application/python-services/material_intel_classifier.py,_clamp_channel,243,249,False,python,unreviewed
AuroraIA/application/python-services/material_intel_classifier.py,_normalize_channels,252,267,False,python,unreviewed
AuroraIA/application/python-services/material_intel_classifier.py,_resolve_class,270,276,False,python,unreviewed
AuroraIA/application/python-services/material_intel_classifier.py,_normalize,279,318,False,python,unreviewed
AuroraIA/application/python-services/material_intel_classifier.py,_regex_fallback,321,367,False,python,unreviewed
AuroraIA/application/python-services/material_intel_classifier.py,classify,370,397,True,python,unreviewed
AuroraIA/application/python-services/material_intel_classifier.py,to_canonical,400,439,True,python,unreviewed
AuroraIA/application/python-services/material_intel_classifier.py,_zone_by_class,442,446,False,python,unreviewed
AuroraIA/application/python-services/material_intel_classifier.py,self_test,449,538,True,python,unreviewed
AuroraIA/application/python-services/material_intel_classifier.py,main,541,559,True,python,unreviewed
AuroraIA/application/python-services/material_manifest.py,_is_number,38,39,False,python,unreviewed
AuroraIA/application/python-services/material_manifest.py,parse_color,42,55,True,python,unreviewed
AuroraIA/application/python-services/material_manifest.py,color_to_hex,58,59,True,python,unreviewed
AuroraIA/application/python-services/material_manifest.py,_clamp,62,63,False,python,unreviewed
AuroraIA/application/python-services/material_manifest.py,validate,66,120,True,python,unreviewed
AuroraIA/application/python-services/material_manifest.py,normalize,123,160,True,python,unreviewed
AuroraIA/application/python-services/material_manifest.py,_self_test,163,224,False,python,unreviewed
AuroraIA/application/python-services/material_manifest.py,main,227,253,True,python,unreviewed
AuroraIA/application/python-services/material_vision_pass.py,_print_result,27,28,False,python,unreviewed
AuroraIA/application/python-services/material_vision_pass.py,_find_blender,31,36,False,python,unreviewed
AuroraIA/application/python-services/material_vision_pass.py,_glb_context,39,54,False,python,unreviewed
AuroraIA/application/python-services/material_vision_pass.py,_render_views,57,72,False,python,unreviewed
AuroraIA/application/python-services/material_vision_pass.py,_collect_views,75,79,False,python,unreviewed
AuroraIA/application/python-services/material_vision_pass.py,_norm,82,85,False,python,unreviewed
AuroraIA/application/python-services/material_vision_pass.py,_tokens,88,89,False,python,unreviewed
AuroraIA/application/python-services/material_vision_pass.py,_token_eq,92,93,False,python,unreviewed
AuroraIA/application/python-services/material_vision_pass.py,_label_score,96,109,False,python,unreviewed
AuroraIA/application/python-services/material_vision_pass.py,_norm_canal,112,119,False,python,unreviewed
AuroraIA/application/python-services/material_vision_pass.py,_valid_bbox,122,131,False,python,unreviewed
AuroraIA/application/python-services/material_vision_pass.py,_zones_key,134,138,False,python,unreviewed
AuroraIA/application/python-services/material_vision_pass.py,_zone_label,141,145,False,python,unreviewed
AuroraIA/application/python-services/material_vision_pass.py,_zone_canal,148,152,False,python,unreviewed
AuroraIA/application/python-services/material_vision_pass.py,_build_question,155,169,False,python,unreviewed
AuroraIA/application/python-services/material_vision_pass.py,_parse_vlm,179,207,False,python,unreviewed
AuroraIA/application/python-services/material_vision_pass.py,_majority,210,217,False,python,unreviewed
AuroraIA/application/python-services/material_vision_pass.py,_merge,220,306,False,python,unreviewed
AuroraIA/application/python-services/material_vision_pass.py,run_pass,309,353,True,python,unreviewed
AuroraIA/application/python-services/material_vision_pass.py,_self_test,356,435,False,python,unreviewed
AuroraIA/application/python-services/material_vision_pass.py,main,438,476,True,python,unreviewed
AuroraIA/application/python-services/mesh_acceptance_gate.py,_read_gltf_json,106,118,False,python,unreviewed
AuroraIA/application/python-services/mesh_acceptance_gate.py,prompt_expectations,121,147,True,python,unreviewed
AuroraIA/application/python-services/mesh_acceptance_gate.py,_norm_extents,150,154,False,python,unreviewed
AuroraIA/application/python-services/mesh_acceptance_gate.py,_body_part_coverage,157,173,False,python,unreviewed
AuroraIA/application/python-services/mesh_acceptance_gate.py,_body_part_coverage.has_any,158,159,False,python,unreviewed
AuroraIA/application/python-services/mesh_acceptance_gate.py,_animation_markers,176,292,False,python,unreviewed
AuroraIA/application/python-services/mesh_acceptance_gate.py,_animation_markers.walk,203,215,False,python,unreviewed
AuroraIA/application/python-services/mesh_acceptance_gate.py,_human_fidelity_markers,295,347,False,python,unreviewed
AuroraIA/application/python-services/mesh_acceptance_gate.py,_human_fidelity_markers.count_any,311,312,False,python,unreviewed
AuroraIA/application/python-services/mesh_acceptance_gate.py,_strimer_plus_v2_markers,350,415,False,python,unreviewed
AuroraIA/application/python-services/mesh_acceptance_gate.py,_strimer_plus_v2_markers.count,363,364,False,python,unreviewed
AuroraIA/application/python-services/mesh_acceptance_gate.py,_strimer_plus_v2_markers.extras_walk,366,373,False,python,unreviewed
AuroraIA/application/python-services/mesh_acceptance_gate.py,_strimer_geometry_audit,418,493,False,python,unreviewed
AuroraIA/application/python-services/mesh_acceptance_gate.py,_strimer_geometry_audit.group_bounds,434,454,False,python,unreviewed
AuroraIA/application/python-services/mesh_acceptance_gate.py,_strimer_geometry_audit.positive_gap,461,464,False,python,unreviewed
AuroraIA/application/python-services/mesh_acceptance_gate.py,_load_proxy_reports,496,510,False,python,unreviewed
AuroraIA/application/python-services/mesh_acceptance_gate.py,acceptance_threshold,513,523,True,python,unreviewed
AuroraIA/application/python-services/mesh_acceptance_gate.py,_quality_score_for_acceptance,526,549,False,python,unreviewed
AuroraIA/application/python-services/mesh_acceptance_gate.py,evaluate_acceptance,552,804,True,python,unreviewed
AuroraIA/application/python-services/mesh_acceptance_gate.py,render_pretty,807,823,True,python,unreviewed
AuroraIA/application/python-services/mesh_acceptance_gate.py,main,826,851,True,python,unreviewed
AuroraIA/application/python-services/mesh_batch_rescue.py,find_files,37,44,True,python,unreviewed
AuroraIA/application/python-services/mesh_batch_rescue.py,read_sidecar_prompt,47,54,True,python,unreviewed
AuroraIA/application/python-services/mesh_batch_rescue.py,batch_rescue,57,115,True,python,unreviewed
AuroraIA/application/python-services/mesh_batch_rescue.py,render_pretty,118,140,True,python,unreviewed
AuroraIA/application/python-services/mesh_batch_rescue.py,main,143,162,True,python,unreviewed
AuroraIA/application/python-services/mesh_color_diagnostic.py,quantize_colors,34,47,True,python,unreviewed
AuroraIA/application/python-services/mesh_color_diagnostic.py,palette_distribution,50,73,True,python,unreviewed
AuroraIA/application/python-services/mesh_color_diagnostic.py,measure_image,76,95,True,python,unreviewed
AuroraIA/application/python-services/mesh_color_diagnostic.py,measure_mesh,98,129,True,python,unreviewed
AuroraIA/application/python-services/mesh_color_diagnostic.py,diagnose,132,193,True,python,unreviewed
AuroraIA/application/python-services/mesh_color_diagnostic.py,render_pretty,196,223,True,python,unreviewed
AuroraIA/application/python-services/mesh_color_diagnostic.py,main,226,247,True,python,unreviewed
AuroraIA/application/python-services/mesh_compare.py,compare,26,68,True,python,unreviewed
AuroraIA/application/python-services/mesh_compare.py,render_pretty,71,92,True,python,unreviewed
AuroraIA/application/python-services/mesh_compare.py,main,95,112,True,python,unreviewed
AuroraIA/application/python-services/mesh_part_split.py,_read_source_metadata,40,69,False,python,unreviewed
AuroraIA/application/python-services/mesh_part_split.py,_emit_glb,72,88,False,python,unreviewed
AuroraIA/application/python-services/mesh_part_split.py,_kmeans_lloyd,91,126,False,python,unreviewed
AuroraIA/application/python-services/mesh_part_split.py,split,129,338,True,python,unreviewed
AuroraIA/application/python-services/mesh_part_split.py,split._add_buffer,196,202,False,python,unreviewed
AuroraIA/application/python-services/mesh_part_split.py,main,341,371,True,python,unreviewed
AuroraIA/application/python-services/mesh_postprocess.py,emit,43,44,True,python,unreviewed
AuroraIA/application/python-services/mesh_postprocess.py,emit_json,47,48,True,python,unreviewed
AuroraIA/application/python-services/mesh_postprocess.py,resolve_profile,146,171,True,python,unreviewed
AuroraIA/application/python-services/mesh_postprocess.py,_trimesh_drop_floaters,180,230,False,python,unreviewed
AuroraIA/application/python-services/mesh_postprocess.py,_trimesh_taubin_smoothing,232,245,False,python,unreviewed
AuroraIA/application/python-services/mesh_postprocess.py,_trimesh_laplacian_smoothing,248,258,False,python,unreviewed
AuroraIA/application/python-services/mesh_postprocess.py,_trimesh_fix_normals,261,268,False,python,unreviewed
AuroraIA/application/python-services/mesh_postprocess.py,_trimesh_fill_holes,271,276,False,python,unreviewed
AuroraIA/application/python-services/mesh_postprocess.py,_measure_bilateral_asymmetry,279,307,False,python,unreviewed
AuroraIA/application/python-services/mesh_postprocess.py,_trimesh_apply_bilateral_symmetry,310,362,False,python,unreviewed
AuroraIA/application/python-services/mesh_postprocess.py,_decimate_texture_preservee,387,434,False,python,unreviewed
AuroraIA/application/python-services/mesh_postprocess.py,_trimesh_decimate,437,461,False,python,unreviewed
AuroraIA/application/python-services/mesh_postprocess.py,_try_pymeshlab,473,599,False,python,unreviewed
AuroraIA/application/python-services/mesh_postprocess.py,_capture_mesh_dimensions,602,613,False,python,unreviewed
AuroraIA/application/python-services/mesh_postprocess.py,_restore_mesh_volume,616,635,False,python,unreviewed
AuroraIA/application/python-services/mesh_postprocess.py,_apply_target_dimension,638,668,False,python,unreviewed
AuroraIA/application/python-services/mesh_postprocess.py,_trimesh_pipeline,671,740,False,python,unreviewed
AuroraIA/application/python-services/mesh_postprocess.py,post_process,743,764,True,python,unreviewed
AuroraIA/application/python-services/mesh_postprocess.py,main,767,834,True,python,unreviewed
AuroraIA/application/python-services/mesh_quality_score.py,_read_gltf_json,109,123,False,python,unreviewed
AuroraIA/application/python-services/mesh_quality_score.py,_score_material_palette,126,195,False,python,unreviewed
AuroraIA/application/python-services/mesh_quality_score.py,score_color_richness,198,244,True,python,unreviewed
AuroraIA/application/python-services/mesh_quality_score.py,score_geometric_density,247,256,True,python,unreviewed
AuroraIA/application/python-services/mesh_quality_score.py,_bbox_sujet,259,284,False,python,unreviewed
AuroraIA/application/python-services/mesh_quality_score.py,_aspect_depuis_references,287,313,False,python,unreviewed
AuroraIA/application/python-services/mesh_quality_score.py,score_silhouette_aspect,316,346,True,python,unreviewed
AuroraIA/application/python-services/mesh_quality_score.py,score_manifold_health,349,368,True,python,unreviewed
AuroraIA/application/python-services/mesh_quality_score.py,score_surface_quality,371,411,True,python,unreviewed
AuroraIA/application/python-services/mesh_quality_score.py,score_mesh,414,488,True,python,unreviewed
AuroraIA/application/python-services/mesh_quality_score.py,render_pretty,491,512,True,python,unreviewed
AuroraIA/application/python-services/mesh_quality_score.py,main,515,533,True,python,unreviewed
AuroraIA/application/python-services/mesh_reshape.py,find_best_axis_mapping,41,53,True,python,unreviewed
AuroraIA/application/python-services/mesh_reshape.py,reshape,56,136,True,python,unreviewed
AuroraIA/application/python-services/mesh_reshape.py,render_pretty,139,155,True,python,unreviewed
AuroraIA/application/python-services/mesh_reshape.py,main,158,176,True,python,unreviewed
AuroraIA/application/python-services/mesh_run_index.py,categorize,43,66,True,python,unreviewed
AuroraIA/application/python-services/mesh_run_index.py,stat_file,69,80,True,python,unreviewed
AuroraIA/application/python-services/mesh_run_index.py,maybe_score,83,101,True,python,unreviewed
AuroraIA/application/python-services/mesh_run_index.py,index_runs,104,180,True,python,unreviewed
AuroraIA/application/python-services/mesh_run_index.py,render_pretty,183,203,True,python,unreviewed
AuroraIA/application/python-services/mesh_run_index.py,main,206,224,True,python,unreviewed
AuroraIA/application/python-services/mesh_sanitize.py,mesh_health,380,429,True,python,unreviewed
AuroraIA/application/python-services/mesh_sanitize.py,_soft_clean,432,456,False,python,unreviewed
AuroraIA/application/python-services/mesh_sanitize.py,_poisson_clean,459,481,False,python,unreviewed
AuroraIA/application/python-services/mesh_sanitize.py,sanitize_mesh,484,519,True,python,unreviewed
AuroraIA/application/python-services/mesh_sanitize.py,main,522,532,True,python,unreviewed
AuroraIA/application/python-services/mesh_screenshot.py,_find_blender_executable,30,44,False,python,unreviewed
AuroraIA/application/python-services/mesh_screenshot.py,_png_looks_blank,47,55,False,python,unreviewed
AuroraIA/application/python-services/mesh_screenshot.py,_render_with_blender,58,268,False,python,unreviewed
AuroraIA/application/python-services/mesh_screenshot.py,render_mesh_screenshots,271,541,True,python,unreviewed
AuroraIA/application/python-services/mesh_screenshot.py,render_mesh_screenshots._view_output,359,361,False,python,unreviewed
AuroraIA/application/python-services/mesh_screenshot.py,main,544,571,True,python,unreviewed
AuroraIA/application/python-services/mesh_sharpen.py,sharpen,33,124,True,python,unreviewed
AuroraIA/application/python-services/mesh_sharpen.py,render_pretty,127,138,True,python,unreviewed
AuroraIA/application/python-services/mesh_sharpen.py,main,141,169,True,python,unreviewed
AuroraIA/application/python-services/mesh_taubin.py,taubin_smooth,22,108,True,python,unreviewed
AuroraIA/application/python-services/mesh_taubin.py,main,111,123,True,python,unreviewed
AuroraIA/application/python-services/mesh_visual_audit.py,_read_gltf_json,37,50,False,python,unreviewed
AuroraIA/application/python-services/mesh_visual_audit.py,_material_palette_stats,53,88,False,python,unreviewed
AuroraIA/application/python-services/mesh_visual_audit.py,audit,91,197,True,python,unreviewed
AuroraIA/application/python-services/mesh_visual_audit.py,render_pretty,200,221,True,python,unreviewed
AuroraIA/application/python-services/mesh_visual_audit.py,main,224,239,True,python,unreviewed
AuroraIA/application/python-services/mesh_weld.py,_find_blender,34,42,False,python,unreviewed
AuroraIA/application/python-services/mesh_weld.py,weld,135,160,True,python,unreviewed
AuroraIA/application/python-services/mesh_weld.py,main,163,174,True,python,unreviewed
AuroraIA/application/python-services/meshroom_run.py,emit,22,23,True,python,unreviewed
AuroraIA/application/python-services/meshroom_run.py,find_meshroom,26,42,True,python,unreviewed
AuroraIA/application/python-services/meshroom_run.py,find_images,45,61,True,python,unreviewed
AuroraIA/application/python-services/meshroom_run.py,run_meshroom,64,178,True,python,unreviewed
AuroraIA/application/python-services/meshroom_run.py,main,181,207,True,python,unreviewed
AuroraIA/application/python-services/meshy_client.py,reglages_qualite,57,62,True,python,unreviewed
AuroraIA/application/python-services/meshy_client.py,cle,69,77,True,python,unreviewed
AuroraIA/application/python-services/meshy_client.py,_appel,80,92,False,python,unreviewed
AuroraIA/application/python-services/meshy_client.py,joignable,95,114,True,python,unreviewed
AuroraIA/application/python-services/meshy_client.py,_image_en_uri,117,121,False,python,unreviewed
AuroraIA/application/python-services/meshy_client.py,_attendre,124,145,False,python,unreviewed
AuroraIA/application/python-services/meshy_client.py,_telecharger,148,151,False,python,unreviewed
AuroraIA/application/python-services/meshy_client.py,_produire,154,198,False,python,unreviewed
AuroraIA/application/python-services/meshy_client.py,depuis_image,201,214,True,python,unreviewed
AuroraIA/application/python-services/meshy_client.py,depuis_texte,217,225,True,python,unreviewed
AuroraIA/application/python-services/meshy_client.py,rigger,259,295,True,python,unreviewed
AuroraIA/application/python-services/meshy_client.py,animer,298,330,True,python,unreviewed
AuroraIA/application/python-services/meshy_client.py,remailler,333,380,True,python,unreviewed
AuroraIA/application/python-services/meshy_client.py,reporter_le_materiau,383,420,True,python,unreviewed
AuroraIA/application/python-services/mia_mocap_retarget.py,_purger_meshes_morts,49,57,False,python,unreviewed
AuroraIA/application/python-services/mia_mocap_retarget.py,_souder,60,74,False,python,unreviewed
AuroraIA/application/python-services/mia_mocap_retarget.py,_couper_ponts,77,116,False,python,unreviewed
AuroraIA/application/python-services/mia_mocap_retarget.py,_couper_ponts.profil,89,90,False,python,unreviewed
AuroraIA/application/python-services/mia_mocap_retarget.py,_couper_ponts.dist,92,94,False,python,unreviewed
AuroraIA/application/python-services/mia_mocap_retarget.py,_reboucher,119,132,False,python,unreviewed
AuroraIA/application/python-services/mia_mocap_retarget.py,_solidariser_ilots,135,195,False,python,unreviewed
AuroraIA/application/python-services/mia_mocap_retarget.py,_solidariser_ilots.find,151,155,False,python,unreviewed
AuroraIA/application/python-services/mia_mocap_retarget.py,_mesurer_aretes,329,359,False,python,unreviewed
AuroraIA/application/python-services/mia_mocap_retarget.py,_couper_aretes,362,376,False,python,unreviewed
AuroraIA/application/python-services/mia_walk_apply.py,_is_mia,45,46,False,python,unreviewed
AuroraIA/application/python-services/mia_walk_apply.py,find_bone,55,64,True,python,unreviewed
AuroraIA/application/python-services/mia_walk_apply.py,_cycle,109,110,False,python,unreviewed
AuroraIA/application/python-services/mia_walk_apply.py,_eul,113,116,False,python,unreviewed
AuroraIA/application/python-services/mia_walk_apply.py,_kf,119,121,False,python,unreviewed
AuroraIA/application/python-services/mocap_bake_bpy.py,_register_retarget_bvh,46,86,False,python,unreviewed
AuroraIA/application/python-services/mocap_bake_bpy.py,_select_rig,89,114,False,python,unreviewed
AuroraIA/application/python-services/mocap_bake_bpy.py,_to_object_mode,117,133,False,python,unreviewed
AuroraIA/application/python-services/mocap_bake_bpy.py,_to_pose_mode,136,145,False,python,unreviewed
AuroraIA/application/python-services/mocap_bake_bpy.py,amplify_bvh_arm_swing,148,283,True,python,unreviewed
AuroraIA/application/python-services/mocap_bake_bpy.py,sanitize_bvh_root,286,377,True,python,unreviewed
AuroraIA/application/python-services/mocap_bake_bpy.py,_load_and_retarget,380,434,False,python,unreviewed
AuroraIA/application/python-services/mocap_bake_bpy.py,_amplify_arm_swing,437,475,False,python,unreviewed
AuroraIA/application/python-services/mocap_bake_bpy.py,_iter_action_fcurves,478,491,False,python,unreviewed
AuroraIA/application/python-services/mocap_bake_bpy.py,_apply_neck_limit,494,513,False,python,unreviewed
AuroraIA/application/python-services/mocap_bake_bpy.py,_apply_foot_ground_clamp,516,538,False,python,unreviewed
AuroraIA/application/python-services/mocap_bake_bpy.py,_bake_finger_curl,541,576,False,python,unreviewed
AuroraIA/application/python-services/mocap_bake_bpy.py,_foot_lock_per_frame,579,607,False,python,unreviewed
AuroraIA/application/python-services/mocap_bake_bpy.py,_root_bounce,610,626,False,python,unreviewed
AuroraIA/application/python-services/mocap_bake_bpy.py,_clamp_mixamo_spine,629,669,False,python,unreviewed
AuroraIA/application/python-services/mocap_bake_bpy.py,run_mocap_bake,672,787,True,python,unreviewed
AuroraIA/application/python-services/mocap_pipeline.py,_write_json,54,55,False,python,unreviewed
AuroraIA/application/python-services/mocap_pipeline.py,curate_best_bvh,58,99,True,python,unreviewed
AuroraIA/application/python-services/mocap_pipeline.py,run_end_to_end,102,179,True,python,unreviewed
AuroraIA/application/python-services/mocap_pipeline.py,_cli,182,210,False,python,unreviewed
AuroraIA/application/python-services/model_prepare.py,ensure_dependencies,25,40,True,python,unreviewed
AuroraIA/application/python-services/model_prepare.py,ProgressPrinter.__init__,51,53,False,python,unreviewed
AuroraIA/application/python-services/model_prepare.py,ProgressPrinter.update,55,64,True,python,unreviewed
AuroraIA/application/python-services/model_prepare.py,parse_args,67,74,True,python,unreviewed
AuroraIA/application/python-services/model_prepare.py,_resolve_destination,77,134,False,python,unreviewed
AuroraIA/application/python-services/model_prepare.py,ensure_hf_file,137,169,True,python,unreviewed
AuroraIA/application/python-services/model_prepare.py,ensure_hf_snapshot,172,205,True,python,unreviewed
AuroraIA/application/python-services/model_prepare.py,main,208,221,True,python,unreviewed
AuroraIA/application/python-services/module_progress_tracker.py,ProgressTracker.__init__,92,113,False,python,unreviewed
AuroraIA/application/python-services/module_progress_tracker.py,ProgressTracker._find_stage_for_pct,115,119,False,python,unreviewed
AuroraIA/application/python-services/module_progress_tracker.py,ProgressTracker.emit,121,173,True,python,unreviewed
AuroraIA/application/python-services/module_progress_tracker.py,ProgressTracker.step_progress,175,187,True,python,unreviewed
AuroraIA/application/python-services/module_progress_tracker.py,ProgressTracker.heartbeat,189,196,True,python,unreviewed
AuroraIA/application/python-services/module_progress_tracker.py,ProgressTracker.complete,198,201,True,python,unreviewed
AuroraIA/application/python-services/module_progress_tracker.py,get_progress_tracker,207,211,True,python,unreviewed
AuroraIA/application/python-services/module_progress_tracker.py,emit_module_progress,214,224,True,python,unreviewed
AuroraIA/application/python-services/momask_generate.py,_momask_home,43,44,False,python,unreviewed
AuroraIA/application/python-services/momask_generate.py,_conda_bin,47,48,False,python,unreviewed
AuroraIA/application/python-services/momask_generate.py,_env_name,51,52,False,python,unreviewed
AuroraIA/application/python-services/momask_generate.py,_sanitize_ext,55,57,False,python,unreviewed
AuroraIA/application/python-services/momask_generate.py,locate_candidates,60,94,True,python,unreviewed
AuroraIA/application/python-services/momask_generate.py,generate_motions,97,209,True,python,unreviewed
AuroraIA/application/python-services/momask_generate.py,_cli,212,232,False,python,unreviewed
AuroraIA/application/python-services/morphology.py,Morphology.to_json,86,87,True,python,unreviewed
AuroraIA/application/python-services/morphology.py,_load_mesh,92,98,False,python,unreviewed
AuroraIA/application/python-services/morphology.py,_pca_shape,101,111,False,python,unreviewed
AuroraIA/application/python-services/morphology.py,_bilateral_symmetry,114,127,False,python,unreviewed
AuroraIA/application/python-services/morphology.py,_emissive_ratio,130,145,False,python,unreviewed
AuroraIA/application/python-services/morphology.py,_flatness,148,151,False,python,unreviewed
AuroraIA/application/python-services/morphology.py,extract_features,154,183,True,python,unreviewed
AuroraIA/application/python-services/morphology.py,classify,195,269,True,python,unreviewed
AuroraIA/application/python-services/morphology.py,family_for_morphology,272,277,True,python,unreviewed
AuroraIA/application/python-services/morphology.py,_selftest,282,297,False,python,unreviewed
AuroraIA/application/python-services/morphology.py,main,300,314,True,python,unreviewed
AuroraIA/application/python-services/motion_autocorrect.py,family_for,70,77,True,python,unreviewed
AuroraIA/application/python-services/motion_autocorrect.py,_resolve_bone,80,89,False,python,unreviewed
AuroraIA/application/python-services/motion_autocorrect.py,evaluate_current_scene,92,126,True,python,unreviewed
AuroraIA/application/python-services/motion_autocorrect.py,apply_top_knob,152,172,True,python,unreviewed
AuroraIA/application/python-services/motion_autocorrect.py,autocorrect,175,199,True,python,unreviewed
AuroraIA/application/python-services/motion_autocorrect.py,_self_test,204,223,False,python,unreviewed
AuroraIA/application/python-services/motion_autocorrect.py,main,226,233,True,python,unreviewed
AuroraIA/application/python-services/motion_baker.py,load_preset_catalog,57,67,True,python,unreviewed
AuroraIA/application/python-services/motion_baker.py,_axis_to_index,181,189,False,python,unreviewed
AuroraIA/application/python-services/motion_baker.py,_phase_for_bone,192,199,False,python,unreviewed
AuroraIA/application/python-services/motion_baker.py,_resolve_target,202,205,False,python,unreviewed
AuroraIA/application/python-services/motion_baker.py,_is_arm_bone,211,215,False,python,unreviewed
AuroraIA/application/python-services/motion_baker.py,_is_shin_bone,218,220,False,python,unreviewed
AuroraIA/application/python-services/motion_baker.py,_is_foot_bone,223,227,False,python,unreviewed
AuroraIA/application/python-services/motion_baker.py,_gait_phase_for_bone,230,255,False,python,unreviewed
AuroraIA/application/python-services/motion_baker.py,_compile_gait,258,346,False,python,unreviewed
AuroraIA/application/python-services/motion_baker.py,_compile_oscillate,349,383,False,python,unreviewed
AuroraIA/application/python-services/motion_baker.py,_compile_rotate,386,417,False,python,unreviewed
AuroraIA/application/python-services/motion_baker.py,_compile_translate,420,445,False,python,unreviewed
AuroraIA/application/python-services/motion_baker.py,_compile_swing,448,453,False,python,unreviewed
AuroraIA/application/python-services/motion_baker.py,_compile_extend,456,480,False,python,unreviewed
AuroraIA/application/python-services/motion_baker.py,_compile_loop_path,483,496,False,python,unreviewed
AuroraIA/application/python-services/motion_baker.py,_compile_gesture,499,525,False,python,unreviewed
AuroraIA/application/python-services/motion_baker.py,_compile_jump,528,546,False,python,unreviewed
AuroraIA/application/python-services/motion_baker.py,_compile_crouch,549,576,False,python,unreviewed
AuroraIA/application/python-services/motion_baker.py,_compile_lunge,579,607,False,python,unreviewed
AuroraIA/application/python-services/motion_baker.py,_compile_flap,610,636,False,python,unreviewed
AuroraIA/application/python-services/motion_baker.py,_compile_breathe,639,661,False,python,unreviewed
AuroraIA/application/python-services/motion_baker.py,_compile_custom_pose,664,677,False,python,unreviewed
AuroraIA/application/python-services/motion_baker.py,_compile_preset_ref,680,779,False,python,unreviewed
AuroraIA/application/python-services/motion_baker.py,_expand_catalog_preset,782,825,False,python,unreviewed
AuroraIA/application/python-services/motion_baker.py,_segment_windows,847,880,False,python,unreviewed
AuroraIA/application/python-services/motion_baker.py,compile_motion_payload,883,936,True,python,unreviewed
AuroraIA/application/python-services/motion_baker.py,_bind_action_slot,943,967,False,python,unreviewed
AuroraIA/application/python-services/motion_baker.py,_get_action_fcurves,970,992,False,python,unreviewed
AuroraIA/application/python-services/motion_baker.py,_keyframe_pose_bone,995,1015,False,python,unreviewed
AuroraIA/application/python-services/motion_baker.py,_keyframe_object,1018,1041,False,python,unreviewed
AuroraIA/application/python-services/motion_baker.py,_normalize_token,1044,1045,False,python,unreviewed
AuroraIA/application/python-services/motion_baker.py,_is_plural_target,1060,1073,False,python,unreviewed
AuroraIA/application/python-services/motion_baker.py,_resolve_object_root_targets,1076,1111,False,python,unreviewed
AuroraIA/application/python-services/motion_baker.py,_resolve_object_root_target,1114,1119,False,python,unreviewed
AuroraIA/application/python-services/motion_baker.py,apply_compiled_motion,1122,1310,True,python,unreviewed
AuroraIA/application/python-services/motion_baker.py,apply_compiled_motion_to_object,1313,1318,True,python,unreviewed
AuroraIA/application/python-services/motion_baker.py,_self_test,1325,1546,False,python,unreviewed
AuroraIA/application/python-services/motion_baker.py,_self_test._StubObj.__init__,1466,1468,False,python,unreviewed
AuroraIA/application/python-services/motion_baker.py,main,1549,1570,True,python,unreviewed
AuroraIA/application/python-services/motion_clay_render.py,_blender,141,151,False,python,unreviewed
AuroraIA/application/python-services/motion_clay_render.py,render,154,213,True,python,unreviewed
AuroraIA/application/python-services/motion_clay_render.py,main,216,225,True,python,unreviewed
AuroraIA/application/python-services/motion_composite.py,_blender,26,33,False,python,unreviewed
AuroraIA/application/python-services/motion_composite.py,compose,36,52,True,python,unreviewed
AuroraIA/application/python-services/motion_composite.py,main,55,64,True,python,unreviewed
AuroraIA/application/python-services/motion_intent_baker.py,_find_blender,51,58,False,python,unreviewed
AuroraIA/application/python-services/motion_intent_baker.py,_validate_intent,61,82,False,python,unreviewed
AuroraIA/application/python-services/motion_intent_baker.py,_generate_oled_png_sequence,85,269,False,python,unreviewed
AuroraIA/application/python-services/motion_intent_baker.py,bake_intent,272,337,True,python,unreviewed
AuroraIA/application/python-services/motion_intent_baker.py,main,340,356,True,python,unreviewed
AuroraIA/application/python-services/motion_intent_bpy_runner.py,_get_action_fcurves,29,51,False,python,unreviewed
AuroraIA/application/python-services/motion_intent_bpy_runner.py,_ensure_action_for_object,54,74,False,python,unreviewed
AuroraIA/application/python-services/motion_intent_bpy_runner.py,_ensure_action_for_material,77,98,False,python,unreviewed
AuroraIA/application/python-services/motion_intent_bpy_runner.py,_hex_to_rgba,101,108,False,python,unreviewed
AuroraIA/application/python-services/motion_intent_bpy_runner.py,_largest_mesh,111,121,False,python,unreviewed
AuroraIA/application/python-services/motion_intent_bpy_runner.py,bake_led_emission,128,220,True,python,unreviewed
AuroraIA/application/python-services/motion_intent_bpy_runner.py,bake_fan_pwm,223,246,True,python,unreviewed
AuroraIA/application/python-services/motion_intent_bpy_runner.py,bake_mechanical_simple,249,281,True,python,unreviewed
AuroraIA/application/python-services/motion_intent_bpy_runner.py,_find_screen_materials,284,298,False,python,unreviewed
AuroraIA/application/python-services/motion_intent_bpy_runner.py,_build_flipbook_atlas,301,325,False,python,unreviewed
AuroraIA/application/python-services/motion_intent_bpy_runner.py,_bind_flipbook_atlas_to_material,328,467,False,python,unreviewed
AuroraIA/application/python-services/motion_intent_bpy_runner.py,_bind_image_sequence_to_material,470,489,False,python,unreviewed
AuroraIA/application/python-services/motion_intent_bpy_runner.py,bake_oled_screen,492,553,True,python,unreviewed
AuroraIA/application/python-services/motion_intent_bpy_runner.py,_detect_creature_topology,556,581,False,python,unreviewed
AuroraIA/application/python-services/motion_intent_bpy_runner.py,_add_breathing_scale_loop,584,599,False,python,unreviewed
AuroraIA/application/python-services/motion_intent_bpy_runner.py,_rigify_creature_skeleton,602,1322,False,python,unreviewed
AuroraIA/application/python-services/motion_intent_bpy_runner.py,_rigify_creature_skeleton._first_match,840,846,False,python,unreviewed
AuroraIA/application/python-services/motion_intent_bpy_runner.py,bake_creature_organic,1325,1390,True,python,unreviewed
AuroraIA/application/python-services/motion_intent_bpy_runner.py,_world_bbox,1393,1398,False,python,unreviewed
AuroraIA/application/python-services/motion_intent_bpy_runner.py,_fluid_zone_for,1401,1415,False,python,unreviewed
AuroraIA/application/python-services/motion_intent_bpy_runner.py,_gas_zone_for,1418,1425,False,python,unreviewed
AuroraIA/application/python-services/motion_intent_bpy_runner.py,_import_sibling,1428,1433,False,python,unreviewed
AuroraIA/application/python-services/motion_intent_bpy_runner.py,bake_fluid_flow,1436,1481,True,python,unreviewed
AuroraIA/application/python-services/motion_intent_bpy_runner.py,bake_gas_volume,1484,1517,True,python,unreviewed
AuroraIA/application/python-services/motion_intent_bpy_runner.py,bake_rigid_static,1520,1526,True,python,unreviewed
AuroraIA/application/python-services/motion_intent_bpy_runner.py,_ground_plane,1541,1561,False,python,unreviewed
AuroraIA/application/python-services/motion_intent_bpy_runner.py,_bake_to_shape_keys,1564,1618,False,python,unreviewed
AuroraIA/application/python-services/motion_intent_bpy_runner.py,bake_cloth_drape,1621,1698,True,python,unreviewed
AuroraIA/application/python-services/motion_intent_bpy_runner.py,bake_rigid_bodies,1701,1768,True,python,unreviewed
AuroraIA/application/python-services/motion_intent_bpy_runner.py,bake_soft_body,1771,1825,True,python,unreviewed
AuroraIA/application/python-services/motion_intent_bpy_runner.py,bake_hair_fur,1828,1906,True,python,unreviewed
AuroraIA/application/python-services/motion_intent_bpy_runner.py,_rng,1913,1915,False,python,unreviewed
AuroraIA/application/python-services/motion_intent_bpy_runner.py,bake_particles,1918,1999,True,python,unreviewed
AuroraIA/application/python-services/motion_intent_bpy_runner.py,_fracture_by_slicing,2002,2053,False,python,unreviewed
AuroraIA/application/python-services/motion_intent_bpy_runner.py,bake_fracture_debris,2056,2117,True,python,unreviewed
AuroraIA/application/python-services/motion_intent_bpy_runner.py,bake_ocean_surface,2120,2149,True,python,unreviewed
AuroraIA/application/python-services/motion_intent_bpy_runner.py,bake_orbital,2152,2196,True,python,unreviewed
AuroraIA/application/python-services/motion_intent_bpy_runner.py,_recenter_origin,2201,2220,False,python,unreviewed
AuroraIA/application/python-services/motion_intent_bpy_runner.py,bake_articulated_rig,2223,2336,True,python,unreviewed
AuroraIA/application/python-services/motion_intent_bpy_runner.py,bake_articulated_rig._coins,2321,2323,False,python,unreviewed
AuroraIA/application/python-services/motion_intent_bpy_runner.py,bake_rope_net,2339,2394,True,python,unreviewed
AuroraIA/application/python-services/motion_intent_bpy_runner.py,bake_growth,2397,2447,True,python,unreviewed
AuroraIA/application/python-services/motion_intent_bpy_runner.py,bake_chemistry,2450,2502,True,python,unreviewed
AuroraIA/application/python-services/motion_intent_bpy_runner.py,_render_sequence,2515,2590,False,python,unreviewed
AuroraIA/application/python-services/motion_intent_bpy_runner.py,bake_optics,2593,2643,True,python,unreviewed
AuroraIA/application/python-services/motion_intent_bpy_runner.py,bake_smoke_fire,2646,2789,True,python,unreviewed
AuroraIA/application/python-services/motion_intent_bpy_runner.py,bake_granular,2793,2860,True,python,unreviewed
AuroraIA/application/python-services/motion_intent_bpy_runner.py,bake_melt,2863,2912,True,python,unreviewed
AuroraIA/application/python-services/motion_intent_bpy_runner.py,bake_plasma,2915,2969,True,python,unreviewed
AuroraIA/application/python-services/motion_intent_bpy_runner.py,bake_vortex,2974,3023,True,python,unreviewed
AuroraIA/application/python-services/motion_intent_bpy_runner.py,bake_buoyancy,3026,3074,True,python,unreviewed
AuroraIA/application/python-services/motion_intent_bpy_runner.py,bake_swarm,3077,3148,True,python,unreviewed
AuroraIA/application/python-services/motion_intent_bpy_runner.py,bake_wind_sway,3153,3186,True,python,unreviewed
AuroraIA/application/python-services/motion_intent_bpy_runner.py,bake_periodic_locomotion,3189,3241,True,python,unreviewed
AuroraIA/application/python-services/motion_intent_bpy_runner.py,bake_levitation,3244,3274,True,python,unreviewed
AuroraIA/application/python-services/motion_intent_bpy_runner.py,bake_oscillation,3277,3324,True,python,unreviewed
AuroraIA/application/python-services/motion_intent_bpy_runner.py,bake_shockwave,3327,3356,True,python,unreviewed
AuroraIA/application/python-services/motion_intent_bpy_runner.py,bake_muscle_tissue,3361,3449,True,python,unreviewed
AuroraIA/application/python-services/motion_intent_bpy_runner.py,bake_dissolve,3454,3504,True,python,unreviewed
AuroraIA/application/python-services/motion_intent_bpy_runner.py,bake_trail_wake,3507,3541,True,python,unreviewed
AuroraIA/application/python-services/motion_intent_bpy_runner.py,bake_ground_traces,3544,3600,True,python,unreviewed
AuroraIA/application/python-services/motion_intent_bpy_runner.py,bake_accumulation,3603,3645,True,python,unreviewed
AuroraIA/application/python-services/motion_intent_bpy_runner.py,bake_morphing,3648,3685,True,python,unreviewed
AuroraIA/application/python-services/motion_intent_bpy_runner.py,main,3731,3841,True,python,unreviewed
AuroraIA/application/python-services/motion_intent_classifier.py,_ollama_chat,409,434,False,python,unreviewed
AuroraIA/application/python-services/motion_intent_classifier.py,_safe_json_extract,437,449,False,python,unreviewed
AuroraIA/application/python-services/motion_intent_classifier.py,_clamp01,452,457,False,python,unreviewed
AuroraIA/application/python-services/motion_intent_classifier.py,_normalize,460,541,False,python,unreviewed
AuroraIA/application/python-services/motion_intent_classifier.py,_regex_fallback,544,628,False,python,unreviewed
AuroraIA/application/python-services/motion_intent_classifier.py,classify,631,653,True,python,unreviewed
AuroraIA/application/python-services/motion_intent_classifier.py,main,656,664,True,python,unreviewed
AuroraIA/application/python-services/motion_parser.py,is_quadruped_subject,201,203,True,python,unreviewed
AuroraIA/application/python-services/motion_parser.py,resolve_preset_for_subject,206,211,True,python,unreviewed
AuroraIA/application/python-services/motion_parser.py,_split_global_effects,228,235,False,python,unreviewed
AuroraIA/application/python-services/motion_parser.py,extract_segment_modifiers,238,263,True,python,unreviewed
AuroraIA/application/python-services/motion_parser.py,parse_custom_motion_prompt,266,382,True,python,unreviewed
AuroraIA/application/python-services/motion_parser.py,_self_test,389,467,False,python,unreviewed
AuroraIA/application/python-services/motion_parser.py,_parity_test,470,593,False,python,unreviewed
AuroraIA/application/python-services/motion_parser.py,main,596,616,True,python,unreviewed
AuroraIA/application/python-services/motion_score.py,_clip01,49,50,False,python,unreviewed
AuroraIA/application/python-services/motion_score.py,_forward_axis,53,72,False,python,unreviewed
AuroraIA/application/python-services/motion_score.py,score_joints,75,179,True,python,unreviewed
AuroraIA/application/python-services/motion_score.py,score_joints._local_forward,108,112,False,python,unreviewed
AuroraIA/application/python-services/motion_score.py,score_file,182,186,True,python,unreviewed
AuroraIA/application/python-services/motion_score.py,score_candidates,189,202,True,python,unreviewed
AuroraIA/application/python-services/motion_score.py,_cli,205,212,False,python,unreviewed
AuroraIA/application/python-services/motion_spec.py,build_motion_spec,23,69,True,python,unreviewed
AuroraIA/application/python-services/motion_spec.py,main,72,79,True,python,unreviewed
AuroraIA/application/python-services/motion_timeline_planner.py,_classe_effet,70,75,False,python,unreviewed
AuroraIA/application/python-services/motion_timeline_planner.py,plan,78,135,True,python,unreviewed
AuroraIA/application/python-services/motion_timeline_planner.py,main,138,144,True,python,unreviewed
AuroraIA/application/python-services/motion_trend_resolver.py,_cle,51,53,False,python,unreviewed
AuroraIA/application/python-services/motion_trend_resolver.py,_memoire_lire,56,60,False,python,unreviewed
AuroraIA/application/python-services/motion_trend_resolver.py,_memoire_ecrire,63,72,False,python,unreviewed
AuroraIA/application/python-services/motion_trend_resolver.py,_wiki_snippets,75,112,False,python,unreviewed
AuroraIA/application/python-services/motion_trend_resolver.py,_wikihow_pas,115,173,False,python,unreviewed
AuroraIA/application/python-services/motion_trend_resolver.py,_wikihow_pas._cherche,125,133,False,python,unreviewed
AuroraIA/application/python-services/motion_trend_resolver.py,_wikihow_pas._pertinent,135,137,False,python,unreviewed
AuroraIA/application/python-services/motion_trend_resolver.py,_web_snippets,176,205,False,python,unreviewed
AuroraIA/application/python-services/motion_trend_resolver.py,_llm,208,217,False,python,unreviewed
AuroraIA/application/python-services/motion_trend_resolver.py,resolve,220,393,True,python,unreviewed
AuroraIA/application/python-services/motion_trend_resolver.py,resolve._parle_du_corps,327,329,False,python,unreviewed
AuroraIA/application/python-services/motion_trend_resolver.py,main,396,403,True,python,unreviewed
AuroraIA/application/python-services/mvadapter_i2mv_offload.py,_load_vendor,23,29,False,python,unreviewed
AuroraIA/application/python-services/mvadapter_i2mv_offload.py,main,32,165,True,python,unreviewed
AuroraIA/application/python-services/mvadapter_multiview.py,available,39,42,True,python,unreviewed
AuroraIA/application/python-services/mvadapter_multiview.py,_clean_bg_white,45,101,False,python,unreviewed
AuroraIA/application/python-services/mvadapter_multiview.py,_split_strip,104,126,False,python,unreviewed
AuroraIA/application/python-services/mvadapter_multiview.py,generate,129,207,True,python,unreviewed
AuroraIA/application/python-services/mvadapter_multiview.py,main,210,224,True,python,unreviewed
AuroraIA/application/python-services/mvadapter_retexture.py,_conda_python,104,107,False,python,unreviewed
AuroraIA/application/python-services/mvadapter_retexture.py,preflight,110,132,True,python,unreviewed
AuroraIA/application/python-services/mvadapter_retexture.py,retexture,135,256,True,python,unreviewed
AuroraIA/application/python-services/mvadapter_retexture.py,_main,259,292,False,python,unreviewed
AuroraIA/application/python-services/native_texture_precision.py,_print_result,56,57,False,python,unreviewed
AuroraIA/application/python-services/native_texture_precision.py,_load_atlas,60,74,False,python,unreviewed
AuroraIA/application/python-services/native_texture_precision.py,_write_atlas,77,97,False,python,unreviewed
AuroraIA/application/python-services/native_texture_precision.py,_light_plastic_mask,100,106,False,python,unreviewed
AuroraIA/application/python-services/native_texture_precision.py,_edge_map,109,118,False,python,unreviewed
AuroraIA/application/python-services/native_texture_precision.py,_delight_light_plastic,121,173,False,python,unreviewed
AuroraIA/application/python-services/native_texture_precision.py,_inpaint_dark_specks,176,203,False,python,unreviewed
AuroraIA/application/python-services/native_texture_precision.py,_neutralize_hole_bleed,206,228,False,python,unreviewed
AuroraIA/application/python-services/native_texture_precision.py,_mild_clahe,231,257,False,python,unreviewed
AuroraIA/application/python-services/native_texture_precision.py,run,260,303,True,python,unreviewed
AuroraIA/application/python-services/native_texture_precision.py,main,306,330,True,python,unreviewed
AuroraIA/application/python-services/openpose_skeleton.py,_mirror,56,57,False,python,unreviewed
AuroraIA/application/python-services/openpose_skeleton.py,_apose_back,60,66,False,python,unreviewed
AuroraIA/application/python-services/openpose_skeleton.py,_apose_profile,69,84,False,python,unreviewed
AuroraIA/application/python-services/openpose_skeleton.py,render_pose,95,132,True,python,unreviewed
AuroraIA/application/python-services/openpose_skeleton.py,render_pose.px,108,110,True,python,unreviewed
AuroraIA/application/python-services/openpose_skeleton.py,_ellipse_polygon,135,144,False,python,unreviewed
AuroraIA/application/python-services/openpose_skeleton.py,write_pose,147,152,True,python,unreviewed
AuroraIA/application/python-services/openpose_skeleton.py,main,155,163,True,python,unreviewed
AuroraIA/application/python-services/optimize_textured_mesh.py,_mesh_texture_image,58,70,False,python,unreviewed
AuroraIA/application/python-services/optimize_textured_mesh.py,_decimate_uv_preserving,73,125,False,python,unreviewed
AuroraIA/application/python-services/optimize_textured_mesh.py,_gltfpack,128,153,False,python,unreviewed
AuroraIA/application/python-services/optimize_textured_mesh.py,optimize,156,228,True,python,unreviewed
AuroraIA/application/python-services/optimize_textured_mesh.py,main,231,239,True,python,unreviewed
AuroraIA/application/python-services/organize_image_by_category_and_subject.py,map_intent_to_main_category,32,43,True,python,unreviewed
AuroraIA/application/python-services/organize_image_by_category_and_subject.py,reorganize_into_categories,45,76,True,python,unreviewed
AuroraIA/application/python-services/organize_image_by_subject.py,compute_normal_map,32,53,True,python,unreviewed
AuroraIA/application/python-services/organize_image_by_subject.py,create_subject_bundle,55,223,True,python,unreviewed
AuroraIA/application/python-services/organize_image_by_subject.py,main,225,377,True,python,unreviewed
AuroraIA/application/python-services/orient_canonique.py,_blender,33,35,False,python,unreviewed
AuroraIA/application/python-services/orient_canonique.py,orienter,59,98,True,python,unreviewed
AuroraIA/application/python-services/paint_pbr_v21.py,_ensure_path,44,55,False,python,unreviewed
AuroraIA/application/python-services/paint_pbr_v21.py,is_available,58,69,True,python,unreviewed
AuroraIA/application/python-services/paint_pbr_v21.py,_apply_torchvision_fix,72,89,False,python,unreviewed
AuroraIA/application/python-services/paint_pbr_v21.py,_build_pipeline,92,105,False,python,unreviewed
AuroraIA/application/python-services/paint_pbr_v21.py,_open_rgb,108,112,False,python,unreviewed
AuroraIA/application/python-services/paint_pbr_v21.py,_compose_metallic_roughness,115,138,False,python,unreviewed
AuroraIA/application/python-services/paint_pbr_v21.py,_find_map,141,147,False,python,unreviewed
AuroraIA/application/python-services/paint_pbr_v21.py,paint_pbr_v21,150,304,True,python,unreviewed
AuroraIA/application/python-services/paint_pbr_v21.py,main,307,320,True,python,unreviewed
AuroraIA/application/python-services/perfect_masterpiece_perso.py,build_flawless_arm_and_hand,30,119,True,python,unreviewed
AuroraIA/application/python-services/perfect_masterpiece_perso.py,build_flawless_arm_and_hand.add_capsule,73,87,True,python,unreviewed
AuroraIA/application/python-services/perfect_metis_arms_and_tone.py,build_caricature_arm_and_hand,53,155,True,python,unreviewed
AuroraIA/application/python-services/perfect_metis_arms_and_tone.py,build_caricature_arm_and_hand.add_capsule,91,105,True,python,unreviewed
AuroraIA/application/python-services/perfection_gate.py,_blender,36,38,False,python,unreviewed
AuroraIA/application/python-services/perfection_gate.py,_signature_texture,42,68,False,python,unreviewed
AuroraIA/application/python-services/perfection_gate.py,_reparation_texture_sure,71,110,False,python,unreviewed
AuroraIA/application/python-services/perfection_gate.py,_fond_lisible,113,132,False,python,unreviewed
AuroraIA/application/python-services/perfection_gate.py,audit_trous,135,154,True,python,unreviewed
AuroraIA/application/python-services/perfection_gate.py,reboucher,157,180,True,python,unreviewed
AuroraIA/application/python-services/perfection_gate.py,_projection_brute,184,223,False,python,unreviewed
AuroraIA/application/python-services/perfection_gate.py,_tourner_buffers,226,255,False,python,unreviewed
AuroraIA/application/python-services/perfection_gate.py,tourner_buffers_z,258,293,True,python,unreviewed
AuroraIA/application/python-services/perfection_gate.py,orienter_face_viewer,296,322,True,python,unreviewed
AuroraIA/application/python-services/perfection_gate.py,verifier_coherence,326,400,True,python,unreviewed
AuroraIA/application/python-services/perfection_gate.py,verifier_coherence._maj,391,392,False,python,unreviewed
AuroraIA/application/python-services/perfection_gate.py,porte_structure,403,449,True,python,unreviewed
AuroraIA/application/python-services/perfection_gate.py,_a_une_texture,453,482,False,python,unreviewed
AuroraIA/application/python-services/perfection_gate.py,juger,485,597,True,python,unreviewed
AuroraIA/application/python-services/perfection_gate.py,juger._maj,576,577,False,python,unreviewed
AuroraIA/application/python-services/perfection_gate.py,preuves,600,642,True,python,unreviewed
AuroraIA/application/python-services/perfection_gate.py,porte,645,700,True,python,unreviewed
AuroraIA/application/python-services/photo_rectifier.py,_to_linear,60,62,False,python,unreviewed
AuroraIA/application/python-services/photo_rectifier.py,_to_srgb,65,69,False,python,unreviewed
AuroraIA/application/python-services/photo_rectifier.py,mesurer,72,81,True,python,unreviewed
AuroraIA/application/python-services/photo_rectifier.py,corriger_exposition,84,103,True,python,unreviewed
AuroraIA/application/python-services/photo_rectifier.py,rehausser_ombres,106,122,True,python,unreviewed
AuroraIA/application/python-services/photo_rectifier.py,debruiter_chroma,125,139,True,python,unreviewed
AuroraIA/application/python-services/photo_rectifier.py,_region_oculaire,142,172,False,python,unreviewed
AuroraIA/application/python-services/photo_rectifier.py,eteindre_reflets_lunettes,175,224,True,python,unreviewed
AuroraIA/application/python-services/photo_rectifier.py,rectify_photo_for_3d,227,404,True,python,unreviewed
AuroraIA/application/python-services/porte_anti_masque.py,mesurer,26,95,True,python,unreviewed
AuroraIA/application/python-services/portrait_sculpt_and_texture.py,run_sculpt_and_texture,297,317,True,python,unreviewed
AuroraIA/application/python-services/portrait_texture_4k.py,project_and_texture_4k,33,315,True,python,unreviewed
AuroraIA/application/python-services/pose_analyse.py,_alpha,24,39,False,python,unreviewed
AuroraIA/application/python-services/pose_analyse.py,analyser,42,96,True,python,unreviewed
AuroraIA/application/python-services/poussiere_capillaire.py,balayer,26,70,True,python,unreviewed
AuroraIA/application/python-services/proc_3d_printer.py,_find_blender,19,24,False,python,unreviewed
AuroraIA/application/python-services/proc_3d_printer.py,make_printer,237,257,True,python,unreviewed
AuroraIA/application/python-services/proc_3d_printer.py,main,260,266,True,python,unreviewed
AuroraIA/application/python-services/proc_african_savanna_elephants.py,reset,9,15,True,python,unreviewed
AuroraIA/application/python-services/proc_african_savanna_elephants.py,mat,17,39,True,python,unreviewed
AuroraIA/application/python-services/proc_african_savanna_elephants.py,smooth_shade,41,48,True,python,unreviewed
AuroraIA/application/python-services/proc_african_savanna_elephants.py,make_obj,50,57,True,python,unreviewed
AuroraIA/application/python-services/proc_african_savanna_elephants.py,beveled_cube,59,66,True,python,unreviewed
AuroraIA/application/python-services/proc_african_savanna_elephants.py,smooth_sphere,68,73,True,python,unreviewed
AuroraIA/application/python-services/proc_african_savanna_elephants.py,smooth_cone,75,78,True,python,unreviewed
AuroraIA/application/python-services/proc_african_savanna_elephants.py,cyl,80,81,True,python,unreviewed
AuroraIA/application/python-services/proc_african_savanna_elephants.py,empty,83,88,True,python,unreviewed
AuroraIA/application/python-services/proc_african_savanna_elephants.py,make_elephant,202,301,True,python,unreviewed
AuroraIA/application/python-services/proc_african_savanna_elephants.py,make_giraffe,318,412,True,python,unreviewed
AuroraIA/application/python-services/proc_african_savanna_elephants.py,make_lion,426,489,True,python,unreviewed
AuroraIA/application/python-services/proc_african_savanna_elephants.py,make_zebra,501,567,True,python,unreviewed
AuroraIA/application/python-services/proc_african_savanna_elephants.py,make_antelope,580,626,True,python,unreviewed
AuroraIA/application/python-services/proc_african_savanna_safari_acacia.py,reset,10,16,True,python,unreviewed
AuroraIA/application/python-services/proc_african_savanna_safari_acacia.py,mat,18,35,True,python,unreviewed
AuroraIA/application/python-services/proc_african_savanna_safari_acacia.py,smooth_shade,37,44,True,python,unreviewed
AuroraIA/application/python-services/proc_african_savanna_safari_acacia.py,make_obj,46,53,True,python,unreviewed
AuroraIA/application/python-services/proc_african_savanna_safari_acacia.py,beveled_cube,55,62,True,python,unreviewed
AuroraIA/application/python-services/proc_african_savanna_safari_acacia.py,smooth_sphere,64,69,True,python,unreviewed
AuroraIA/application/python-services/proc_african_savanna_safari_acacia.py,smooth_cone,71,74,True,python,unreviewed
AuroraIA/application/python-services/proc_african_savanna_safari_acacia.py,cyl,76,77,True,python,unreviewed
AuroraIA/application/python-services/proc_african_savanna_safari_acacia.py,empty,79,84,True,python,unreviewed
AuroraIA/application/python-services/proc_african_savanna_safari_acacia.py,make_acacia,237,263,True,python,unreviewed
AuroraIA/application/python-services/proc_african_savanna_safari_acacia.py,make_giraffe,272,348,True,python,unreviewed
AuroraIA/application/python-services/proc_african_savanna_safari_acacia.py,make_lion,358,428,True,python,unreviewed
AuroraIA/application/python-services/proc_african_savanna_safari_acacia.py,make_elephant,442,503,True,python,unreviewed
AuroraIA/application/python-services/proc_african_savanna_safari_acacia.py,make_zebra,517,584,True,python,unreviewed
AuroraIA/application/python-services/proc_african_savanna_safari_acacia.py,make_gnu,595,624,True,python,unreviewed
AuroraIA/application/python-services/proc_african_savanna_safari_acacia.py,make_impala,634,665,True,python,unreviewed
AuroraIA/application/python-services/proc_african_savanna_safari_acacia.py,make_rhino,676,706,True,python,unreviewed
AuroraIA/application/python-services/proc_african_savanna_safari_acacia.py,make_hippo,732,761,True,python,unreviewed
AuroraIA/application/python-services/proc_african_savanna_safari_acacia.py,make_flamingo,770,802,True,python,unreviewed
AuroraIA/application/python-services/proc_alchemist_lab.py,make_mat,54,68,True,python,unreviewed
AuroraIA/application/python-services/proc_alchemist_lab.py,add_obj,71,76,True,python,unreviewed
AuroraIA/application/python-services/proc_alchemist_lab.py,empty,79,85,True,python,unreviewed
AuroraIA/application/python-services/proc_alchemist_lab.py,smooth_shade,88,95,True,python,unreviewed
AuroraIA/application/python-services/proc_alchemist_lab.py,beveled_cube,98,111,True,python,unreviewed
AuroraIA/application/python-services/proc_alchemist_lab.py,smooth_sphere,114,127,True,python,unreviewed
AuroraIA/application/python-services/proc_alchemist_lab.py,smooth_cone,130,141,True,python,unreviewed
AuroraIA/application/python-services/proc_alchemist_lab.py,kf,476,485,True,python,unreviewed
AuroraIA/application/python-services/proc_alien_planet_purple.py,make_mat,48,62,True,python,unreviewed
AuroraIA/application/python-services/proc_alien_planet_purple.py,add_obj,65,70,True,python,unreviewed
AuroraIA/application/python-services/proc_alien_planet_purple.py,empty,73,79,True,python,unreviewed
AuroraIA/application/python-services/proc_alien_planet_purple.py,smooth_shade,82,89,True,python,unreviewed
AuroraIA/application/python-services/proc_alien_planet_purple.py,beveled_cube,92,105,True,python,unreviewed
AuroraIA/application/python-services/proc_alien_planet_purple.py,smooth_sphere,108,121,True,python,unreviewed
AuroraIA/application/python-services/proc_alien_planet_purple.py,smooth_cone,124,135,True,python,unreviewed
AuroraIA/application/python-services/proc_alien_planet_purple.py,kf,363,372,True,python,unreviewed
AuroraIA/application/python-services/proc_alpine_meadow_bees.py,reset,10,16,True,python,unreviewed
AuroraIA/application/python-services/proc_alpine_meadow_bees.py,mat,18,40,True,python,unreviewed
AuroraIA/application/python-services/proc_alpine_meadow_bees.py,smooth_shade,42,49,True,python,unreviewed
AuroraIA/application/python-services/proc_alpine_meadow_bees.py,make_obj,51,58,True,python,unreviewed
AuroraIA/application/python-services/proc_alpine_meadow_bees.py,beveled_cube,60,67,True,python,unreviewed
AuroraIA/application/python-services/proc_alpine_meadow_bees.py,smooth_sphere,69,74,True,python,unreviewed
AuroraIA/application/python-services/proc_alpine_meadow_bees.py,smooth_cone,76,79,True,python,unreviewed
AuroraIA/application/python-services/proc_alpine_meadow_bees.py,cyl,81,82,True,python,unreviewed
AuroraIA/application/python-services/proc_alpine_meadow_bees.py,empty,84,89,True,python,unreviewed
AuroraIA/application/python-services/proc_alpine_meadow_bees.py,make_cow,388,456,True,python,unreviewed
AuroraIA/application/python-services/proc_amazon_jungle_tribe_river.py,reset,10,16,True,python,unreviewed
AuroraIA/application/python-services/proc_amazon_jungle_tribe_river.py,mat,18,35,True,python,unreviewed
AuroraIA/application/python-services/proc_amazon_jungle_tribe_river.py,smooth_shade,37,44,True,python,unreviewed
AuroraIA/application/python-services/proc_amazon_jungle_tribe_river.py,make_obj,46,53,True,python,unreviewed
AuroraIA/application/python-services/proc_amazon_jungle_tribe_river.py,beveled_cube,55,62,True,python,unreviewed
AuroraIA/application/python-services/proc_amazon_jungle_tribe_river.py,smooth_sphere,64,69,True,python,unreviewed
AuroraIA/application/python-services/proc_amazon_jungle_tribe_river.py,smooth_cone,71,74,True,python,unreviewed
AuroraIA/application/python-services/proc_amazon_jungle_tribe_river.py,cyl,76,77,True,python,unreviewed
AuroraIA/application/python-services/proc_amazon_jungle_tribe_river.py,empty,79,84,True,python,unreviewed
AuroraIA/application/python-services/proc_amazon_jungle_tribe_river.py,make_jungle_tree,234,287,True,python,unreviewed
AuroraIA/application/python-services/proc_amazon_jungle_tribe_river.py,make_tribe_member,350,464,True,python,unreviewed
AuroraIA/application/python-services/proc_amazon_jungle_tribe_river.py,make_canoe,502,519,True,python,unreviewed
AuroraIA/application/python-services/proc_amazon_jungle_tribe_river.py,make_toucan,648,691,True,python,unreviewed
AuroraIA/application/python-services/proc_amazon_jungle_tribe_river.py,make_monkey,701,745,True,python,unreviewed
AuroraIA/application/python-services/proc_amsterdam_canals_dutch_houses.py,reset,10,16,True,python,unreviewed
AuroraIA/application/python-services/proc_amsterdam_canals_dutch_houses.py,mat,18,35,True,python,unreviewed
AuroraIA/application/python-services/proc_amsterdam_canals_dutch_houses.py,smooth_shade,37,44,True,python,unreviewed
AuroraIA/application/python-services/proc_amsterdam_canals_dutch_houses.py,make_obj,46,53,True,python,unreviewed
AuroraIA/application/python-services/proc_amsterdam_canals_dutch_houses.py,beveled_cube,55,62,True,python,unreviewed
AuroraIA/application/python-services/proc_amsterdam_canals_dutch_houses.py,smooth_sphere,64,69,True,python,unreviewed
AuroraIA/application/python-services/proc_amsterdam_canals_dutch_houses.py,smooth_cone,71,74,True,python,unreviewed
AuroraIA/application/python-services/proc_amsterdam_canals_dutch_houses.py,cyl,76,77,True,python,unreviewed
AuroraIA/application/python-services/proc_amsterdam_canals_dutch_houses.py,empty,79,84,True,python,unreviewed
AuroraIA/application/python-services/proc_amsterdam_canals_dutch_houses.py,make_dutch_house,243,348,True,python,unreviewed
AuroraIA/application/python-services/proc_amsterdam_canals_dutch_houses.py,make_bridge,367,401,True,python,unreviewed
AuroraIA/application/python-services/proc_amsterdam_canals_dutch_houses.py,make_bicycle,412,483,True,python,unreviewed
AuroraIA/application/python-services/proc_amsterdam_canals_dutch_houses.py,make_canal_boat,493,532,True,python,unreviewed
AuroraIA/application/python-services/proc_amsterdam_canals_dutch_houses.py,make_cyclist,602,645,True,python,unreviewed
AuroraIA/application/python-services/proc_amsterdam_canals_dutch_houses.py,make_dog,657,690,True,python,unreviewed
AuroraIA/application/python-services/proc_amsterdam_canals_dutch_houses.py,make_swan,700,736,True,python,unreviewed
AuroraIA/application/python-services/proc_ancient_greek_olympics.py,reset,10,16,True,python,unreviewed
AuroraIA/application/python-services/proc_ancient_greek_olympics.py,mat,18,40,True,python,unreviewed
AuroraIA/application/python-services/proc_ancient_greek_olympics.py,smooth_shade,42,49,True,python,unreviewed
AuroraIA/application/python-services/proc_ancient_greek_olympics.py,make_obj,51,58,True,python,unreviewed
AuroraIA/application/python-services/proc_ancient_greek_olympics.py,beveled_cube,60,67,True,python,unreviewed
AuroraIA/application/python-services/proc_ancient_greek_olympics.py,smooth_sphere,69,74,True,python,unreviewed
AuroraIA/application/python-services/proc_ancient_greek_olympics.py,smooth_cone,76,79,True,python,unreviewed
AuroraIA/application/python-services/proc_ancient_greek_olympics.py,cyl,81,82,True,python,unreviewed
AuroraIA/application/python-services/proc_ancient_greek_olympics.py,empty,84,89,True,python,unreviewed
AuroraIA/application/python-services/proc_ancient_greek_olympics.py,make_athlete,329,437,True,python,unreviewed
AuroraIA/application/python-services/proc_ancient_greek_olympics.py,make_horse,473,519,True,python,unreviewed
AuroraIA/application/python-services/proc_ancient_greek_olympics.py,make_spectator,572,613,True,python,unreviewed
AuroraIA/application/python-services/proc_ancient_library_scholar.py,make_mat,55,69,True,python,unreviewed
AuroraIA/application/python-services/proc_ancient_library_scholar.py,add_obj,72,77,True,python,unreviewed
AuroraIA/application/python-services/proc_ancient_library_scholar.py,empty,80,86,True,python,unreviewed
AuroraIA/application/python-services/proc_ancient_library_scholar.py,smooth_shade,89,96,True,python,unreviewed
AuroraIA/application/python-services/proc_ancient_library_scholar.py,beveled_cube,99,112,True,python,unreviewed
AuroraIA/application/python-services/proc_ancient_library_scholar.py,smooth_sphere,115,128,True,python,unreviewed
AuroraIA/application/python-services/proc_ancient_library_scholar.py,smooth_cone,131,142,True,python,unreviewed
AuroraIA/application/python-services/proc_ancient_library_scholar.py,kf,469,478,True,python,unreviewed
AuroraIA/application/python-services/proc_antarctic_penguins_emperor_colony.py,reset,10,16,True,python,unreviewed
AuroraIA/application/python-services/proc_antarctic_penguins_emperor_colony.py,mat,18,35,True,python,unreviewed
AuroraIA/application/python-services/proc_antarctic_penguins_emperor_colony.py,smooth_shade,37,44,True,python,unreviewed
AuroraIA/application/python-services/proc_antarctic_penguins_emperor_colony.py,make_obj,46,53,True,python,unreviewed
AuroraIA/application/python-services/proc_antarctic_penguins_emperor_colony.py,beveled_cube,55,62,True,python,unreviewed
AuroraIA/application/python-services/proc_antarctic_penguins_emperor_colony.py,smooth_sphere,64,69,True,python,unreviewed
AuroraIA/application/python-services/proc_antarctic_penguins_emperor_colony.py,smooth_cone,71,74,True,python,unreviewed
AuroraIA/application/python-services/proc_antarctic_penguins_emperor_colony.py,cyl,76,77,True,python,unreviewed
AuroraIA/application/python-services/proc_antarctic_penguins_emperor_colony.py,empty,79,84,True,python,unreviewed
AuroraIA/application/python-services/proc_antarctic_penguins_emperor_colony.py,make_emperor_penguin,218,265,True,python,unreviewed
AuroraIA/application/python-services/proc_antarctic_penguins_emperor_colony.py,make_chick,275,307,True,python,unreviewed
AuroraIA/application/python-services/proc_antarctic_penguins_emperor_colony.py,make_leopard_seal,318,366,True,python,unreviewed
AuroraIA/application/python-services/proc_aquarium.py,_find_blender,21,26,False,python,unreviewed
AuroraIA/application/python-services/proc_aquarium.py,make_aquarium,346,366,True,python,unreviewed
AuroraIA/application/python-services/proc_aquarium.py,main,369,375,True,python,unreviewed
AuroraIA/application/python-services/proc_arcade_machine.py,_find_blender,18,23,False,python,unreviewed
AuroraIA/application/python-services/proc_arcade_machine.py,make_arcade,203,223,True,python,unreviewed
AuroraIA/application/python-services/proc_arcade_machine.py,main,226,232,True,python,unreviewed
AuroraIA/application/python-services/proc_arctic_inuit_village.py,reset,12,18,True,python,unreviewed
AuroraIA/application/python-services/proc_arctic_inuit_village.py,mat,20,42,True,python,unreviewed
AuroraIA/application/python-services/proc_arctic_inuit_village.py,smooth_shade,44,51,True,python,unreviewed
AuroraIA/application/python-services/proc_arctic_inuit_village.py,make_obj,53,60,True,python,unreviewed
AuroraIA/application/python-services/proc_arctic_inuit_village.py,beveled_cube,62,69,True,python,unreviewed
AuroraIA/application/python-services/proc_arctic_inuit_village.py,smooth_sphere,71,76,True,python,unreviewed
AuroraIA/application/python-services/proc_arctic_inuit_village.py,smooth_cone,78,81,True,python,unreviewed
AuroraIA/application/python-services/proc_arctic_inuit_village.py,cyl,83,84,True,python,unreviewed
AuroraIA/application/python-services/proc_arctic_inuit_village.py,empty,86,91,True,python,unreviewed
AuroraIA/application/python-services/proc_arctic_inuit_village.py,make_igloo,239,267,True,python,unreviewed
AuroraIA/application/python-services/proc_arctic_inuit_village.py,make_inuit,279,368,True,python,unreviewed
AuroraIA/application/python-services/proc_arctic_inuit_village.py,make_husky,383,430,True,python,unreviewed
AuroraIA/application/python-services/proc_argentina_tango_buenos_aires.py,reset,10,16,True,python,unreviewed
AuroraIA/application/python-services/proc_argentina_tango_buenos_aires.py,mat,18,35,True,python,unreviewed
AuroraIA/application/python-services/proc_argentina_tango_buenos_aires.py,smooth_shade,37,44,True,python,unreviewed
AuroraIA/application/python-services/proc_argentina_tango_buenos_aires.py,make_obj,46,53,True,python,unreviewed
AuroraIA/application/python-services/proc_argentina_tango_buenos_aires.py,beveled_cube,55,62,True,python,unreviewed
AuroraIA/application/python-services/proc_argentina_tango_buenos_aires.py,smooth_sphere,64,69,True,python,unreviewed
AuroraIA/application/python-services/proc_argentina_tango_buenos_aires.py,smooth_cone,71,74,True,python,unreviewed
AuroraIA/application/python-services/proc_argentina_tango_buenos_aires.py,cyl,76,77,True,python,unreviewed
AuroraIA/application/python-services/proc_argentina_tango_buenos_aires.py,empty,79,84,True,python,unreviewed
AuroraIA/application/python-services/proc_argentina_tango_buenos_aires.py,make_facade,209,253,True,python,unreviewed
AuroraIA/application/python-services/proc_argentina_tango_buenos_aires.py,make_tango_woman,284,353,True,python,unreviewed
AuroraIA/application/python-services/proc_argentina_tango_buenos_aires.py,make_tango_man,355,416,True,python,unreviewed
AuroraIA/application/python-services/proc_argentina_tango_buenos_aires.py,make_tango_couple,418,430,True,python,unreviewed
AuroraIA/application/python-services/proc_argentina_tango_buenos_aires.py,make_musician,440,542,True,python,unreviewed
AuroraIA/application/python-services/proc_argentina_tango_buenos_aires.py,make_lamp,552,567,True,python,unreviewed
AuroraIA/application/python-services/proc_argentinian_tango_milonga.py,reset,10,16,True,python,unreviewed
AuroraIA/application/python-services/proc_argentinian_tango_milonga.py,mat,18,40,True,python,unreviewed
AuroraIA/application/python-services/proc_argentinian_tango_milonga.py,smooth_shade,42,49,True,python,unreviewed
AuroraIA/application/python-services/proc_argentinian_tango_milonga.py,make_obj,51,58,True,python,unreviewed
AuroraIA/application/python-services/proc_argentinian_tango_milonga.py,beveled_cube,60,67,True,python,unreviewed
AuroraIA/application/python-services/proc_argentinian_tango_milonga.py,smooth_sphere,69,74,True,python,unreviewed
AuroraIA/application/python-services/proc_argentinian_tango_milonga.py,smooth_cone,76,79,True,python,unreviewed
AuroraIA/application/python-services/proc_argentinian_tango_milonga.py,cyl,81,82,True,python,unreviewed
AuroraIA/application/python-services/proc_argentinian_tango_milonga.py,empty,84,89,True,python,unreviewed
AuroraIA/application/python-services/proc_argentinian_tango_milonga.py,make_tango_couple,272,433,True,python,unreviewed
AuroraIA/application/python-services/proc_argentinian_tango_milonga.py,make_tango_musician,448,599,True,python,unreviewed
AuroraIA/application/python-services/proc_argentinian_tango_milonga.py,make_spectator,615,649,True,python,unreviewed
AuroraIA/application/python-services/proc_art_museum_gallery.py,make_mat,51,65,True,python,unreviewed
AuroraIA/application/python-services/proc_art_museum_gallery.py,add_obj,68,73,True,python,unreviewed
AuroraIA/application/python-services/proc_art_museum_gallery.py,empty,76,82,True,python,unreviewed
AuroraIA/application/python-services/proc_art_museum_gallery.py,smooth_shade,85,92,True,python,unreviewed
AuroraIA/application/python-services/proc_art_museum_gallery.py,beveled_cube,95,108,True,python,unreviewed
AuroraIA/application/python-services/proc_art_museum_gallery.py,smooth_sphere,111,124,True,python,unreviewed
AuroraIA/application/python-services/proc_art_museum_gallery.py,smooth_cone,127,138,True,python,unreviewed
AuroraIA/application/python-services/proc_art_museum_gallery.py,kf,402,411,True,python,unreviewed
AuroraIA/application/python-services/proc_astronaut.py,_find_blender,20,25,False,python,unreviewed
AuroraIA/application/python-services/proc_astronaut.py,make_ast,285,305,True,python,unreviewed
AuroraIA/application/python-services/proc_astronaut.py,main,308,314,True,python,unreviewed
AuroraIA/application/python-services/proc_atlantis_submerged_temple.py,reset,9,15,True,python,unreviewed
AuroraIA/application/python-services/proc_atlantis_submerged_temple.py,mat,17,39,True,python,unreviewed
AuroraIA/application/python-services/proc_atlantis_submerged_temple.py,smooth_shade,41,48,True,python,unreviewed
AuroraIA/application/python-services/proc_atlantis_submerged_temple.py,make_obj,50,57,True,python,unreviewed
AuroraIA/application/python-services/proc_atlantis_submerged_temple.py,beveled_cube,59,66,True,python,unreviewed
AuroraIA/application/python-services/proc_atlantis_submerged_temple.py,smooth_sphere,68,73,True,python,unreviewed
AuroraIA/application/python-services/proc_atlantis_submerged_temple.py,smooth_cone,75,78,True,python,unreviewed
AuroraIA/application/python-services/proc_atlantis_submerged_temple.py,cyl,80,81,True,python,unreviewed
AuroraIA/application/python-services/proc_atlantis_submerged_temple.py,empty,83,88,True,python,unreviewed
AuroraIA/application/python-services/proc_aurora_borealis.py,make_mat,38,52,True,python,unreviewed
AuroraIA/application/python-services/proc_aurora_borealis.py,add_obj,55,60,True,python,unreviewed
AuroraIA/application/python-services/proc_aurora_borealis.py,empty,63,69,True,python,unreviewed
AuroraIA/application/python-services/proc_aurora_borealis.py,cube,72,82,True,python,unreviewed
AuroraIA/application/python-services/proc_aurora_borealis.py,sphere,85,95,True,python,unreviewed
AuroraIA/application/python-services/proc_aurora_borealis.py,cone,98,108,True,python,unreviewed
AuroraIA/application/python-services/proc_aurora_borealis.py,aurora_strip,111,126,True,python,unreviewed
AuroraIA/application/python-services/proc_aurora_borealis.py,make_fir,218,228,True,python,unreviewed
AuroraIA/application/python-services/proc_aurora_borealis.py,kf_loc,243,245,True,python,unreviewed
AuroraIA/application/python-services/proc_aurora_borealis.py,kf_scale,248,250,True,python,unreviewed
AuroraIA/application/python-services/proc_aurora_borealis.py,animate_band,256,271,True,python,unreviewed
AuroraIA/application/python-services/proc_australian_outback_aboriginal_uluru.py,reset,10,16,True,python,unreviewed
AuroraIA/application/python-services/proc_australian_outback_aboriginal_uluru.py,mat,18,35,True,python,unreviewed
AuroraIA/application/python-services/proc_australian_outback_aboriginal_uluru.py,smooth_shade,37,44,True,python,unreviewed
AuroraIA/application/python-services/proc_australian_outback_aboriginal_uluru.py,make_obj,46,53,True,python,unreviewed
AuroraIA/application/python-services/proc_australian_outback_aboriginal_uluru.py,beveled_cube,55,62,True,python,unreviewed
AuroraIA/application/python-services/proc_australian_outback_aboriginal_uluru.py,smooth_sphere,64,69,True,python,unreviewed
AuroraIA/application/python-services/proc_australian_outback_aboriginal_uluru.py,smooth_cone,71,74,True,python,unreviewed
AuroraIA/application/python-services/proc_australian_outback_aboriginal_uluru.py,cyl,76,77,True,python,unreviewed
AuroraIA/application/python-services/proc_australian_outback_aboriginal_uluru.py,empty,79,84,True,python,unreviewed
AuroraIA/application/python-services/proc_australian_outback_aboriginal_uluru.py,make_aboriginal,265,351,True,python,unreviewed
AuroraIA/application/python-services/proc_australian_outback_aboriginal_uluru.py,make_didgeridoo,383,406,True,python,unreviewed
AuroraIA/application/python-services/proc_australian_outback_aboriginal_uluru.py,make_kangaroo,415,475,True,python,unreviewed
AuroraIA/application/python-services/proc_australian_outback_aboriginal_uluru.py,make_wallaby,486,511,True,python,unreviewed
AuroraIA/application/python-services/proc_australian_outback_aboriginal_uluru.py,make_emu,521,569,True,python,unreviewed
AuroraIA/application/python-services/proc_australian_outback_aboriginal_uluru.py,make_eucalyptus,578,608,True,python,unreviewed
AuroraIA/application/python-services/proc_australian_outback_aboriginal_uluru.py,make_koala,618,651,True,python,unreviewed
AuroraIA/application/python-services/proc_australian_outback_uluru.py,reset,10,16,True,python,unreviewed
AuroraIA/application/python-services/proc_australian_outback_uluru.py,mat,18,40,True,python,unreviewed
AuroraIA/application/python-services/proc_australian_outback_uluru.py,smooth_shade,42,49,True,python,unreviewed
AuroraIA/application/python-services/proc_australian_outback_uluru.py,make_obj,51,58,True,python,unreviewed
AuroraIA/application/python-services/proc_australian_outback_uluru.py,beveled_cube,60,67,True,python,unreviewed
AuroraIA/application/python-services/proc_australian_outback_uluru.py,smooth_sphere,69,74,True,python,unreviewed
AuroraIA/application/python-services/proc_australian_outback_uluru.py,smooth_cone,76,79,True,python,unreviewed
AuroraIA/application/python-services/proc_australian_outback_uluru.py,cyl,81,82,True,python,unreviewed
AuroraIA/application/python-services/proc_australian_outback_uluru.py,empty,84,89,True,python,unreviewed
AuroraIA/application/python-services/proc_australian_outback_uluru.py,make_eucalyptus,303,340,True,python,unreviewed
AuroraIA/application/python-services/proc_australian_outback_uluru.py,make_aboriginal,379,505,True,python,unreviewed
AuroraIA/application/python-services/proc_australian_outback_uluru.py,make_kangaroo,529,583,True,python,unreviewed
AuroraIA/application/python-services/proc_australian_outback_uluru.py,make_koala,594,621,True,python,unreviewed
AuroraIA/application/python-services/proc_australian_outback_uluru.py,make_emu,634,674,True,python,unreviewed
AuroraIA/application/python-services/proc_australian_outback_uluru.py,make_dingo,684,725,True,python,unreviewed
AuroraIA/application/python-services/proc_australian_outback_uluru.py,make_cockatoo,735,777,True,python,unreviewed
AuroraIA/application/python-services/proc_australian_outback_uluru.py,make_wombat,786,812,True,python,unreviewed
AuroraIA/application/python-services/proc_auto_landscape.py,clear_scene,8,9,True,python,unreviewed
AuroraIA/application/python-services/proc_auto_landscape.py,create_landscape,11,81,True,python,unreviewed
AuroraIA/application/python-services/proc_auto_landscape.py,create_sky,83,88,True,python,unreviewed
AuroraIA/application/python-services/proc_auto_landscape.py,main,90,126,True,python,unreviewed
AuroraIA/application/python-services/proc_autumn_forest_falling_leaves.py,reset,10,16,True,python,unreviewed
AuroraIA/application/python-services/proc_autumn_forest_falling_leaves.py,mat,18,40,True,python,unreviewed
AuroraIA/application/python-services/proc_autumn_forest_falling_leaves.py,smooth_shade,42,49,True,python,unreviewed
AuroraIA/application/python-services/proc_autumn_forest_falling_leaves.py,make_obj,51,58,True,python,unreviewed
AuroraIA/application/python-services/proc_autumn_forest_falling_leaves.py,beveled_cube,60,67,True,python,unreviewed
AuroraIA/application/python-services/proc_autumn_forest_falling_leaves.py,smooth_sphere,69,74,True,python,unreviewed
AuroraIA/application/python-services/proc_autumn_forest_falling_leaves.py,smooth_cone,76,79,True,python,unreviewed
AuroraIA/application/python-services/proc_autumn_forest_falling_leaves.py,cyl,81,82,True,python,unreviewed
AuroraIA/application/python-services/proc_autumn_forest_falling_leaves.py,empty,84,89,True,python,unreviewed
AuroraIA/application/python-services/proc_autumn_forest_falling_leaves.py,make_autumn_tree,204,241,True,python,unreviewed
AuroraIA/application/python-services/proc_autumn_forest_falling_leaves.py,make_deer,337,399,True,python,unreviewed
AuroraIA/application/python-services/proc_autumn_forest_falling_leaves.py,make_bear,471,511,True,python,unreviewed
AuroraIA/application/python-services/proc_aztec_chinampa_xochimilco.py,reset,10,16,True,python,unreviewed
AuroraIA/application/python-services/proc_aztec_chinampa_xochimilco.py,mat,18,40,True,python,unreviewed
AuroraIA/application/python-services/proc_aztec_chinampa_xochimilco.py,smooth_shade,42,49,True,python,unreviewed
AuroraIA/application/python-services/proc_aztec_chinampa_xochimilco.py,make_obj,51,58,True,python,unreviewed
AuroraIA/application/python-services/proc_aztec_chinampa_xochimilco.py,beveled_cube,60,67,True,python,unreviewed
AuroraIA/application/python-services/proc_aztec_chinampa_xochimilco.py,smooth_sphere,69,74,True,python,unreviewed
AuroraIA/application/python-services/proc_aztec_chinampa_xochimilco.py,smooth_cone,76,79,True,python,unreviewed
AuroraIA/application/python-services/proc_aztec_chinampa_xochimilco.py,cyl,81,82,True,python,unreviewed
AuroraIA/application/python-services/proc_aztec_chinampa_xochimilco.py,empty,84,89,True,python,unreviewed
AuroraIA/application/python-services/proc_aztec_chinampa_xochimilco.py,make_trajinera,421,492,True,python,unreviewed
AuroraIA/application/python-services/proc_aztec_chinampa_xochimilco.py,make_person,507,561,True,python,unreviewed
AuroraIA/application/python-services/proc_aztec_chinampa_xochimilco.py,make_mariachi,686,811,True,python,unreviewed
AuroraIA/application/python-services/proc_aztec_chinampa_xochimilco.py,make_swan,826,855,True,python,unreviewed
AuroraIA/application/python-services/proc_aztec_chinampa_xochimilco.py,make_flamingo,857,888,True,python,unreviewed
AuroraIA/application/python-services/proc_aztec_chinampa_xochimilco.py,make_hummingbird,971,988,True,python,unreviewed
AuroraIA/application/python-services/proc_basketball_hoop.py,_find_blender,20,25,False,python,unreviewed
AuroraIA/application/python-services/proc_basketball_hoop.py,make_hoop,319,339,True,python,unreviewed
AuroraIA/application/python-services/proc_basketball_hoop.py,main,342,348,True,python,unreviewed
AuroraIA/application/python-services/proc_bavarian_oktoberfest_beerhall.py,reset,10,16,True,python,unreviewed
AuroraIA/application/python-services/proc_bavarian_oktoberfest_beerhall.py,mat,18,40,True,python,unreviewed
AuroraIA/application/python-services/proc_bavarian_oktoberfest_beerhall.py,smooth_shade,42,49,True,python,unreviewed
AuroraIA/application/python-services/proc_bavarian_oktoberfest_beerhall.py,make_obj,51,58,True,python,unreviewed
AuroraIA/application/python-services/proc_bavarian_oktoberfest_beerhall.py,beveled_cube,60,67,True,python,unreviewed
AuroraIA/application/python-services/proc_bavarian_oktoberfest_beerhall.py,smooth_sphere,69,74,True,python,unreviewed
AuroraIA/application/python-services/proc_bavarian_oktoberfest_beerhall.py,smooth_cone,76,79,True,python,unreviewed
AuroraIA/application/python-services/proc_bavarian_oktoberfest_beerhall.py,cyl,81,82,True,python,unreviewed
AuroraIA/application/python-services/proc_bavarian_oktoberfest_beerhall.py,empty,84,89,True,python,unreviewed
AuroraIA/application/python-services/proc_bavarian_oktoberfest_beerhall.py,make_lederhosen_man,384,490,True,python,unreviewed
AuroraIA/application/python-services/proc_bavarian_oktoberfest_beerhall.py,make_dirndl_woman,509,608,True,python,unreviewed
AuroraIA/application/python-services/proc_bavarian_oktoberfest_beerhall.py,make_musician,630,765,True,python,unreviewed
AuroraIA/application/python-services/proc_bbq_grill.py,_find_blender,19,24,False,python,unreviewed
AuroraIA/application/python-services/proc_bbq_grill.py,make_bbq,316,336,True,python,unreviewed
AuroraIA/application/python-services/proc_bbq_grill.py,main,339,345,True,python,unreviewed
AuroraIA/application/python-services/proc_beach_umbrella.py,_find_blender,19,24,False,python,unreviewed
AuroraIA/application/python-services/proc_beach_umbrella.py,make_umbrella,244,264,True,python,unreviewed
AuroraIA/application/python-services/proc_beach_umbrella.py,main,267,273,True,python,unreviewed
AuroraIA/application/python-services/proc_belgian_bruges_canals_chocolate.py,reset,10,16,True,python,unreviewed
AuroraIA/application/python-services/proc_belgian_bruges_canals_chocolate.py,mat,18,35,True,python,unreviewed
AuroraIA/application/python-services/proc_belgian_bruges_canals_chocolate.py,smooth_shade,37,44,True,python,unreviewed
AuroraIA/application/python-services/proc_belgian_bruges_canals_chocolate.py,make_obj,46,53,True,python,unreviewed
AuroraIA/application/python-services/proc_belgian_bruges_canals_chocolate.py,beveled_cube,55,62,True,python,unreviewed
AuroraIA/application/python-services/proc_belgian_bruges_canals_chocolate.py,smooth_sphere,64,69,True,python,unreviewed
AuroraIA/application/python-services/proc_belgian_bruges_canals_chocolate.py,smooth_cone,71,74,True,python,unreviewed
AuroraIA/application/python-services/proc_belgian_bruges_canals_chocolate.py,cyl,76,77,True,python,unreviewed
AuroraIA/application/python-services/proc_belgian_bruges_canals_chocolate.py,empty,79,84,True,python,unreviewed
AuroraIA/application/python-services/proc_belgian_bruges_canals_chocolate.py,make_bruges_house,236,291,True,python,unreviewed
AuroraIA/application/python-services/proc_belgian_bruges_canals_chocolate.py,make_canal_boat,352,381,True,python,unreviewed
AuroraIA/application/python-services/proc_belgian_bruges_canals_chocolate.py,make_chocolatier,391,449,True,python,unreviewed
AuroraIA/application/python-services/proc_bhutan_tigers_nest_cliff_monastery.py,reset,10,16,True,python,unreviewed
AuroraIA/application/python-services/proc_bhutan_tigers_nest_cliff_monastery.py,mat,18,35,True,python,unreviewed
AuroraIA/application/python-services/proc_bhutan_tigers_nest_cliff_monastery.py,smooth_shade,37,44,True,python,unreviewed
AuroraIA/application/python-services/proc_bhutan_tigers_nest_cliff_monastery.py,make_obj,46,53,True,python,unreviewed
AuroraIA/application/python-services/proc_bhutan_tigers_nest_cliff_monastery.py,beveled_cube,55,62,True,python,unreviewed
AuroraIA/application/python-services/proc_bhutan_tigers_nest_cliff_monastery.py,smooth_sphere,64,69,True,python,unreviewed
AuroraIA/application/python-services/proc_bhutan_tigers_nest_cliff_monastery.py,smooth_cone,71,74,True,python,unreviewed
AuroraIA/application/python-services/proc_bhutan_tigers_nest_cliff_monastery.py,cyl,76,77,True,python,unreviewed
AuroraIA/application/python-services/proc_bhutan_tigers_nest_cliff_monastery.py,empty,79,84,True,python,unreviewed
AuroraIA/application/python-services/proc_bhutan_tigers_nest_cliff_monastery.py,make_mountain,208,227,True,python,unreviewed
AuroraIA/application/python-services/proc_bhutan_tigers_nest_cliff_monastery.py,make_prayer_wheel,296,318,True,python,unreviewed
AuroraIA/application/python-services/proc_bhutan_tigers_nest_cliff_monastery.py,make_monk,326,383,True,python,unreviewed
AuroraIA/application/python-services/proc_bhutan_tigers_nest_cliff_monastery.py,make_buddha,392,435,True,python,unreviewed
AuroraIA/application/python-services/proc_bicycle.py,_find_blender,18,23,False,python,unreviewed
AuroraIA/application/python-services/proc_bicycle.py,make_bicycle,283,303,True,python,unreviewed
AuroraIA/application/python-services/proc_bicycle.py,main,306,312,True,python,unreviewed
AuroraIA/application/python-services/proc_bike_rack.py,_find_blender,20,25,False,python,unreviewed
AuroraIA/application/python-services/proc_bike_rack.py,make_rack,359,379,True,python,unreviewed
AuroraIA/application/python-services/proc_bike_rack.py,main,382,388,True,python,unreviewed
AuroraIA/application/python-services/proc_billiard_table.py,_find_blender,20,25,False,python,unreviewed
AuroraIA/application/python-services/proc_billiard_table.py,make_billiard,368,388,True,python,unreviewed
AuroraIA/application/python-services/proc_billiard_table.py,main,391,397,True,python,unreviewed
AuroraIA/application/python-services/proc_bioluminescent_abyss.py,reset,10,16,True,python,unreviewed
AuroraIA/application/python-services/proc_bioluminescent_abyss.py,mat,18,40,True,python,unreviewed
AuroraIA/application/python-services/proc_bioluminescent_abyss.py,smooth_shade,42,49,True,python,unreviewed
AuroraIA/application/python-services/proc_bioluminescent_abyss.py,make_obj,51,58,True,python,unreviewed
AuroraIA/application/python-services/proc_bioluminescent_abyss.py,beveled_cube,60,67,True,python,unreviewed
AuroraIA/application/python-services/proc_bioluminescent_abyss.py,smooth_sphere,69,74,True,python,unreviewed
AuroraIA/application/python-services/proc_bioluminescent_abyss.py,smooth_cone,76,79,True,python,unreviewed
AuroraIA/application/python-services/proc_bioluminescent_abyss.py,cyl,81,82,True,python,unreviewed
AuroraIA/application/python-services/proc_bioluminescent_abyss.py,empty,84,89,True,python,unreviewed
AuroraIA/application/python-services/proc_bioluminescent_abyss.py,make_jellyfish,282,320,True,python,unreviewed
AuroraIA/application/python-services/proc_bioluminescent_abyss.py,make_anglerfish,334,381,True,python,unreviewed
AuroraIA/application/python-services/proc_bioluminescent_abyss.py,make_squid,394,449,True,python,unreviewed
AuroraIA/application/python-services/proc_bioluminescent_abyss.py,make_whale,497,531,True,python,unreviewed
AuroraIA/application/python-services/proc_black_hole.py,_find_blender,20,25,False,python,unreviewed
AuroraIA/application/python-services/proc_black_hole.py,make_bh,260,280,True,python,unreviewed
AuroraIA/application/python-services/proc_black_hole.py,main,283,289,True,python,unreviewed
AuroraIA/application/python-services/proc_bonsai.py,_find_blender,17,22,False,python,unreviewed
AuroraIA/application/python-services/proc_bonsai.py,make_bonsai,223,243,True,python,unreviewed
AuroraIA/application/python-services/proc_bonsai.py,main,246,252,True,python,unreviewed
AuroraIA/application/python-services/proc_botswana_okavango_delta_safari.py,reset,10,16,True,python,unreviewed
AuroraIA/application/python-services/proc_botswana_okavango_delta_safari.py,mat,18,35,True,python,unreviewed
AuroraIA/application/python-services/proc_botswana_okavango_delta_safari.py,smooth_shade,37,44,True,python,unreviewed
AuroraIA/application/python-services/proc_botswana_okavango_delta_safari.py,make_obj,46,53,True,python,unreviewed
AuroraIA/application/python-services/proc_botswana_okavango_delta_safari.py,beveled_cube,55,62,True,python,unreviewed
AuroraIA/application/python-services/proc_botswana_okavango_delta_safari.py,smooth_sphere,64,69,True,python,unreviewed
AuroraIA/application/python-services/proc_botswana_okavango_delta_safari.py,smooth_cone,71,74,True,python,unreviewed
AuroraIA/application/python-services/proc_botswana_okavango_delta_safari.py,cyl,76,77,True,python,unreviewed
AuroraIA/application/python-services/proc_botswana_okavango_delta_safari.py,empty,79,84,True,python,unreviewed
AuroraIA/application/python-services/proc_botswana_okavango_delta_safari.py,make_acacia,201,218,True,python,unreviewed
AuroraIA/application/python-services/proc_botswana_okavango_delta_safari.py,make_elephant,229,286,True,python,unreviewed
AuroraIA/application/python-services/proc_botswana_okavango_delta_safari.py,make_giraffe,296,370,True,python,unreviewed
AuroraIA/application/python-services/proc_botswana_okavango_delta_safari.py,make_lion,380,433,True,python,unreviewed
AuroraIA/application/python-services/proc_botswana_okavango_delta_safari.py,make_hippo,442,475,True,python,unreviewed
AuroraIA/application/python-services/proc_botswana_okavango_delta_safari.py,make_mokoro,484,504,True,python,unreviewed
AuroraIA/application/python-services/proc_botswana_okavango_delta_safari.py,make_hut,512,528,True,python,unreviewed
AuroraIA/application/python-services/proc_botswana_okavango_delta_safari.py,make_villager,534,565,True,python,unreviewed
AuroraIA/application/python-services/proc_bowling_lane.py,_find_blender,20,25,False,python,unreviewed
AuroraIA/application/python-services/proc_bowling_lane.py,make_bowling,257,277,True,python,unreviewed
AuroraIA/application/python-services/proc_bowling_lane.py,main,280,286,True,python,unreviewed
AuroraIA/application/python-services/proc_brazilian_carnival_rio.py,reset,10,16,True,python,unreviewed
AuroraIA/application/python-services/proc_brazilian_carnival_rio.py,mat,18,40,True,python,unreviewed
AuroraIA/application/python-services/proc_brazilian_carnival_rio.py,smooth_shade,42,49,True,python,unreviewed
AuroraIA/application/python-services/proc_brazilian_carnival_rio.py,make_obj,51,58,True,python,unreviewed
AuroraIA/application/python-services/proc_brazilian_carnival_rio.py,beveled_cube,60,67,True,python,unreviewed
AuroraIA/application/python-services/proc_brazilian_carnival_rio.py,smooth_sphere,69,74,True,python,unreviewed
AuroraIA/application/python-services/proc_brazilian_carnival_rio.py,smooth_cone,76,79,True,python,unreviewed
AuroraIA/application/python-services/proc_brazilian_carnival_rio.py,cyl,81,82,True,python,unreviewed
AuroraIA/application/python-services/proc_brazilian_carnival_rio.py,empty,84,89,True,python,unreviewed
AuroraIA/application/python-services/proc_brazilian_carnival_rio.py,make_samba_dancer,363,489,True,python,unreviewed
AuroraIA/application/python-services/proc_brazilian_carnival_rio.py,make_percussionist,565,623,True,python,unreviewed
AuroraIA/application/python-services/proc_brazilian_carnival_rio.py,make_capoeirista,638,689,True,python,unreviewed
AuroraIA/application/python-services/proc_butterfly_garden.py,make_mat,49,63,True,python,unreviewed
AuroraIA/application/python-services/proc_butterfly_garden.py,add_obj,66,71,True,python,unreviewed
AuroraIA/application/python-services/proc_butterfly_garden.py,empty,74,80,True,python,unreviewed
AuroraIA/application/python-services/proc_butterfly_garden.py,smooth_shade,83,90,True,python,unreviewed
AuroraIA/application/python-services/proc_butterfly_garden.py,beveled_cube,93,106,True,python,unreviewed
AuroraIA/application/python-services/proc_butterfly_garden.py,smooth_sphere,109,122,True,python,unreviewed
AuroraIA/application/python-services/proc_butterfly_garden.py,smooth_cone,125,136,True,python,unreviewed
AuroraIA/application/python-services/proc_butterfly_garden.py,kf,419,428,True,python,unreviewed
AuroraIA/application/python-services/proc_cable_chain.py,_find_blender,20,25,False,python,unreviewed
AuroraIA/application/python-services/proc_cable_chain.py,make_chain,160,180,True,python,unreviewed
AuroraIA/application/python-services/proc_cable_chain.py,main,183,189,True,python,unreviewed
AuroraIA/application/python-services/proc_cambodian_angkor_wat_temple.py,reset,10,16,True,python,unreviewed
AuroraIA/application/python-services/proc_cambodian_angkor_wat_temple.py,mat,18,35,True,python,unreviewed
AuroraIA/application/python-services/proc_cambodian_angkor_wat_temple.py,smooth_shade,37,44,True,python,unreviewed
AuroraIA/application/python-services/proc_cambodian_angkor_wat_temple.py,make_obj,46,53,True,python,unreviewed
AuroraIA/application/python-services/proc_cambodian_angkor_wat_temple.py,beveled_cube,55,62,True,python,unreviewed
AuroraIA/application/python-services/proc_cambodian_angkor_wat_temple.py,smooth_sphere,64,69,True,python,unreviewed
AuroraIA/application/python-services/proc_cambodian_angkor_wat_temple.py,smooth_cone,71,74,True,python,unreviewed
AuroraIA/application/python-services/proc_cambodian_angkor_wat_temple.py,cyl,76,77,True,python,unreviewed
AuroraIA/application/python-services/proc_cambodian_angkor_wat_temple.py,empty,79,84,True,python,unreviewed
AuroraIA/application/python-services/proc_cambodian_angkor_wat_temple.py,make_tower,225,255,True,python,unreviewed
AuroraIA/application/python-services/proc_cambodian_angkor_wat_temple.py,make_monk,293,354,True,python,unreviewed
AuroraIA/application/python-services/proc_cambodian_angkor_wat_temple.py,make_banyan,370,405,True,python,unreviewed
AuroraIA/application/python-services/proc_cambodian_angkor_wat_temple.py,make_buddha,427,476,True,python,unreviewed
AuroraIA/application/python-services/proc_campfire_scene.py,_find_blender,22,27,False,python,unreviewed
AuroraIA/application/python-services/proc_campfire_scene.py,make_camp,296,316,True,python,unreviewed
AuroraIA/application/python-services/proc_campfire_scene.py,main,319,325,True,python,unreviewed
AuroraIA/application/python-services/proc_camping_tent.py,_find_blender,19,24,False,python,unreviewed
AuroraIA/application/python-services/proc_camping_tent.py,make_tent,262,282,True,python,unreviewed
AuroraIA/application/python-services/proc_camping_tent.py,main,285,291,True,python,unreviewed
AuroraIA/application/python-services/proc_canadian_wilderness_aurora_lake.py,reset,10,16,True,python,unreviewed
AuroraIA/application/python-services/proc_canadian_wilderness_aurora_lake.py,mat,18,35,True,python,unreviewed
AuroraIA/application/python-services/proc_canadian_wilderness_aurora_lake.py,smooth_shade,37,44,True,python,unreviewed
AuroraIA/application/python-services/proc_canadian_wilderness_aurora_lake.py,make_obj,46,53,True,python,unreviewed
AuroraIA/application/python-services/proc_canadian_wilderness_aurora_lake.py,beveled_cube,55,62,True,python,unreviewed
AuroraIA/application/python-services/proc_canadian_wilderness_aurora_lake.py,smooth_sphere,64,69,True,python,unreviewed
AuroraIA/application/python-services/proc_canadian_wilderness_aurora_lake.py,smooth_cone,71,74,True,python,unreviewed
AuroraIA/application/python-services/proc_canadian_wilderness_aurora_lake.py,cyl,76,77,True,python,unreviewed
AuroraIA/application/python-services/proc_canadian_wilderness_aurora_lake.py,empty,79,84,True,python,unreviewed
AuroraIA/application/python-services/proc_canadian_wilderness_aurora_lake.py,make_snowy_fir,329,340,True,python,unreviewed
AuroraIA/application/python-services/proc_canadian_wilderness_aurora_lake.py,make_beaver,438,476,True,python,unreviewed
AuroraIA/application/python-services/proc_canadian_wilderness_aurora_lake.py,make_lumberjack,491,568,True,python,unreviewed
AuroraIA/application/python-services/proc_capetown_table_mountain_penguins.py,reset,10,16,True,python,unreviewed
AuroraIA/application/python-services/proc_capetown_table_mountain_penguins.py,mat,18,35,True,python,unreviewed
AuroraIA/application/python-services/proc_capetown_table_mountain_penguins.py,smooth_shade,37,44,True,python,unreviewed
AuroraIA/application/python-services/proc_capetown_table_mountain_penguins.py,make_obj,46,53,True,python,unreviewed
AuroraIA/application/python-services/proc_capetown_table_mountain_penguins.py,beveled_cube,55,62,True,python,unreviewed
AuroraIA/application/python-services/proc_capetown_table_mountain_penguins.py,smooth_sphere,64,69,True,python,unreviewed
AuroraIA/application/python-services/proc_capetown_table_mountain_penguins.py,smooth_cone,71,74,True,python,unreviewed
AuroraIA/application/python-services/proc_capetown_table_mountain_penguins.py,cyl,76,77,True,python,unreviewed
AuroraIA/application/python-services/proc_capetown_table_mountain_penguins.py,empty,79,84,True,python,unreviewed
AuroraIA/application/python-services/proc_capetown_table_mountain_penguins.py,make_african_penguin,320,365,True,python,unreviewed
AuroraIA/application/python-services/proc_capetown_table_mountain_penguins.py,make_surfer,376,429,True,python,unreviewed
AuroraIA/application/python-services/proc_car_lowpoly.py,_find_blender,18,23,False,python,unreviewed
AuroraIA/application/python-services/proc_car_lowpoly.py,make_car,193,213,True,python,unreviewed
AuroraIA/application/python-services/proc_car_lowpoly.py,main,216,222,True,python,unreviewed
AuroraIA/application/python-services/proc_cargo_ship.py,_find_blender,18,23,False,python,unreviewed
AuroraIA/application/python-services/proc_cargo_ship.py,make_cargo,253,273,True,python,unreviewed
AuroraIA/application/python-services/proc_cargo_ship.py,main,276,282,True,python,unreviewed
AuroraIA/application/python-services/proc_caribbean_jamaica_reggae_beach.py,reset,10,16,True,python,unreviewed
AuroraIA/application/python-services/proc_caribbean_jamaica_reggae_beach.py,mat,18,35,True,python,unreviewed
AuroraIA/application/python-services/proc_caribbean_jamaica_reggae_beach.py,smooth_shade,37,44,True,python,unreviewed
AuroraIA/application/python-services/proc_caribbean_jamaica_reggae_beach.py,make_obj,46,53,True,python,unreviewed
AuroraIA/application/python-services/proc_caribbean_jamaica_reggae_beach.py,beveled_cube,55,62,True,python,unreviewed
AuroraIA/application/python-services/proc_caribbean_jamaica_reggae_beach.py,smooth_sphere,64,69,True,python,unreviewed
AuroraIA/application/python-services/proc_caribbean_jamaica_reggae_beach.py,smooth_cone,71,74,True,python,unreviewed
AuroraIA/application/python-services/proc_caribbean_jamaica_reggae_beach.py,cyl,76,77,True,python,unreviewed
AuroraIA/application/python-services/proc_caribbean_jamaica_reggae_beach.py,empty,79,84,True,python,unreviewed
AuroraIA/application/python-services/proc_caribbean_jamaica_reggae_beach.py,make_palm,190,220,True,python,unreviewed
AuroraIA/application/python-services/proc_caribbean_jamaica_reggae_beach.py,make_rasta,274,343,True,python,unreviewed
AuroraIA/application/python-services/proc_caribbean_jamaica_reggae_beach.py,make_musician,353,417,True,python,unreviewed
AuroraIA/application/python-services/proc_caribbean_jamaica_reggae_beach.py,make_fishing_boat,427,452,True,python,unreviewed
AuroraIA/application/python-services/proc_caribbean_pirate_island_treasure.py,reset,10,16,True,python,unreviewed
AuroraIA/application/python-services/proc_caribbean_pirate_island_treasure.py,mat,18,35,True,python,unreviewed
AuroraIA/application/python-services/proc_caribbean_pirate_island_treasure.py,smooth_shade,37,44,True,python,unreviewed
AuroraIA/application/python-services/proc_caribbean_pirate_island_treasure.py,make_obj,46,53,True,python,unreviewed
AuroraIA/application/python-services/proc_caribbean_pirate_island_treasure.py,beveled_cube,55,62,True,python,unreviewed
AuroraIA/application/python-services/proc_caribbean_pirate_island_treasure.py,smooth_sphere,64,69,True,python,unreviewed
AuroraIA/application/python-services/proc_caribbean_pirate_island_treasure.py,smooth_cone,71,74,True,python,unreviewed
AuroraIA/application/python-services/proc_caribbean_pirate_island_treasure.py,cyl,76,77,True,python,unreviewed
AuroraIA/application/python-services/proc_caribbean_pirate_island_treasure.py,empty,79,84,True,python,unreviewed
AuroraIA/application/python-services/proc_caribbean_pirate_island_treasure.py,make_pirate,411,512,True,python,unreviewed
AuroraIA/application/python-services/proc_caribbean_pirate_island_treasure.py,make_palm,659,696,True,python,unreviewed
AuroraIA/application/python-services/proc_caribbean_pirate_island_treasure.py,make_mermaid,757,829,True,python,unreviewed
AuroraIA/application/python-services/proc_caribbean_pirate_island_treasure.py,make_crab,847,889,True,python,unreviewed
AuroraIA/application/python-services/proc_carnival_rio_samba_brazil.py,reset,10,16,True,python,unreviewed
AuroraIA/application/python-services/proc_carnival_rio_samba_brazil.py,mat,18,35,True,python,unreviewed
AuroraIA/application/python-services/proc_carnival_rio_samba_brazil.py,smooth_shade,37,44,True,python,unreviewed
AuroraIA/application/python-services/proc_carnival_rio_samba_brazil.py,make_obj,46,53,True,python,unreviewed
AuroraIA/application/python-services/proc_carnival_rio_samba_brazil.py,beveled_cube,55,62,True,python,unreviewed
AuroraIA/application/python-services/proc_carnival_rio_samba_brazil.py,smooth_sphere,64,69,True,python,unreviewed
AuroraIA/application/python-services/proc_carnival_rio_samba_brazil.py,smooth_cone,71,74,True,python,unreviewed
AuroraIA/application/python-services/proc_carnival_rio_samba_brazil.py,cyl,76,77,True,python,unreviewed
AuroraIA/application/python-services/proc_carnival_rio_samba_brazil.py,empty,79,84,True,python,unreviewed
AuroraIA/application/python-services/proc_carnival_rio_samba_brazil.py,make_float,263,441,True,python,unreviewed
AuroraIA/application/python-services/proc_carnival_rio_samba_brazil.py,make_sambista,451,568,True,python,unreviewed
AuroraIA/application/python-services/proc_carnival_rio_samba_brazil.py,make_batería,581,642,True,python,unreviewed
AuroraIA/application/python-services/proc_carnival_rio_samba_brazil.py,make_capoeira,654,695,True,python,unreviewed
AuroraIA/application/python-services/proc_carnival_rio_samba_brazil.py,make_tribune,705,734,True,python,unreviewed
AuroraIA/application/python-services/proc_carousel.py,_find_blender,20,25,False,python,unreviewed
AuroraIA/application/python-services/proc_carousel.py,make_carousel,309,329,True,python,unreviewed
AuroraIA/application/python-services/proc_carousel.py,main,332,338,True,python,unreviewed
AuroraIA/application/python-services/proc_castle.py,_find_blender,18,23,False,python,unreviewed
AuroraIA/application/python-services/proc_castle.py,make_castle,254,274,True,python,unreviewed
AuroraIA/application/python-services/proc_castle.py,main,277,283,True,python,unreviewed
AuroraIA/application/python-services/proc_cathedral_gothic_interior.py,make_mat,51,65,True,python,unreviewed
AuroraIA/application/python-services/proc_cathedral_gothic_interior.py,add_obj,68,73,True,python,unreviewed
AuroraIA/application/python-services/proc_cathedral_gothic_interior.py,empty,76,82,True,python,unreviewed
AuroraIA/application/python-services/proc_cathedral_gothic_interior.py,smooth_shade,85,92,True,python,unreviewed
AuroraIA/application/python-services/proc_cathedral_gothic_interior.py,beveled_cube,95,108,True,python,unreviewed
AuroraIA/application/python-services/proc_cathedral_gothic_interior.py,smooth_sphere,111,124,True,python,unreviewed
AuroraIA/application/python-services/proc_cathedral_gothic_interior.py,smooth_cone,127,138,True,python,unreviewed
AuroraIA/application/python-services/proc_cathedral_gothic_interior.py,kf,385,394,True,python,unreviewed
AuroraIA/application/python-services/proc_celtic_stonehenge_druids.py,reset,10,16,True,python,unreviewed
AuroraIA/application/python-services/proc_celtic_stonehenge_druids.py,mat,18,40,True,python,unreviewed
AuroraIA/application/python-services/proc_celtic_stonehenge_druids.py,smooth_shade,42,49,True,python,unreviewed
AuroraIA/application/python-services/proc_celtic_stonehenge_druids.py,make_obj,51,58,True,python,unreviewed
AuroraIA/application/python-services/proc_celtic_stonehenge_druids.py,beveled_cube,60,67,True,python,unreviewed
AuroraIA/application/python-services/proc_celtic_stonehenge_druids.py,smooth_sphere,69,74,True,python,unreviewed
AuroraIA/application/python-services/proc_celtic_stonehenge_druids.py,smooth_cone,76,79,True,python,unreviewed
AuroraIA/application/python-services/proc_celtic_stonehenge_druids.py,cyl,81,82,True,python,unreviewed
AuroraIA/application/python-services/proc_celtic_stonehenge_druids.py,empty,84,89,True,python,unreviewed
AuroraIA/application/python-services/proc_celtic_stonehenge_druids.py,make_druid,298,386,True,python,unreviewed
AuroraIA/application/python-services/proc_celtic_stonehenge_druids.py,make_celt_woman,401,498,True,python,unreviewed
AuroraIA/application/python-services/proc_celtic_stonehenge_druids.py,make_stag,555,616,True,python,unreviewed
AuroraIA/application/python-services/proc_celtic_stonehenge_druids.py,make_raven,626,648,True,python,unreviewed
AuroraIA/application/python-services/proc_chandelier.py,_find_blender,20,25,False,python,unreviewed
AuroraIA/application/python-services/proc_chandelier.py,make_chandelier,275,295,True,python,unreviewed
AuroraIA/application/python-services/proc_chandelier.py,main,298,304,True,python,unreviewed
AuroraIA/application/python-services/proc_chess_board.py,_find_blender,19,24,False,python,unreviewed
AuroraIA/application/python-services/proc_chess_board.py,make_chess,224,244,True,python,unreviewed
AuroraIA/application/python-services/proc_chess_board.py,main,247,253,True,python,unreviewed
AuroraIA/application/python-services/proc_chess_set_board.py,make_mat,49,61,True,python,unreviewed
AuroraIA/application/python-services/proc_chess_set_board.py,add_obj,64,69,True,python,unreviewed
AuroraIA/application/python-services/proc_chess_set_board.py,empty,72,78,True,python,unreviewed
AuroraIA/application/python-services/proc_chess_set_board.py,smooth_shade,81,88,True,python,unreviewed
AuroraIA/application/python-services/proc_chess_set_board.py,beveled_cube,91,105,True,python,unreviewed
AuroraIA/application/python-services/proc_chess_set_board.py,smooth_sphere,108,121,True,python,unreviewed
AuroraIA/application/python-services/proc_chess_set_board.py,smooth_cone,124,135,True,python,unreviewed
AuroraIA/application/python-services/proc_chess_set_board.py,make_pawn,207,217,True,python,unreviewed
AuroraIA/application/python-services/proc_chess_set_board.py,make_rook,219,231,True,python,unreviewed
AuroraIA/application/python-services/proc_chess_set_board.py,make_knight,233,257,True,python,unreviewed
AuroraIA/application/python-services/proc_chess_set_board.py,make_bishop,259,273,True,python,unreviewed
AuroraIA/application/python-services/proc_chess_set_board.py,make_queen,275,290,True,python,unreviewed
AuroraIA/application/python-services/proc_chess_set_board.py,make_king,292,304,True,python,unreviewed
AuroraIA/application/python-services/proc_chess_set_board.py,kf_loc,423,425,True,python,unreviewed
AuroraIA/application/python-services/proc_chess_set_board.py,kf_scale,428,430,True,python,unreviewed
AuroraIA/application/python-services/proc_chess_set_board.py,kf_rot,433,435,True,python,unreviewed
AuroraIA/application/python-services/proc_chinese_dragon_new_year.py,reset,9,15,True,python,unreviewed
AuroraIA/application/python-services/proc_chinese_dragon_new_year.py,mat,17,39,True,python,unreviewed
AuroraIA/application/python-services/proc_chinese_dragon_new_year.py,smooth_shade,41,48,True,python,unreviewed
AuroraIA/application/python-services/proc_chinese_dragon_new_year.py,make_obj,50,57,True,python,unreviewed
AuroraIA/application/python-services/proc_chinese_dragon_new_year.py,beveled_cube,59,66,True,python,unreviewed
AuroraIA/application/python-services/proc_chinese_dragon_new_year.py,smooth_sphere,68,73,True,python,unreviewed
AuroraIA/application/python-services/proc_chinese_dragon_new_year.py,smooth_cone,75,78,True,python,unreviewed
AuroraIA/application/python-services/proc_chinese_dragon_new_year.py,cyl,80,81,True,python,unreviewed
AuroraIA/application/python-services/proc_chinese_dragon_new_year.py,empty,83,88,True,python,unreviewed
AuroraIA/application/python-services/proc_chinese_great_wall_dragon.py,reset,10,16,True,python,unreviewed
AuroraIA/application/python-services/proc_chinese_great_wall_dragon.py,mat,18,35,True,python,unreviewed
AuroraIA/application/python-services/proc_chinese_great_wall_dragon.py,smooth_shade,37,44,True,python,unreviewed
AuroraIA/application/python-services/proc_chinese_great_wall_dragon.py,make_obj,46,53,True,python,unreviewed
AuroraIA/application/python-services/proc_chinese_great_wall_dragon.py,beveled_cube,55,62,True,python,unreviewed
AuroraIA/application/python-services/proc_chinese_great_wall_dragon.py,smooth_sphere,64,69,True,python,unreviewed
AuroraIA/application/python-services/proc_chinese_great_wall_dragon.py,smooth_cone,71,74,True,python,unreviewed
AuroraIA/application/python-services/proc_chinese_great_wall_dragon.py,cyl,76,77,True,python,unreviewed
AuroraIA/application/python-services/proc_chinese_great_wall_dragon.py,empty,79,84,True,python,unreviewed
AuroraIA/application/python-services/proc_chinese_great_wall_dragon.py,make_dragon_dancer,434,476,True,python,unreviewed
AuroraIA/application/python-services/proc_chinese_great_wall_dragon.py,make_archer,567,641,True,python,unreviewed
AuroraIA/application/python-services/proc_chinese_great_wall_dragon.py,make_musician_c,651,703,True,python,unreviewed
AuroraIA/application/python-services/proc_chinese_great_wall_dragon.py,make_tiger,716,758,True,python,unreviewed
AuroraIA/application/python-services/proc_christmas_market_european_lights.py,reset,10,16,True,python,unreviewed
AuroraIA/application/python-services/proc_christmas_market_european_lights.py,mat,18,35,True,python,unreviewed
AuroraIA/application/python-services/proc_christmas_market_european_lights.py,smooth_shade,37,44,True,python,unreviewed
AuroraIA/application/python-services/proc_christmas_market_european_lights.py,make_obj,46,53,True,python,unreviewed
AuroraIA/application/python-services/proc_christmas_market_european_lights.py,beveled_cube,55,62,True,python,unreviewed
AuroraIA/application/python-services/proc_christmas_market_european_lights.py,smooth_sphere,64,69,True,python,unreviewed
AuroraIA/application/python-services/proc_christmas_market_european_lights.py,smooth_cone,71,74,True,python,unreviewed
AuroraIA/application/python-services/proc_christmas_market_european_lights.py,cyl,76,77,True,python,unreviewed
AuroraIA/application/python-services/proc_christmas_market_european_lights.py,empty,79,84,True,python,unreviewed
AuroraIA/application/python-services/proc_christmas_market_european_lights.py,make_chalet,388,466,True,python,unreviewed
AuroraIA/application/python-services/proc_christmas_market_european_lights.py,make_reindeer,587,658,True,python,unreviewed
AuroraIA/application/python-services/proc_christmas_market_european_lights.py,make_elf,684,742,True,python,unreviewed
AuroraIA/application/python-services/proc_christmas_market_european_lights.py,make_child,752,814,True,python,unreviewed
AuroraIA/application/python-services/proc_christmas_tree.py,_find_blender,20,25,False,python,unreviewed
AuroraIA/application/python-services/proc_christmas_tree.py,make_xmas,292,312,True,python,unreviewed
AuroraIA/application/python-services/proc_christmas_tree.py,main,315,321,True,python,unreviewed
AuroraIA/application/python-services/proc_circus_tent.py,make_mat,39,53,True,python,unreviewed
AuroraIA/application/python-services/proc_circus_tent.py,add_obj,56,61,True,python,unreviewed
AuroraIA/application/python-services/proc_circus_tent.py,empty,64,70,True,python,unreviewed
AuroraIA/application/python-services/proc_circus_tent.py,cube,73,83,True,python,unreviewed
AuroraIA/application/python-services/proc_circus_tent.py,sphere,86,96,True,python,unreviewed
AuroraIA/application/python-services/proc_circus_tent.py,cone,99,109,True,python,unreviewed
AuroraIA/application/python-services/proc_circus_tent.py,make_horse,328,352,True,python,unreviewed
AuroraIA/application/python-services/proc_circus_tent.py,kf_loc,457,459,True,python,unreviewed
AuroraIA/application/python-services/proc_circus_tent.py,kf_scale,462,464,True,python,unreviewed
AuroraIA/application/python-services/proc_circus_tent.py,kf_rot,467,469,True,python,unreviewed
AuroraIA/application/python-services/proc_classical_violin.py,make_mat,49,63,True,python,unreviewed
AuroraIA/application/python-services/proc_classical_violin.py,add_obj,66,71,True,python,unreviewed
AuroraIA/application/python-services/proc_classical_violin.py,empty,74,80,True,python,unreviewed
AuroraIA/application/python-services/proc_classical_violin.py,smooth_shade,83,90,True,python,unreviewed
AuroraIA/application/python-services/proc_classical_violin.py,beveled_cube,93,107,True,python,unreviewed
AuroraIA/application/python-services/proc_classical_violin.py,smooth_sphere,110,123,True,python,unreviewed
AuroraIA/application/python-services/proc_classical_violin.py,smooth_cone,126,137,True,python,unreviewed
AuroraIA/application/python-services/proc_classical_violin.py,make_violin_body,238,250,True,python,unreviewed
AuroraIA/application/python-services/proc_classical_violin.py,kf_loc,418,420,True,python,unreviewed
AuroraIA/application/python-services/proc_classical_violin.py,kf_scale,423,425,True,python,unreviewed
AuroraIA/application/python-services/proc_classical_violin.py,kf_rot,428,430,True,python,unreviewed
AuroraIA/application/python-services/proc_clock_interior_mechanism.py,make_mat,48,62,True,python,unreviewed
AuroraIA/application/python-services/proc_clock_interior_mechanism.py,add_obj,65,70,True,python,unreviewed
AuroraIA/application/python-services/proc_clock_interior_mechanism.py,empty,73,79,True,python,unreviewed
AuroraIA/application/python-services/proc_clock_interior_mechanism.py,smooth_shade,82,89,True,python,unreviewed
AuroraIA/application/python-services/proc_clock_interior_mechanism.py,beveled_cube,92,105,True,python,unreviewed
AuroraIA/application/python-services/proc_clock_interior_mechanism.py,smooth_sphere,108,121,True,python,unreviewed
AuroraIA/application/python-services/proc_clock_interior_mechanism.py,smooth_cone,124,135,True,python,unreviewed
AuroraIA/application/python-services/proc_clock_interior_mechanism.py,make_spring,238,247,True,python,unreviewed
AuroraIA/application/python-services/proc_clock_interior_mechanism.py,kf,329,338,True,python,unreviewed
AuroraIA/application/python-services/proc_clockwork_city_steampunk.py,make_mat,48,62,True,python,unreviewed
AuroraIA/application/python-services/proc_clockwork_city_steampunk.py,add_obj,65,70,True,python,unreviewed
AuroraIA/application/python-services/proc_clockwork_city_steampunk.py,empty,73,79,True,python,unreviewed
AuroraIA/application/python-services/proc_clockwork_city_steampunk.py,smooth_shade,82,89,True,python,unreviewed
AuroraIA/application/python-services/proc_clockwork_city_steampunk.py,beveled_cube,92,105,True,python,unreviewed
AuroraIA/application/python-services/proc_clockwork_city_steampunk.py,smooth_sphere,108,121,True,python,unreviewed
AuroraIA/application/python-services/proc_clockwork_city_steampunk.py,smooth_cone,124,135,True,python,unreviewed
AuroraIA/application/python-services/proc_clockwork_city_steampunk.py,kf,370,379,True,python,unreviewed
AuroraIA/application/python-services/proc_comet.py,_find_blender,21,26,False,python,unreviewed
AuroraIA/application/python-services/proc_comet.py,make_comet,274,294,True,python,unreviewed
AuroraIA/application/python-services/proc_comet.py,main,297,303,True,python,unreviewed
AuroraIA/application/python-services/proc_coral_reef.py,make_mat,40,54,True,python,unreviewed
AuroraIA/application/python-services/proc_coral_reef.py,add_obj,57,62,True,python,unreviewed
AuroraIA/application/python-services/proc_coral_reef.py,empty,65,71,True,python,unreviewed
AuroraIA/application/python-services/proc_coral_reef.py,cube,74,84,True,python,unreviewed
AuroraIA/application/python-services/proc_coral_reef.py,sphere,87,97,True,python,unreviewed
AuroraIA/application/python-services/proc_coral_reef.py,cone,100,110,True,python,unreviewed
AuroraIA/application/python-services/proc_coral_reef.py,make_branching_coral,188,201,True,python,unreviewed
AuroraIA/application/python-services/proc_coral_reef.py,make_brain_coral,204,214,True,python,unreviewed
AuroraIA/application/python-services/proc_coral_reef.py,make_table_coral,217,223,True,python,unreviewed
AuroraIA/application/python-services/proc_coral_reef.py,make_finger_coral,226,237,True,python,unreviewed
AuroraIA/application/python-services/proc_coral_reef.py,make_fan_coral,240,252,True,python,unreviewed
AuroraIA/application/python-services/proc_coral_reef.py,make_fish,286,296,True,python,unreviewed
AuroraIA/application/python-services/proc_coral_reef.py,kf_loc,401,403,True,python,unreviewed
AuroraIA/application/python-services/proc_coral_reef.py,kf_scale,406,408,True,python,unreviewed
AuroraIA/application/python-services/proc_coral_reef.py,kf_rot,411,413,True,python,unreviewed
AuroraIA/application/python-services/proc_crystal_ball.py,_find_blender,18,23,False,python,unreviewed
AuroraIA/application/python-services/proc_crystal_ball.py,make_ball,204,224,True,python,unreviewed
AuroraIA/application/python-services/proc_crystal_ball.py,main,227,233,True,python,unreviewed
AuroraIA/application/python-services/proc_crystal_cave_geode.py,make_mat,48,62,True,python,unreviewed
AuroraIA/application/python-services/proc_crystal_cave_geode.py,add_obj,65,70,True,python,unreviewed
AuroraIA/application/python-services/proc_crystal_cave_geode.py,empty,73,79,True,python,unreviewed
AuroraIA/application/python-services/proc_crystal_cave_geode.py,smooth_shade,82,89,True,python,unreviewed
AuroraIA/application/python-services/proc_crystal_cave_geode.py,beveled_cube,92,105,True,python,unreviewed
AuroraIA/application/python-services/proc_crystal_cave_geode.py,smooth_sphere,108,121,True,python,unreviewed
AuroraIA/application/python-services/proc_crystal_cave_geode.py,smooth_cone,124,135,True,python,unreviewed
AuroraIA/application/python-services/proc_crystal_cave_geode.py,kf,373,382,True,python,unreviewed
AuroraIA/application/python-services/proc_crystal_cluster.py,_find_blender,18,23,False,python,unreviewed
AuroraIA/application/python-services/proc_crystal_cluster.py,make_crystals,186,206,True,python,unreviewed
AuroraIA/application/python-services/proc_crystal_cluster.py,main,209,215,True,python,unreviewed
AuroraIA/application/python-services/proc_cuban_havana_salsa_classic_cars.py,reset,10,16,True,python,unreviewed
AuroraIA/application/python-services/proc_cuban_havana_salsa_classic_cars.py,mat,18,35,True,python,unreviewed
AuroraIA/application/python-services/proc_cuban_havana_salsa_classic_cars.py,smooth_shade,37,44,True,python,unreviewed
AuroraIA/application/python-services/proc_cuban_havana_salsa_classic_cars.py,make_obj,46,53,True,python,unreviewed
AuroraIA/application/python-services/proc_cuban_havana_salsa_classic_cars.py,beveled_cube,55,62,True,python,unreviewed
AuroraIA/application/python-services/proc_cuban_havana_salsa_classic_cars.py,smooth_sphere,64,69,True,python,unreviewed
AuroraIA/application/python-services/proc_cuban_havana_salsa_classic_cars.py,smooth_cone,71,74,True,python,unreviewed
AuroraIA/application/python-services/proc_cuban_havana_salsa_classic_cars.py,cyl,76,77,True,python,unreviewed
AuroraIA/application/python-services/proc_cuban_havana_salsa_classic_cars.py,empty,79,84,True,python,unreviewed
AuroraIA/application/python-services/proc_cuban_havana_salsa_classic_cars.py,make_facade,224,262,True,python,unreviewed
AuroraIA/application/python-services/proc_cuban_havana_salsa_classic_cars.py,make_classic_car,300,361,True,python,unreviewed
AuroraIA/application/python-services/proc_cuban_havana_salsa_classic_cars.py,make_salsa_woman,371,435,True,python,unreviewed
AuroraIA/application/python-services/proc_cuban_havana_salsa_classic_cars.py,make_salsa_man,437,500,True,python,unreviewed
AuroraIA/application/python-services/proc_cuban_havana_salsa_classic_cars.py,make_musician,514,605,True,python,unreviewed
AuroraIA/application/python-services/proc_cuban_havana_salsa_classic_cars.py,make_palm,638,657,True,python,unreviewed
AuroraIA/application/python-services/proc_cyberpunk_city.py,make_mat,40,54,True,python,unreviewed
AuroraIA/application/python-services/proc_cyberpunk_city.py,add_obj,57,62,True,python,unreviewed
AuroraIA/application/python-services/proc_cyberpunk_city.py,empty,65,71,True,python,unreviewed
AuroraIA/application/python-services/proc_cyberpunk_city.py,cube,74,84,True,python,unreviewed
AuroraIA/application/python-services/proc_cyberpunk_city.py,sphere,87,97,True,python,unreviewed
AuroraIA/application/python-services/proc_cyberpunk_city.py,cone,100,110,True,python,unreviewed
AuroraIA/application/python-services/proc_cyberpunk_city.py,make_skyscraper,185,207,True,python,unreviewed
AuroraIA/application/python-services/proc_cyberpunk_city.py,kf_loc,364,366,True,python,unreviewed
AuroraIA/application/python-services/proc_cyberpunk_city.py,kf_scale,369,371,True,python,unreviewed
AuroraIA/application/python-services/proc_cyberpunk_city.py,kf_rot,374,376,True,python,unreviewed
AuroraIA/application/python-services/proc_desert_oasis.py,make_mat,42,56,True,python,unreviewed
AuroraIA/application/python-services/proc_desert_oasis.py,add_obj,59,64,True,python,unreviewed
AuroraIA/application/python-services/proc_desert_oasis.py,empty,67,73,True,python,unreviewed
AuroraIA/application/python-services/proc_desert_oasis.py,cube,76,86,True,python,unreviewed
AuroraIA/application/python-services/proc_desert_oasis.py,sphere,89,99,True,python,unreviewed
AuroraIA/application/python-services/proc_desert_oasis.py,cone,102,112,True,python,unreviewed
AuroraIA/application/python-services/proc_desert_oasis.py,make_camel,234,256,True,python,unreviewed
AuroraIA/application/python-services/proc_desert_oasis.py,kf_loc,401,403,True,python,unreviewed
AuroraIA/application/python-services/proc_desert_oasis.py,kf_scale,406,408,True,python,unreviewed
AuroraIA/application/python-services/proc_desert_oasis.py,kf_rot,411,413,True,python,unreviewed
AuroraIA/application/python-services/proc_dinosaur_trex.py,make_mat,51,65,True,python,unreviewed
AuroraIA/application/python-services/proc_dinosaur_trex.py,add_obj,68,73,True,python,unreviewed
AuroraIA/application/python-services/proc_dinosaur_trex.py,empty,76,82,True,python,unreviewed
AuroraIA/application/python-services/proc_dinosaur_trex.py,smooth_shade,85,92,True,python,unreviewed
AuroraIA/application/python-services/proc_dinosaur_trex.py,beveled_cube,95,109,True,python,unreviewed
AuroraIA/application/python-services/proc_dinosaur_trex.py,smooth_sphere,112,125,True,python,unreviewed
AuroraIA/application/python-services/proc_dinosaur_trex.py,smooth_cone,128,139,True,python,unreviewed
AuroraIA/application/python-services/proc_dinosaur_trex.py,make_body,193,204,True,python,unreviewed
AuroraIA/application/python-services/proc_dinosaur_trex.py,make_raptor,348,367,True,python,unreviewed
AuroraIA/application/python-services/proc_dinosaur_trex.py,kf_loc,401,403,True,python,unreviewed
AuroraIA/application/python-services/proc_dinosaur_trex.py,kf_scale,406,408,True,python,unreviewed
AuroraIA/application/python-services/proc_dinosaur_trex.py,kf_rot,411,413,True,python,unreviewed
AuroraIA/application/python-services/proc_disco_ball.py,_find_blender,18,23,False,python,unreviewed
AuroraIA/application/python-services/proc_disco_ball.py,make_disco,173,193,True,python,unreviewed
AuroraIA/application/python-services/proc_disco_ball.py,main,196,202,True,python,unreviewed
AuroraIA/application/python-services/proc_dna_helix.py,_find_blender,20,25,False,python,unreviewed
AuroraIA/application/python-services/proc_dna_helix.py,make_dna,252,272,True,python,unreviewed
AuroraIA/application/python-services/proc_dna_helix.py,main,275,281,True,python,unreviewed
AuroraIA/application/python-services/proc_domino_chain.py,_find_blender,19,24,False,python,unreviewed
AuroraIA/application/python-services/proc_domino_chain.py,make_dominos,192,212,True,python,unreviewed
AuroraIA/application/python-services/proc_domino_chain.py,main,215,221,True,python,unreviewed
AuroraIA/application/python-services/proc_dragon_city_battle.py,make_mat,46,60,True,python,unreviewed
AuroraIA/application/python-services/proc_dragon_city_battle.py,add_obj,63,68,True,python,unreviewed
AuroraIA/application/python-services/proc_dragon_city_battle.py,empty,71,77,True,python,unreviewed
AuroraIA/application/python-services/proc_dragon_city_battle.py,smooth_shade,80,87,True,python,unreviewed
AuroraIA/application/python-services/proc_dragon_city_battle.py,beveled_cube,90,103,True,python,unreviewed
AuroraIA/application/python-services/proc_dragon_city_battle.py,smooth_sphere,106,119,True,python,unreviewed
AuroraIA/application/python-services/proc_dragon_city_battle.py,smooth_cone,122,133,True,python,unreviewed
AuroraIA/application/python-services/proc_dragon_city_battle.py,kf,457,466,True,python,unreviewed
AuroraIA/application/python-services/proc_dragon_egg_lava.py,make_mat,50,64,True,python,unreviewed
AuroraIA/application/python-services/proc_dragon_egg_lava.py,add_obj,67,72,True,python,unreviewed
AuroraIA/application/python-services/proc_dragon_egg_lava.py,empty,75,81,True,python,unreviewed
AuroraIA/application/python-services/proc_dragon_egg_lava.py,smooth_shade,84,91,True,python,unreviewed
AuroraIA/application/python-services/proc_dragon_egg_lava.py,beveled_cube,94,107,True,python,unreviewed
AuroraIA/application/python-services/proc_dragon_egg_lava.py,smooth_sphere,110,123,True,python,unreviewed
AuroraIA/application/python-services/proc_dragon_egg_lava.py,smooth_cone,126,137,True,python,unreviewed
AuroraIA/application/python-services/proc_dragon_egg_lava.py,kf,388,397,True,python,unreviewed
AuroraIA/application/python-services/proc_dragon_flying.py,make_mat,48,62,True,python,unreviewed
AuroraIA/application/python-services/proc_dragon_flying.py,add_obj,65,70,True,python,unreviewed
AuroraIA/application/python-services/proc_dragon_flying.py,empty,73,79,True,python,unreviewed
AuroraIA/application/python-services/proc_dragon_flying.py,smooth_shade,82,89,True,python,unreviewed
AuroraIA/application/python-services/proc_dragon_flying.py,smooth_sphere,92,105,True,python,unreviewed
AuroraIA/application/python-services/proc_dragon_flying.py,smooth_cone,108,119,True,python,unreviewed
AuroraIA/application/python-services/proc_dragon_flying.py,beveled_cube,122,136,True,python,unreviewed
AuroraIA/application/python-services/proc_dragon_flying.py,make_body,204,215,True,python,unreviewed
AuroraIA/application/python-services/proc_dragon_flying.py,kf_loc,381,383,True,python,unreviewed
AuroraIA/application/python-services/proc_dragon_flying.py,kf_scale,386,388,True,python,unreviewed
AuroraIA/application/python-services/proc_dragon_flying.py,kf_rot,391,393,True,python,unreviewed
AuroraIA/application/python-services/proc_dragon_lair.py,make_mat,39,53,True,python,unreviewed
AuroraIA/application/python-services/proc_dragon_lair.py,add_obj,56,61,True,python,unreviewed
AuroraIA/application/python-services/proc_dragon_lair.py,empty,64,70,True,python,unreviewed
AuroraIA/application/python-services/proc_dragon_lair.py,cube,73,83,True,python,unreviewed
AuroraIA/application/python-services/proc_dragon_lair.py,sphere,86,96,True,python,unreviewed
AuroraIA/application/python-services/proc_dragon_lair.py,cone,99,109,True,python,unreviewed
AuroraIA/application/python-services/proc_dragon_lair.py,make_chest,189,206,True,python,unreviewed
AuroraIA/application/python-services/proc_dragon_lair.py,kf_loc,373,375,True,python,unreviewed
AuroraIA/application/python-services/proc_dragon_lair.py,kf_scale,378,380,True,python,unreviewed
AuroraIA/application/python-services/proc_dragon_lair.py,kf_rot,383,385,True,python,unreviewed
AuroraIA/application/python-services/proc_dragon_skull_desert.py,make_mat,50,64,True,python,unreviewed
AuroraIA/application/python-services/proc_dragon_skull_desert.py,add_obj,67,72,True,python,unreviewed
AuroraIA/application/python-services/proc_dragon_skull_desert.py,empty,75,81,True,python,unreviewed
AuroraIA/application/python-services/proc_dragon_skull_desert.py,smooth_shade,84,91,True,python,unreviewed
AuroraIA/application/python-services/proc_dragon_skull_desert.py,beveled_cube,94,107,True,python,unreviewed
AuroraIA/application/python-services/proc_dragon_skull_desert.py,smooth_sphere,110,123,True,python,unreviewed
AuroraIA/application/python-services/proc_dragon_skull_desert.py,smooth_cone,126,137,True,python,unreviewed
AuroraIA/application/python-services/proc_dragon_skull_desert.py,kf,453,462,True,python,unreviewed
AuroraIA/application/python-services/proc_drone_quad.py,_find_blender,18,23,False,python,unreviewed
AuroraIA/application/python-services/proc_drone_quad.py,make_drone,237,257,True,python,unreviewed
AuroraIA/application/python-services/proc_drone_quad.py,main,260,266,True,python,unreviewed
AuroraIA/application/python-services/proc_drum_kit.py,_find_blender,18,23,False,python,unreviewed
AuroraIA/application/python-services/proc_drum_kit.py,make_drums,270,290,True,python,unreviewed
AuroraIA/application/python-services/proc_drum_kit.py,main,293,299,True,python,unreviewed
AuroraIA/application/python-services/proc_dslr_camera.py,_find_blender,21,26,False,python,unreviewed
AuroraIA/application/python-services/proc_dslr_camera.py,make_dslr,307,327,True,python,unreviewed
AuroraIA/application/python-services/proc_dslr_camera.py,main,330,336,True,python,unreviewed
AuroraIA/application/python-services/proc_dubai_burj_khalifa_desert.py,reset,10,16,True,python,unreviewed
AuroraIA/application/python-services/proc_dubai_burj_khalifa_desert.py,mat,18,35,True,python,unreviewed
AuroraIA/application/python-services/proc_dubai_burj_khalifa_desert.py,smooth_shade,37,44,True,python,unreviewed
AuroraIA/application/python-services/proc_dubai_burj_khalifa_desert.py,make_obj,46,53,True,python,unreviewed
AuroraIA/application/python-services/proc_dubai_burj_khalifa_desert.py,beveled_cube,55,62,True,python,unreviewed
AuroraIA/application/python-services/proc_dubai_burj_khalifa_desert.py,smooth_sphere,64,69,True,python,unreviewed
AuroraIA/application/python-services/proc_dubai_burj_khalifa_desert.py,smooth_cone,71,74,True,python,unreviewed
AuroraIA/application/python-services/proc_dubai_burj_khalifa_desert.py,cyl,76,77,True,python,unreviewed
AuroraIA/application/python-services/proc_dubai_burj_khalifa_desert.py,empty,79,84,True,python,unreviewed
AuroraIA/application/python-services/proc_dubai_burj_khalifa_desert.py,make_luxury_car,342,397,True,python,unreviewed
AuroraIA/application/python-services/proc_dubai_burj_khalifa_desert.py,make_camel,408,475,True,python,unreviewed
AuroraIA/application/python-services/proc_dubai_burj_khalifa_desert.py,make_tourist,512,564,True,python,unreviewed
AuroraIA/application/python-services/proc_dutch_tulip_windmill_field.py,reset,10,16,True,python,unreviewed
AuroraIA/application/python-services/proc_dutch_tulip_windmill_field.py,mat,18,40,True,python,unreviewed
AuroraIA/application/python-services/proc_dutch_tulip_windmill_field.py,smooth_shade,42,49,True,python,unreviewed
AuroraIA/application/python-services/proc_dutch_tulip_windmill_field.py,make_obj,51,58,True,python,unreviewed
AuroraIA/application/python-services/proc_dutch_tulip_windmill_field.py,beveled_cube,60,67,True,python,unreviewed
AuroraIA/application/python-services/proc_dutch_tulip_windmill_field.py,smooth_sphere,69,74,True,python,unreviewed
AuroraIA/application/python-services/proc_dutch_tulip_windmill_field.py,smooth_cone,76,79,True,python,unreviewed
AuroraIA/application/python-services/proc_dutch_tulip_windmill_field.py,cyl,81,82,True,python,unreviewed
AuroraIA/application/python-services/proc_dutch_tulip_windmill_field.py,empty,84,89,True,python,unreviewed
AuroraIA/application/python-services/proc_dutch_tulip_windmill_field.py,make_windmill,237,294,True,python,unreviewed
AuroraIA/application/python-services/proc_dutch_tulip_windmill_field.py,make_stork,387,417,True,python,unreviewed
AuroraIA/application/python-services/proc_dutch_tulip_windmill_field.py,make_boat,425,444,True,python,unreviewed
AuroraIA/application/python-services/proc_dutch_tulip_windmill_field.py,make_farmer,496,579,True,python,unreviewed
AuroraIA/application/python-services/proc_dutch_tulip_windmill_field.py,make_friesian_cow,597,658,True,python,unreviewed
AuroraIA/application/python-services/proc_dutch_tulip_windmill_field.py,make_draft_horse,669,717,True,python,unreviewed
AuroraIA/application/python-services/proc_easel.py,_find_blender,22,27,False,python,unreviewed
AuroraIA/application/python-services/proc_easel.py,make_easel,333,353,True,python,unreviewed
AuroraIA/application/python-services/proc_easel.py,main,356,362,True,python,unreviewed
AuroraIA/application/python-services/proc_egyptian_pharaoh_tomb_pyramid.py,reset,10,16,True,python,unreviewed
AuroraIA/application/python-services/proc_egyptian_pharaoh_tomb_pyramid.py,mat,18,40,True,python,unreviewed
AuroraIA/application/python-services/proc_egyptian_pharaoh_tomb_pyramid.py,smooth_shade,42,49,True,python,unreviewed
AuroraIA/application/python-services/proc_egyptian_pharaoh_tomb_pyramid.py,make_obj,51,58,True,python,unreviewed
AuroraIA/application/python-services/proc_egyptian_pharaoh_tomb_pyramid.py,beveled_cube,60,67,True,python,unreviewed
AuroraIA/application/python-services/proc_egyptian_pharaoh_tomb_pyramid.py,smooth_sphere,69,74,True,python,unreviewed
AuroraIA/application/python-services/proc_egyptian_pharaoh_tomb_pyramid.py,smooth_cone,76,79,True,python,unreviewed
AuroraIA/application/python-services/proc_egyptian_pharaoh_tomb_pyramid.py,cyl,81,82,True,python,unreviewed
AuroraIA/application/python-services/proc_egyptian_pharaoh_tomb_pyramid.py,empty,84,89,True,python,unreviewed
AuroraIA/application/python-services/proc_egyptian_pharaoh_tomb_pyramid.py,make_anubis,353,408,True,python,unreviewed
AuroraIA/application/python-services/proc_egyptian_pharaoh_tomb_pyramid.py,make_horus,420,476,True,python,unreviewed
AuroraIA/application/python-services/proc_egyptian_pharaoh_tomb_pyramid.py,make_ushabti,558,590,True,python,unreviewed
AuroraIA/application/python-services/proc_egyptian_pyramid_afterlife_anubis.py,reset,9,15,True,python,unreviewed
AuroraIA/application/python-services/proc_egyptian_pyramid_afterlife_anubis.py,mat,17,39,True,python,unreviewed
AuroraIA/application/python-services/proc_egyptian_pyramid_afterlife_anubis.py,smooth_shade,41,48,True,python,unreviewed
AuroraIA/application/python-services/proc_egyptian_pyramid_afterlife_anubis.py,make_obj,50,57,True,python,unreviewed
AuroraIA/application/python-services/proc_egyptian_pyramid_afterlife_anubis.py,beveled_cube,59,66,True,python,unreviewed
AuroraIA/application/python-services/proc_egyptian_pyramid_afterlife_anubis.py,smooth_sphere,68,73,True,python,unreviewed
AuroraIA/application/python-services/proc_egyptian_pyramid_afterlife_anubis.py,smooth_cone,75,78,True,python,unreviewed
AuroraIA/application/python-services/proc_egyptian_pyramid_afterlife_anubis.py,cyl,80,81,True,python,unreviewed
AuroraIA/application/python-services/proc_egyptian_pyramid_afterlife_anubis.py,empty,83,88,True,python,unreviewed
AuroraIA/application/python-services/proc_egyptian_pyramid_afterlife_anubis.py,make_priest,443,531,True,python,unreviewed
AuroraIA/application/python-services/proc_egyptian_temple_pharaoh.py,make_mat,52,66,True,python,unreviewed
AuroraIA/application/python-services/proc_egyptian_temple_pharaoh.py,add_obj,69,74,True,python,unreviewed
AuroraIA/application/python-services/proc_egyptian_temple_pharaoh.py,empty,77,83,True,python,unreviewed
AuroraIA/application/python-services/proc_egyptian_temple_pharaoh.py,smooth_shade,86,93,True,python,unreviewed
AuroraIA/application/python-services/proc_egyptian_temple_pharaoh.py,beveled_cube,96,109,True,python,unreviewed
AuroraIA/application/python-services/proc_egyptian_temple_pharaoh.py,smooth_sphere,112,125,True,python,unreviewed
AuroraIA/application/python-services/proc_egyptian_temple_pharaoh.py,smooth_cone,128,139,True,python,unreviewed
AuroraIA/application/python-services/proc_egyptian_temple_pharaoh.py,kf,426,435,True,python,unreviewed
AuroraIA/application/python-services/proc_espresso_machine.py,_find_blender,21,26,False,python,unreviewed
AuroraIA/application/python-services/proc_espresso_machine.py,make_espresso,416,436,True,python,unreviewed
AuroraIA/application/python-services/proc_espresso_machine.py,main,439,445,True,python,unreviewed
AuroraIA/application/python-services/proc_estonian_tallinn_medieval_old_town.py,reset,10,16,True,python,unreviewed
AuroraIA/application/python-services/proc_estonian_tallinn_medieval_old_town.py,mat,18,35,True,python,unreviewed
AuroraIA/application/python-services/proc_estonian_tallinn_medieval_old_town.py,smooth_shade,37,44,True,python,unreviewed
AuroraIA/application/python-services/proc_estonian_tallinn_medieval_old_town.py,make_obj,46,53,True,python,unreviewed
AuroraIA/application/python-services/proc_estonian_tallinn_medieval_old_town.py,beveled_cube,55,62,True,python,unreviewed
AuroraIA/application/python-services/proc_estonian_tallinn_medieval_old_town.py,smooth_sphere,64,69,True,python,unreviewed
AuroraIA/application/python-services/proc_estonian_tallinn_medieval_old_town.py,smooth_cone,71,74,True,python,unreviewed
AuroraIA/application/python-services/proc_estonian_tallinn_medieval_old_town.py,cyl,76,77,True,python,unreviewed
AuroraIA/application/python-services/proc_estonian_tallinn_medieval_old_town.py,empty,79,84,True,python,unreviewed
AuroraIA/application/python-services/proc_estonian_tallinn_medieval_old_town.py,make_hanseatic_house,192,249,True,python,unreviewed
AuroraIA/application/python-services/proc_estonian_tallinn_medieval_old_town.py,make_merchant,396,458,True,python,unreviewed
AuroraIA/application/python-services/proc_ethiopian_lalibela_rock_churches.py,reset,10,16,True,python,unreviewed
AuroraIA/application/python-services/proc_ethiopian_lalibela_rock_churches.py,mat,18,35,True,python,unreviewed
AuroraIA/application/python-services/proc_ethiopian_lalibela_rock_churches.py,smooth_shade,37,44,True,python,unreviewed
AuroraIA/application/python-services/proc_ethiopian_lalibela_rock_churches.py,make_obj,46,53,True,python,unreviewed
AuroraIA/application/python-services/proc_ethiopian_lalibela_rock_churches.py,beveled_cube,55,62,True,python,unreviewed
AuroraIA/application/python-services/proc_ethiopian_lalibela_rock_churches.py,smooth_sphere,64,69,True,python,unreviewed
AuroraIA/application/python-services/proc_ethiopian_lalibela_rock_churches.py,smooth_cone,71,74,True,python,unreviewed
AuroraIA/application/python-services/proc_ethiopian_lalibela_rock_churches.py,cyl,76,77,True,python,unreviewed
AuroraIA/application/python-services/proc_ethiopian_lalibela_rock_churches.py,empty,79,84,True,python,unreviewed
AuroraIA/application/python-services/proc_ethiopian_lalibela_rock_churches.py,make_rock_church,230,263,True,python,unreviewed
AuroraIA/application/python-services/proc_ethiopian_lalibela_rock_churches.py,make_priest,271,348,True,python,unreviewed
AuroraIA/application/python-services/proc_ethiopian_lalibela_rock_churches.py,make_pilgrim,358,410,True,python,unreviewed
AuroraIA/application/python-services/proc_excavator_tractopelle.py,make_mat,53,67,True,python,unreviewed
AuroraIA/application/python-services/proc_excavator_tractopelle.py,add_obj,70,75,True,python,unreviewed
AuroraIA/application/python-services/proc_excavator_tractopelle.py,empty,78,84,True,python,unreviewed
AuroraIA/application/python-services/proc_excavator_tractopelle.py,smooth_shade,87,94,True,python,unreviewed
AuroraIA/application/python-services/proc_excavator_tractopelle.py,beveled_cube,97,118,True,python,unreviewed
AuroraIA/application/python-services/proc_excavator_tractopelle.py,smooth_sphere,121,134,True,python,unreviewed
AuroraIA/application/python-services/proc_excavator_tractopelle.py,smooth_cone,137,148,True,python,unreviewed
AuroraIA/application/python-services/proc_excavator_tractopelle.py,make_track,231,255,True,python,unreviewed
AuroraIA/application/python-services/proc_excavator_tractopelle.py,kf_loc,378,380,True,python,unreviewed
AuroraIA/application/python-services/proc_excavator_tractopelle.py,kf_scale,383,385,True,python,unreviewed
AuroraIA/application/python-services/proc_excavator_tractopelle.py,kf_rot,388,390,True,python,unreviewed
AuroraIA/application/python-services/proc_fantasy_market.py,make_mat,42,56,True,python,unreviewed
AuroraIA/application/python-services/proc_fantasy_market.py,add_obj,59,64,True,python,unreviewed
AuroraIA/application/python-services/proc_fantasy_market.py,empty,67,73,True,python,unreviewed
AuroraIA/application/python-services/proc_fantasy_market.py,cube,76,86,True,python,unreviewed
AuroraIA/application/python-services/proc_fantasy_market.py,sphere,89,99,True,python,unreviewed
AuroraIA/application/python-services/proc_fantasy_market.py,cone,102,112,True,python,unreviewed
AuroraIA/application/python-services/proc_fantasy_market.py,make_stand,227,245,True,python,unreviewed
AuroraIA/application/python-services/proc_fantasy_market.py,make_horse,422,440,True,python,unreviewed
AuroraIA/application/python-services/proc_fantasy_market.py,kf_loc,494,496,True,python,unreviewed
AuroraIA/application/python-services/proc_fantasy_market.py,kf_scale,499,501,True,python,unreviewed
AuroraIA/application/python-services/proc_fantasy_market.py,kf_rot,504,506,True,python,unreviewed
AuroraIA/application/python-services/proc_ferris_wheel.py,_find_blender,20,25,False,python,unreviewed
AuroraIA/application/python-services/proc_ferris_wheel.py,make_ferris,277,297,True,python,unreviewed
AuroraIA/application/python-services/proc_ferris_wheel.py,main,300,306,True,python,unreviewed
AuroraIA/application/python-services/proc_fighter_jet_f35.py,make_mat,50,64,True,python,unreviewed
AuroraIA/application/python-services/proc_fighter_jet_f35.py,add_obj,67,72,True,python,unreviewed
AuroraIA/application/python-services/proc_fighter_jet_f35.py,empty,75,81,True,python,unreviewed
AuroraIA/application/python-services/proc_fighter_jet_f35.py,smooth_shade,84,91,True,python,unreviewed
AuroraIA/application/python-services/proc_fighter_jet_f35.py,beveled_cube,94,115,True,python,unreviewed
AuroraIA/application/python-services/proc_fighter_jet_f35.py,smooth_sphere,118,131,True,python,unreviewed
AuroraIA/application/python-services/proc_fighter_jet_f35.py,smooth_cone,134,145,True,python,unreviewed
AuroraIA/application/python-services/proc_fighter_jet_f35.py,make_fuselage,203,214,True,python,unreviewed
AuroraIA/application/python-services/proc_fighter_jet_f35.py,make_wing,250,265,True,python,unreviewed
AuroraIA/application/python-services/proc_fighter_jet_f35.py,kf_loc,374,376,True,python,unreviewed
AuroraIA/application/python-services/proc_fighter_jet_f35.py,kf_scale,379,381,True,python,unreviewed
AuroraIA/application/python-services/proc_fighter_jet_f35.py,kf_rot,384,386,True,python,unreviewed
AuroraIA/application/python-services/proc_fire_hydrant.py,_find_blender,20,25,False,python,unreviewed
AuroraIA/application/python-services/proc_fire_hydrant.py,make_hydrant,329,349,True,python,unreviewed
AuroraIA/application/python-services/proc_fire_hydrant.py,main,352,358,True,python,unreviewed
AuroraIA/application/python-services/proc_fire_pit.py,_find_blender,20,25,False,python,unreviewed
AuroraIA/application/python-services/proc_fire_pit.py,make_firepit,294,314,True,python,unreviewed
AuroraIA/application/python-services/proc_fire_pit.py,main,317,323,True,python,unreviewed
AuroraIA/application/python-services/proc_flacon_parfum_lapin.py,_find_blender,28,34,False,python,unreviewed
AuroraIA/application/python-services/proc_flacon_parfum_lapin.py,fabrique,224,246,True,python,unreviewed
AuroraIA/application/python-services/proc_flacon_parfum_lapin.py,_materiaux_valides,249,296,False,python,unreviewed
AuroraIA/application/python-services/proc_flacon_parfum_lapin.py,main,299,309,True,python,unreviewed
AuroraIA/application/python-services/proc_floating_islands_dragons.py,make_mat,47,61,True,python,unreviewed
AuroraIA/application/python-services/proc_floating_islands_dragons.py,add_obj,64,69,True,python,unreviewed
AuroraIA/application/python-services/proc_floating_islands_dragons.py,empty,72,78,True,python,unreviewed
AuroraIA/application/python-services/proc_floating_islands_dragons.py,smooth_shade,81,88,True,python,unreviewed
AuroraIA/application/python-services/proc_floating_islands_dragons.py,beveled_cube,91,104,True,python,unreviewed
AuroraIA/application/python-services/proc_floating_islands_dragons.py,smooth_sphere,107,120,True,python,unreviewed
AuroraIA/application/python-services/proc_floating_islands_dragons.py,smooth_cone,123,134,True,python,unreviewed
AuroraIA/application/python-services/proc_floating_islands_dragons.py,kf,384,393,True,python,unreviewed
AuroraIA/application/python-services/proc_floating_market_thai.py,make_mat,50,64,True,python,unreviewed
AuroraIA/application/python-services/proc_floating_market_thai.py,add_obj,67,72,True,python,unreviewed
AuroraIA/application/python-services/proc_floating_market_thai.py,empty,75,81,True,python,unreviewed
AuroraIA/application/python-services/proc_floating_market_thai.py,smooth_shade,84,91,True,python,unreviewed
AuroraIA/application/python-services/proc_floating_market_thai.py,beveled_cube,94,107,True,python,unreviewed
AuroraIA/application/python-services/proc_floating_market_thai.py,smooth_sphere,110,123,True,python,unreviewed
AuroraIA/application/python-services/proc_floating_market_thai.py,smooth_cone,126,137,True,python,unreviewed
AuroraIA/application/python-services/proc_floating_market_thai.py,kf,435,444,True,python,unreviewed
AuroraIA/application/python-services/proc_food_truck.py,make_mat,51,65,True,python,unreviewed
AuroraIA/application/python-services/proc_food_truck.py,add_obj,68,73,True,python,unreviewed
AuroraIA/application/python-services/proc_food_truck.py,empty,76,82,True,python,unreviewed
AuroraIA/application/python-services/proc_food_truck.py,smooth_shade,85,92,True,python,unreviewed
AuroraIA/application/python-services/proc_food_truck.py,beveled_cube,95,109,True,python,unreviewed
AuroraIA/application/python-services/proc_food_truck.py,smooth_sphere,112,125,True,python,unreviewed
AuroraIA/application/python-services/proc_food_truck.py,smooth_cone,128,139,True,python,unreviewed
AuroraIA/application/python-services/proc_food_truck.py,kf_loc,413,415,True,python,unreviewed
AuroraIA/application/python-services/proc_food_truck.py,kf_scale,418,420,True,python,unreviewed
AuroraIA/application/python-services/proc_food_truck.py,kf_rot,423,425,True,python,unreviewed
AuroraIA/application/python-services/proc_fountain.py,_find_blender,19,24,False,python,unreviewed
AuroraIA/application/python-services/proc_fountain.py,make_fountain,170,190,True,python,unreviewed
AuroraIA/application/python-services/proc_fountain.py,main,193,199,True,python,unreviewed
AuroraIA/application/python-services/proc_galapagos_islands_wildlife_diversity.py,reset,10,16,True,python,unreviewed
AuroraIA/application/python-services/proc_galapagos_islands_wildlife_diversity.py,mat,18,35,True,python,unreviewed
AuroraIA/application/python-services/proc_galapagos_islands_wildlife_diversity.py,smooth_shade,37,44,True,python,unreviewed
AuroraIA/application/python-services/proc_galapagos_islands_wildlife_diversity.py,make_obj,46,53,True,python,unreviewed
AuroraIA/application/python-services/proc_galapagos_islands_wildlife_diversity.py,beveled_cube,55,62,True,python,unreviewed
AuroraIA/application/python-services/proc_galapagos_islands_wildlife_diversity.py,smooth_sphere,64,69,True,python,unreviewed
AuroraIA/application/python-services/proc_galapagos_islands_wildlife_diversity.py,smooth_cone,71,74,True,python,unreviewed
AuroraIA/application/python-services/proc_galapagos_islands_wildlife_diversity.py,cyl,76,77,True,python,unreviewed
AuroraIA/application/python-services/proc_galapagos_islands_wildlife_diversity.py,empty,79,84,True,python,unreviewed
AuroraIA/application/python-services/proc_galapagos_islands_wildlife_diversity.py,make_volcanic_island,208,226,True,python,unreviewed
AuroraIA/application/python-services/proc_galapagos_islands_wildlife_diversity.py,make_tortoise,232,286,True,python,unreviewed
AuroraIA/application/python-services/proc_galapagos_islands_wildlife_diversity.py,make_iguana,296,341,True,python,unreviewed
AuroraIA/application/python-services/proc_galapagos_islands_wildlife_diversity.py,make_sea_lion,352,396,True,python,unreviewed
AuroraIA/application/python-services/proc_galapagos_islands_wildlife_diversity.py,make_opuntia,406,436,True,python,unreviewed
AuroraIA/application/python-services/proc_galapagos_islands_wildlife_diversity.py,make_darwin_ship,442,478,True,python,unreviewed
AuroraIA/application/python-services/proc_galapagos_islands_wildlife_diversity.py,make_frigate,483,507,True,python,unreviewed
AuroraIA/application/python-services/proc_galaxy_spiral.py,_find_blender,22,27,False,python,unreviewed
AuroraIA/application/python-services/proc_galaxy_spiral.py,make_galaxy,259,279,True,python,unreviewed
AuroraIA/application/python-services/proc_galaxy_spiral.py,main,282,288,True,python,unreviewed
AuroraIA/application/python-services/proc_gear_train.py,_find_blender,19,24,False,python,unreviewed
AuroraIA/application/python-services/proc_gear_train.py,make_gear_train,183,203,True,python,unreviewed
AuroraIA/application/python-services/proc_gear_train.py,main,206,212,True,python,unreviewed
AuroraIA/application/python-services/proc_giant_robot_mecha_battle.py,reset,9,15,True,python,unreviewed
AuroraIA/application/python-services/proc_giant_robot_mecha_battle.py,mat,17,39,True,python,unreviewed
AuroraIA/application/python-services/proc_giant_robot_mecha_battle.py,smooth_shade,41,48,True,python,unreviewed
AuroraIA/application/python-services/proc_giant_robot_mecha_battle.py,make_obj,50,58,True,python,unreviewed
AuroraIA/application/python-services/proc_giant_robot_mecha_battle.py,beveled_cube,60,67,True,python,unreviewed
AuroraIA/application/python-services/proc_giant_robot_mecha_battle.py,smooth_sphere,69,74,True,python,unreviewed
AuroraIA/application/python-services/proc_giant_robot_mecha_battle.py,smooth_cone,76,79,True,python,unreviewed
AuroraIA/application/python-services/proc_giant_robot_mecha_battle.py,cyl,81,82,True,python,unreviewed
AuroraIA/application/python-services/proc_giant_robot_mecha_battle.py,empty,84,89,True,python,unreviewed
AuroraIA/application/python-services/proc_giant_robot_mecha_battle.py,make_mecha,207,363,True,python,unreviewed
AuroraIA/application/python-services/proc_giant_spider_cave.py,make_mat,47,61,True,python,unreviewed
AuroraIA/application/python-services/proc_giant_spider_cave.py,add_obj,64,69,True,python,unreviewed
AuroraIA/application/python-services/proc_giant_spider_cave.py,empty,72,78,True,python,unreviewed
AuroraIA/application/python-services/proc_giant_spider_cave.py,smooth_shade,81,88,True,python,unreviewed
AuroraIA/application/python-services/proc_giant_spider_cave.py,beveled_cube,91,104,True,python,unreviewed
AuroraIA/application/python-services/proc_giant_spider_cave.py,smooth_sphere,107,120,True,python,unreviewed
AuroraIA/application/python-services/proc_giant_spider_cave.py,smooth_cone,123,134,True,python,unreviewed
AuroraIA/application/python-services/proc_giant_spider_cave.py,kf,393,402,True,python,unreviewed
AuroraIA/application/python-services/proc_giant_squid_battle.py,make_mat,50,64,True,python,unreviewed
AuroraIA/application/python-services/proc_giant_squid_battle.py,add_obj,67,72,True,python,unreviewed
AuroraIA/application/python-services/proc_giant_squid_battle.py,empty,75,81,True,python,unreviewed
AuroraIA/application/python-services/proc_giant_squid_battle.py,smooth_shade,84,91,True,python,unreviewed
AuroraIA/application/python-services/proc_giant_squid_battle.py,beveled_cube,94,107,True,python,unreviewed
AuroraIA/application/python-services/proc_giant_squid_battle.py,smooth_sphere,110,123,True,python,unreviewed
AuroraIA/application/python-services/proc_giant_squid_battle.py,smooth_cone,126,137,True,python,unreviewed
AuroraIA/application/python-services/proc_giant_squid_battle.py,kf,433,442,True,python,unreviewed
AuroraIA/application/python-services/proc_giant_tree_of_life.py,make_mat,53,67,True,python,unreviewed
AuroraIA/application/python-services/proc_giant_tree_of_life.py,add_obj,70,75,True,python,unreviewed
AuroraIA/application/python-services/proc_giant_tree_of_life.py,empty,78,84,True,python,unreviewed
AuroraIA/application/python-services/proc_giant_tree_of_life.py,smooth_shade,87,94,True,python,unreviewed
AuroraIA/application/python-services/proc_giant_tree_of_life.py,beveled_cube,97,110,True,python,unreviewed
AuroraIA/application/python-services/proc_giant_tree_of_life.py,smooth_sphere,113,126,True,python,unreviewed
AuroraIA/application/python-services/proc_giant_tree_of_life.py,smooth_cone,129,140,True,python,unreviewed
AuroraIA/application/python-services/proc_giant_tree_of_life.py,kf,434,443,True,python,unreviewed
AuroraIA/application/python-services/proc_globe.py,_find_blender,19,24,False,python,unreviewed
AuroraIA/application/python-services/proc_globe.py,make_globe,214,234,True,python,unreviewed
AuroraIA/application/python-services/proc_globe.py,main,237,243,True,python,unreviewed
AuroraIA/application/python-services/proc_golf_cart.py,_find_blender,19,24,False,python,unreviewed
AuroraIA/application/python-services/proc_golf_cart.py,make_golfcart,299,319,True,python,unreviewed
AuroraIA/application/python-services/proc_golf_cart.py,main,322,328,True,python,unreviewed
AuroraIA/application/python-services/proc_gramophone.py,_find_blender,18,23,False,python,unreviewed
AuroraIA/application/python-services/proc_gramophone.py,make_gramo,214,234,True,python,unreviewed
AuroraIA/application/python-services/proc_gramophone.py,main,237,243,True,python,unreviewed
AuroraIA/application/python-services/proc_grand_piano.py,_find_blender,19,24,False,python,unreviewed
AuroraIA/application/python-services/proc_grand_piano.py,make_piano,269,289,True,python,unreviewed
AuroraIA/application/python-services/proc_grand_piano.py,main,292,298,True,python,unreviewed
AuroraIA/application/python-services/proc_grandfather_clock_workshop.py,reset,9,15,True,python,unreviewed
AuroraIA/application/python-services/proc_grandfather_clock_workshop.py,mat,17,39,True,python,unreviewed
AuroraIA/application/python-services/proc_grandfather_clock_workshop.py,smooth_shade,41,48,True,python,unreviewed
AuroraIA/application/python-services/proc_grandfather_clock_workshop.py,make_obj,50,58,True,python,unreviewed
AuroraIA/application/python-services/proc_grandfather_clock_workshop.py,beveled_cube,60,67,True,python,unreviewed
AuroraIA/application/python-services/proc_grandfather_clock_workshop.py,smooth_sphere,69,74,True,python,unreviewed
AuroraIA/application/python-services/proc_grandfather_clock_workshop.py,smooth_cone,76,79,True,python,unreviewed
AuroraIA/application/python-services/proc_grandfather_clock_workshop.py,cyl,81,82,True,python,unreviewed
AuroraIA/application/python-services/proc_grandfather_clock_workshop.py,empty,84,89,True,python,unreviewed
AuroraIA/application/python-services/proc_grandfather_clock_workshop.py,gear,91,108,True,python,unreviewed
AuroraIA/application/python-services/proc_grandfather_clock_workshop.py,make_spring,309,323,True,python,unreviewed
AuroraIA/application/python-services/proc_greek_acropolis_athens_temple.py,reset,10,16,True,python,unreviewed
AuroraIA/application/python-services/proc_greek_acropolis_athens_temple.py,mat,18,35,True,python,unreviewed
AuroraIA/application/python-services/proc_greek_acropolis_athens_temple.py,smooth_shade,37,44,True,python,unreviewed
AuroraIA/application/python-services/proc_greek_acropolis_athens_temple.py,make_obj,46,53,True,python,unreviewed
AuroraIA/application/python-services/proc_greek_acropolis_athens_temple.py,beveled_cube,55,62,True,python,unreviewed
AuroraIA/application/python-services/proc_greek_acropolis_athens_temple.py,smooth_sphere,64,69,True,python,unreviewed
AuroraIA/application/python-services/proc_greek_acropolis_athens_temple.py,smooth_cone,71,74,True,python,unreviewed
AuroraIA/application/python-services/proc_greek_acropolis_athens_temple.py,cyl,76,77,True,python,unreviewed
AuroraIA/application/python-services/proc_greek_acropolis_athens_temple.py,empty,79,84,True,python,unreviewed
AuroraIA/application/python-services/proc_greek_acropolis_athens_temple.py,make_doric_column,220,240,True,python,unreviewed
AuroraIA/application/python-services/proc_greek_acropolis_athens_temple.py,make_caryatid,464,503,True,python,unreviewed
AuroraIA/application/python-services/proc_greek_acropolis_athens_temple.py,make_philosopher,548,629,True,python,unreviewed
AuroraIA/application/python-services/proc_greek_acropolis_athens_temple.py,make_hoplite,640,740,True,python,unreviewed
AuroraIA/application/python-services/proc_greek_acropolis_athens_temple.py,make_maenad,750,803,True,python,unreviewed
AuroraIA/application/python-services/proc_greek_olympus_pantheon.py,reset,9,15,True,python,unreviewed
AuroraIA/application/python-services/proc_greek_olympus_pantheon.py,mat,17,39,True,python,unreviewed
AuroraIA/application/python-services/proc_greek_olympus_pantheon.py,smooth_shade,41,48,True,python,unreviewed
AuroraIA/application/python-services/proc_greek_olympus_pantheon.py,make_obj,50,57,True,python,unreviewed
AuroraIA/application/python-services/proc_greek_olympus_pantheon.py,beveled_cube,59,66,True,python,unreviewed
AuroraIA/application/python-services/proc_greek_olympus_pantheon.py,smooth_sphere,68,73,True,python,unreviewed
AuroraIA/application/python-services/proc_greek_olympus_pantheon.py,smooth_cone,75,78,True,python,unreviewed
AuroraIA/application/python-services/proc_greek_olympus_pantheon.py,cyl,80,81,True,python,unreviewed
AuroraIA/application/python-services/proc_greek_olympus_pantheon.py,empty,83,88,True,python,unreviewed
AuroraIA/application/python-services/proc_greek_olympus_pantheon.py,make_god_statue,284,454,True,python,unreviewed
AuroraIA/application/python-services/proc_hammock.py,_find_blender,20,25,False,python,unreviewed
AuroraIA/application/python-services/proc_hammock.py,make_hammock,257,277,True,python,unreviewed
AuroraIA/application/python-services/proc_hammock.py,main,280,286,True,python,unreviewed
AuroraIA/application/python-services/proc_haunted_house.py,make_mat,40,54,True,python,unreviewed
AuroraIA/application/python-services/proc_haunted_house.py,add_obj,57,62,True,python,unreviewed
AuroraIA/application/python-services/proc_haunted_house.py,empty,65,71,True,python,unreviewed
AuroraIA/application/python-services/proc_haunted_house.py,cube,74,84,True,python,unreviewed
AuroraIA/application/python-services/proc_haunted_house.py,sphere,87,97,True,python,unreviewed
AuroraIA/application/python-services/proc_haunted_house.py,cone,100,110,True,python,unreviewed
AuroraIA/application/python-services/proc_haunted_house.py,make_pumpkin,254,281,True,python,unreviewed
AuroraIA/application/python-services/proc_haunted_house.py,kf_loc,423,425,True,python,unreviewed
AuroraIA/application/python-services/proc_haunted_house.py,kf_scale,428,430,True,python,unreviewed
AuroraIA/application/python-services/proc_haunted_house.py,kf_rot,433,435,True,python,unreviewed
AuroraIA/application/python-services/proc_hawaiian_luau_volcano_hula.py,reset,10,16,True,python,unreviewed
AuroraIA/application/python-services/proc_hawaiian_luau_volcano_hula.py,mat,18,35,True,python,unreviewed
AuroraIA/application/python-services/proc_hawaiian_luau_volcano_hula.py,smooth_shade,37,44,True,python,unreviewed
AuroraIA/application/python-services/proc_hawaiian_luau_volcano_hula.py,make_obj,46,53,True,python,unreviewed
AuroraIA/application/python-services/proc_hawaiian_luau_volcano_hula.py,beveled_cube,55,62,True,python,unreviewed
AuroraIA/application/python-services/proc_hawaiian_luau_volcano_hula.py,smooth_sphere,64,69,True,python,unreviewed
AuroraIA/application/python-services/proc_hawaiian_luau_volcano_hula.py,smooth_cone,71,74,True,python,unreviewed
AuroraIA/application/python-services/proc_hawaiian_luau_volcano_hula.py,cyl,76,77,True,python,unreviewed
AuroraIA/application/python-services/proc_hawaiian_luau_volcano_hula.py,empty,79,84,True,python,unreviewed
AuroraIA/application/python-services/proc_hawaiian_luau_volcano_hula.py,make_palm,245,270,True,python,unreviewed
AuroraIA/application/python-services/proc_hawaiian_luau_volcano_hula.py,make_hula,280,365,True,python,unreviewed
AuroraIA/application/python-services/proc_hawaiian_luau_volcano_hula.py,make_uke,376,432,True,python,unreviewed
AuroraIA/application/python-services/proc_hawaiian_luau_volcano_hula.py,make_tiki,442,467,True,python,unreviewed
AuroraIA/application/python-services/proc_helicopter.py,_find_blender,19,24,False,python,unreviewed
AuroraIA/application/python-services/proc_helicopter.py,make_helicopter,267,287,True,python,unreviewed
AuroraIA/application/python-services/proc_helicopter.py,main,290,296,True,python,unreviewed
AuroraIA/application/python-services/proc_helicopter_apache.py,make_mat,52,66,True,python,unreviewed
AuroraIA/application/python-services/proc_helicopter_apache.py,add_obj,69,74,True,python,unreviewed
AuroraIA/application/python-services/proc_helicopter_apache.py,empty,77,83,True,python,unreviewed
AuroraIA/application/python-services/proc_helicopter_apache.py,smooth_shade,86,93,True,python,unreviewed
AuroraIA/application/python-services/proc_helicopter_apache.py,beveled_cube,96,110,True,python,unreviewed
AuroraIA/application/python-services/proc_helicopter_apache.py,smooth_sphere,113,126,True,python,unreviewed
AuroraIA/application/python-services/proc_helicopter_apache.py,smooth_cone,129,140,True,python,unreviewed
AuroraIA/application/python-services/proc_helicopter_apache.py,make_fuselage,209,220,True,python,unreviewed
AuroraIA/application/python-services/proc_helicopter_apache.py,kf_loc,376,378,True,python,unreviewed
AuroraIA/application/python-services/proc_helicopter_apache.py,kf_scale,381,383,True,python,unreviewed
AuroraIA/application/python-services/proc_helicopter_apache.py,kf_rot,386,388,True,python,unreviewed
AuroraIA/application/python-services/proc_historical_person_performer.py,hex_to_rgb,23,36,True,python,unreviewed
AuroraIA/application/python-services/proc_historical_person_performer.py,make_texture,39,53,True,python,unreviewed
AuroraIA/application/python-services/proc_historical_person_performer.py,mat,69,89,True,python,unreviewed
AuroraIA/application/python-services/proc_historical_person_performer.py,shade,101,109,True,python,unreviewed
AuroraIA/application/python-services/proc_historical_person_performer.py,sphere,112,118,True,python,unreviewed
AuroraIA/application/python-services/proc_historical_person_performer.py,rounded_box,121,139,True,python,unreviewed
AuroraIA/application/python-services/proc_historical_person_performer.py,cyl,142,147,True,python,unreviewed
AuroraIA/application/python-services/proc_historical_person_performer.py,cone,150,155,True,python,unreviewed
AuroraIA/application/python-services/proc_historical_person_performer.py,loft_ellipse_mesh,158,198,True,python,unreviewed
AuroraIA/application/python-services/proc_historical_person_performer.py,make_segment,201,202,True,python,unreviewed
AuroraIA/application/python-services/proc_historical_person_performer.py,set_between,205,215,True,python,unreviewed
AuroraIA/application/python-services/proc_historical_person_performer.py,set_loc,218,221,True,python,unreviewed
AuroraIA/application/python-services/proc_historical_person_performer.py,set_rot,224,227,True,python,unreviewed
AuroraIA/application/python-services/proc_historical_person_performer.py,parent_keep_world,230,235,True,python,unreviewed
AuroraIA/application/python-services/proc_historical_person_performer.py,empty,238,244,True,python,unreviewed
AuroraIA/application/python-services/proc_historical_person_performer.py,remove_primitive_face_overlays,362,377,True,python,unreviewed
AuroraIA/application/python-services/proc_historical_person_performer.py,import_face_scan_patch,380,465,True,python,unreviewed
AuroraIA/application/python-services/proc_historical_person_performer.py,import_scan_group,509,561,True,python,unreviewed
AuroraIA/application/python-services/proc_historical_person_performer.py,make_hand,564,625,True,python,unreviewed
AuroraIA/application/python-services/proc_historical_person_performer.py,collapse_glb_animations,713,758,True,python,unreviewed
AuroraIA/application/python-services/proc_hongkong_night_skyline_skyscrapers.py,reset,10,16,True,python,unreviewed
AuroraIA/application/python-services/proc_hongkong_night_skyline_skyscrapers.py,mat,18,35,True,python,unreviewed
AuroraIA/application/python-services/proc_hongkong_night_skyline_skyscrapers.py,smooth_shade,37,44,True,python,unreviewed
AuroraIA/application/python-services/proc_hongkong_night_skyline_skyscrapers.py,make_obj,46,53,True,python,unreviewed
AuroraIA/application/python-services/proc_hongkong_night_skyline_skyscrapers.py,beveled_cube,55,62,True,python,unreviewed
AuroraIA/application/python-services/proc_hongkong_night_skyline_skyscrapers.py,smooth_sphere,64,69,True,python,unreviewed
AuroraIA/application/python-services/proc_hongkong_night_skyline_skyscrapers.py,smooth_cone,71,74,True,python,unreviewed
AuroraIA/application/python-services/proc_hongkong_night_skyline_skyscrapers.py,cyl,76,77,True,python,unreviewed
AuroraIA/application/python-services/proc_hongkong_night_skyline_skyscrapers.py,empty,79,84,True,python,unreviewed
AuroraIA/application/python-services/proc_hongkong_night_skyline_skyscrapers.py,make_skyscraper,200,258,True,python,unreviewed
AuroraIA/application/python-services/proc_hongkong_night_skyline_skyscrapers.py,make_junk,283,318,True,python,unreviewed
AuroraIA/application/python-services/proc_hongkong_night_skyline_skyscrapers.py,make_businessman,369,428,True,python,unreviewed
AuroraIA/application/python-services/proc_hot_air_balloon.py,_find_blender,19,24,False,python,unreviewed
AuroraIA/application/python-services/proc_hot_air_balloon.py,make_balloon,232,252,True,python,unreviewed
AuroraIA/application/python-services/proc_hot_air_balloon.py,main,255,261,True,python,unreviewed
AuroraIA/application/python-services/proc_hourglass.py,_find_blender,20,25,False,python,unreviewed
AuroraIA/application/python-services/proc_hourglass.py,make_hourglass,214,234,True,python,unreviewed
AuroraIA/application/python-services/proc_hourglass.py,main,237,243,True,python,unreviewed
AuroraIA/application/python-services/proc_ice_cave_aurora.py,make_mat,49,63,True,python,unreviewed
AuroraIA/application/python-services/proc_ice_cave_aurora.py,add_obj,66,71,True,python,unreviewed
AuroraIA/application/python-services/proc_ice_cave_aurora.py,empty,74,80,True,python,unreviewed
AuroraIA/application/python-services/proc_ice_cave_aurora.py,smooth_shade,83,90,True,python,unreviewed
AuroraIA/application/python-services/proc_ice_cave_aurora.py,beveled_cube,93,106,True,python,unreviewed
AuroraIA/application/python-services/proc_ice_cave_aurora.py,smooth_sphere,109,122,True,python,unreviewed
AuroraIA/application/python-services/proc_ice_cave_aurora.py,smooth_cone,125,136,True,python,unreviewed
AuroraIA/application/python-services/proc_ice_cave_aurora.py,kf,353,362,True,python,unreviewed
AuroraIA/application/python-services/proc_iceberg.py,make_mat,39,53,True,python,unreviewed
AuroraIA/application/python-services/proc_iceberg.py,add_obj,56,61,True,python,unreviewed
AuroraIA/application/python-services/proc_iceberg.py,empty,64,70,True,python,unreviewed
AuroraIA/application/python-services/proc_iceberg.py,cube,73,83,True,python,unreviewed
AuroraIA/application/python-services/proc_iceberg.py,sphere,86,96,True,python,unreviewed
AuroraIA/application/python-services/proc_iceberg.py,cone,99,109,True,python,unreviewed
AuroraIA/application/python-services/proc_iceberg.py,make_penguin,223,244,True,python,unreviewed
AuroraIA/application/python-services/proc_iceberg.py,kf_loc,308,310,True,python,unreviewed
AuroraIA/application/python-services/proc_iceberg.py,kf_scale,313,315,True,python,unreviewed
AuroraIA/application/python-services/proc_iceberg.py,kf_rot,318,320,True,python,unreviewed
AuroraIA/application/python-services/proc_iceland_geysir_aurora_volcanoes.py,reset,10,16,True,python,unreviewed
AuroraIA/application/python-services/proc_iceland_geysir_aurora_volcanoes.py,mat,18,35,True,python,unreviewed
AuroraIA/application/python-services/proc_iceland_geysir_aurora_volcanoes.py,smooth_shade,37,44,True,python,unreviewed
AuroraIA/application/python-services/proc_iceland_geysir_aurora_volcanoes.py,make_obj,46,53,True,python,unreviewed
AuroraIA/application/python-services/proc_iceland_geysir_aurora_volcanoes.py,beveled_cube,55,62,True,python,unreviewed
AuroraIA/application/python-services/proc_iceland_geysir_aurora_volcanoes.py,smooth_sphere,64,69,True,python,unreviewed
AuroraIA/application/python-services/proc_iceland_geysir_aurora_volcanoes.py,smooth_cone,71,74,True,python,unreviewed
AuroraIA/application/python-services/proc_iceland_geysir_aurora_volcanoes.py,cyl,76,77,True,python,unreviewed
AuroraIA/application/python-services/proc_iceland_geysir_aurora_volcanoes.py,empty,79,84,True,python,unreviewed
AuroraIA/application/python-services/proc_iceland_geysir_aurora_volcanoes.py,make_snow_volcano,208,238,True,python,unreviewed
AuroraIA/application/python-services/proc_iceland_geysir_aurora_volcanoes.py,make_geyser,246,271,True,python,unreviewed
AuroraIA/application/python-services/proc_iceland_geysir_aurora_volcanoes.py,make_viking,305,394,True,python,unreviewed
AuroraIA/application/python-services/proc_iceland_geysir_aurora_volcanoes.py,make_turf_house,404,444,True,python,unreviewed
AuroraIA/application/python-services/proc_iguazu_falls_rainforest_toucans.py,reset,10,16,True,python,unreviewed
AuroraIA/application/python-services/proc_iguazu_falls_rainforest_toucans.py,mat,18,35,True,python,unreviewed
AuroraIA/application/python-services/proc_iguazu_falls_rainforest_toucans.py,smooth_shade,37,44,True,python,unreviewed
AuroraIA/application/python-services/proc_iguazu_falls_rainforest_toucans.py,make_obj,46,53,True,python,unreviewed
AuroraIA/application/python-services/proc_iguazu_falls_rainforest_toucans.py,beveled_cube,55,62,True,python,unreviewed
AuroraIA/application/python-services/proc_iguazu_falls_rainforest_toucans.py,smooth_sphere,64,69,True,python,unreviewed
AuroraIA/application/python-services/proc_iguazu_falls_rainforest_toucans.py,smooth_cone,71,74,True,python,unreviewed
AuroraIA/application/python-services/proc_iguazu_falls_rainforest_toucans.py,cyl,76,77,True,python,unreviewed
AuroraIA/application/python-services/proc_iguazu_falls_rainforest_toucans.py,empty,79,84,True,python,unreviewed
AuroraIA/application/python-services/proc_iguazu_falls_rainforest_toucans.py,make_jungle_tree,240,268,True,python,unreviewed
AuroraIA/application/python-services/proc_iguazu_falls_rainforest_toucans.py,make_jaguar,281,353,True,python,unreviewed
AuroraIA/application/python-services/proc_iguazu_falls_rainforest_toucans.py,make_capybara,363,392,True,python,unreviewed
AuroraIA/application/python-services/proc_iguazu_falls_rainforest_toucans.py,make_macaw,402,440,True,python,unreviewed
AuroraIA/application/python-services/proc_inca_temple_jungle.py,reset,9,15,True,python,unreviewed
AuroraIA/application/python-services/proc_inca_temple_jungle.py,mat,17,39,True,python,unreviewed
AuroraIA/application/python-services/proc_inca_temple_jungle.py,smooth_shade,41,48,True,python,unreviewed
AuroraIA/application/python-services/proc_inca_temple_jungle.py,make_obj,50,57,True,python,unreviewed
AuroraIA/application/python-services/proc_inca_temple_jungle.py,beveled_cube,59,66,True,python,unreviewed
AuroraIA/application/python-services/proc_inca_temple_jungle.py,smooth_sphere,68,73,True,python,unreviewed
AuroraIA/application/python-services/proc_inca_temple_jungle.py,smooth_cone,75,78,True,python,unreviewed
AuroraIA/application/python-services/proc_inca_temple_jungle.py,cyl,80,81,True,python,unreviewed
AuroraIA/application/python-services/proc_inca_temple_jungle.py,empty,83,88,True,python,unreviewed
AuroraIA/application/python-services/proc_inca_temple_jungle.py,make_priest,367,438,True,python,unreviewed
AuroraIA/application/python-services/proc_inca_temple_jungle.py,make_jungle_tree,475,495,True,python,unreviewed
AuroraIA/application/python-services/proc_inca_temple_jungle.py,make_lama,607,645,True,python,unreviewed
AuroraIA/application/python-services/proc_indian_diwali_festival_lights.py,reset,10,16,True,python,unreviewed
AuroraIA/application/python-services/proc_indian_diwali_festival_lights.py,mat,18,35,True,python,unreviewed
AuroraIA/application/python-services/proc_indian_diwali_festival_lights.py,smooth_shade,37,44,True,python,unreviewed
AuroraIA/application/python-services/proc_indian_diwali_festival_lights.py,make_obj,46,53,True,python,unreviewed
AuroraIA/application/python-services/proc_indian_diwali_festival_lights.py,beveled_cube,55,62,True,python,unreviewed
AuroraIA/application/python-services/proc_indian_diwali_festival_lights.py,smooth_sphere,64,69,True,python,unreviewed
AuroraIA/application/python-services/proc_indian_diwali_festival_lights.py,smooth_cone,71,74,True,python,unreviewed
AuroraIA/application/python-services/proc_indian_diwali_festival_lights.py,cyl,76,77,True,python,unreviewed
AuroraIA/application/python-services/proc_indian_diwali_festival_lights.py,empty,79,84,True,python,unreviewed
AuroraIA/application/python-services/proc_indian_diwali_festival_lights.py,make_indian_house,332,389,True,python,unreviewed
AuroraIA/application/python-services/proc_indian_diwali_festival_lights.py,make_woman_sari,498,582,True,python,unreviewed
AuroraIA/application/python-services/proc_indian_diwali_festival_lights.py,make_man_dhoti,593,650,True,python,unreviewed
AuroraIA/application/python-services/proc_indian_diwali_festival_lights.py,make_musician_i,660,739,True,python,unreviewed
AuroraIA/application/python-services/proc_indian_holi_festival_colors.py,reset,10,16,True,python,unreviewed
AuroraIA/application/python-services/proc_indian_holi_festival_colors.py,mat,18,40,True,python,unreviewed
AuroraIA/application/python-services/proc_indian_holi_festival_colors.py,smooth_shade,42,49,True,python,unreviewed
AuroraIA/application/python-services/proc_indian_holi_festival_colors.py,make_obj,51,58,True,python,unreviewed
AuroraIA/application/python-services/proc_indian_holi_festival_colors.py,beveled_cube,60,67,True,python,unreviewed
AuroraIA/application/python-services/proc_indian_holi_festival_colors.py,smooth_sphere,69,74,True,python,unreviewed
AuroraIA/application/python-services/proc_indian_holi_festival_colors.py,smooth_cone,76,79,True,python,unreviewed
AuroraIA/application/python-services/proc_indian_holi_festival_colors.py,cyl,81,82,True,python,unreviewed
AuroraIA/application/python-services/proc_indian_holi_festival_colors.py,empty,84,89,True,python,unreviewed
AuroraIA/application/python-services/proc_indian_holi_festival_colors.py,make_holi_dancer,410,522,True,python,unreviewed
AuroraIA/application/python-services/proc_indian_holi_festival_colors.py,make_indian_musician,566,670,True,python,unreviewed
AuroraIA/application/python-services/proc_indian_holi_festival_colors.py,make_sacred_cow,685,723,True,python,unreviewed
AuroraIA/application/python-services/proc_indian_holi_festival_colors.py,make_monkey,733,764,True,python,unreviewed
AuroraIA/application/python-services/proc_indian_holi_festival_colors.py,make_peacock_holi,773,811,True,python,unreviewed
AuroraIA/application/python-services/proc_indonesian_bali_temple_kecak.py,reset,10,16,True,python,unreviewed
AuroraIA/application/python-services/proc_indonesian_bali_temple_kecak.py,mat,18,35,True,python,unreviewed
AuroraIA/application/python-services/proc_indonesian_bali_temple_kecak.py,smooth_shade,37,44,True,python,unreviewed
AuroraIA/application/python-services/proc_indonesian_bali_temple_kecak.py,make_obj,46,53,True,python,unreviewed
AuroraIA/application/python-services/proc_indonesian_bali_temple_kecak.py,beveled_cube,55,62,True,python,unreviewed
AuroraIA/application/python-services/proc_indonesian_bali_temple_kecak.py,smooth_sphere,64,69,True,python,unreviewed
AuroraIA/application/python-services/proc_indonesian_bali_temple_kecak.py,smooth_cone,71,74,True,python,unreviewed
AuroraIA/application/python-services/proc_indonesian_bali_temple_kecak.py,cyl,76,77,True,python,unreviewed
AuroraIA/application/python-services/proc_indonesian_bali_temple_kecak.py,empty,79,84,True,python,unreviewed
AuroraIA/application/python-services/proc_indonesian_bali_temple_kecak.py,make_meru,212,266,True,python,unreviewed
AuroraIA/application/python-services/proc_indonesian_bali_temple_kecak.py,make_kecak_dancer,276,333,True,python,unreviewed
AuroraIA/application/python-services/proc_indonesian_bali_temple_kecak.py,make_legong_dancer,347,430,True,python,unreviewed
AuroraIA/application/python-services/proc_irish_pub_dance_celtic.py,reset,10,16,True,python,unreviewed
AuroraIA/application/python-services/proc_irish_pub_dance_celtic.py,mat,18,35,True,python,unreviewed
AuroraIA/application/python-services/proc_irish_pub_dance_celtic.py,smooth_shade,37,44,True,python,unreviewed
AuroraIA/application/python-services/proc_irish_pub_dance_celtic.py,make_obj,46,53,True,python,unreviewed
AuroraIA/application/python-services/proc_irish_pub_dance_celtic.py,beveled_cube,55,62,True,python,unreviewed
AuroraIA/application/python-services/proc_irish_pub_dance_celtic.py,smooth_sphere,64,69,True,python,unreviewed
AuroraIA/application/python-services/proc_irish_pub_dance_celtic.py,smooth_cone,71,74,True,python,unreviewed
AuroraIA/application/python-services/proc_irish_pub_dance_celtic.py,cyl,76,77,True,python,unreviewed
AuroraIA/application/python-services/proc_irish_pub_dance_celtic.py,empty,79,84,True,python,unreviewed
AuroraIA/application/python-services/proc_irish_pub_dance_celtic.py,make_step_dancer,428,518,True,python,unreviewed
AuroraIA/application/python-services/proc_irish_pub_dance_celtic.py,make_musician,530,656,True,python,unreviewed
AuroraIA/application/python-services/proc_irish_pub_dance_celtic.py,make_patron,678,742,True,python,unreviewed
AuroraIA/application/python-services/proc_jamaican_blue_mountains_coffee_plantation.py,reset,10,16,True,python,unreviewed
AuroraIA/application/python-services/proc_jamaican_blue_mountains_coffee_plantation.py,mat,18,35,True,python,unreviewed
AuroraIA/application/python-services/proc_jamaican_blue_mountains_coffee_plantation.py,smooth_shade,37,44,True,python,unreviewed
AuroraIA/application/python-services/proc_jamaican_blue_mountains_coffee_plantation.py,make_obj,46,53,True,python,unreviewed
AuroraIA/application/python-services/proc_jamaican_blue_mountains_coffee_plantation.py,beveled_cube,55,62,True,python,unreviewed
AuroraIA/application/python-services/proc_jamaican_blue_mountains_coffee_plantation.py,smooth_sphere,64,69,True,python,unreviewed
AuroraIA/application/python-services/proc_jamaican_blue_mountains_coffee_plantation.py,smooth_cone,71,74,True,python,unreviewed
AuroraIA/application/python-services/proc_jamaican_blue_mountains_coffee_plantation.py,cyl,76,77,True,python,unreviewed
AuroraIA/application/python-services/proc_jamaican_blue_mountains_coffee_plantation.py,empty,79,84,True,python,unreviewed
AuroraIA/application/python-services/proc_jamaican_blue_mountains_coffee_plantation.py,make_blue_mountain,225,244,True,python,unreviewed
AuroraIA/application/python-services/proc_jamaican_blue_mountains_coffee_plantation.py,make_coffee_plant,251,282,True,python,unreviewed
AuroraIA/application/python-services/proc_jamaican_blue_mountains_coffee_plantation.py,make_drying_rack,339,355,True,python,unreviewed
AuroraIA/application/python-services/proc_jamaican_blue_mountains_coffee_plantation.py,make_picker,361,432,True,python,unreviewed
AuroraIA/application/python-services/proc_japanese_garden.py,make_mat,39,53,True,python,unreviewed
AuroraIA/application/python-services/proc_japanese_garden.py,add_obj,56,61,True,python,unreviewed
AuroraIA/application/python-services/proc_japanese_garden.py,empty,64,70,True,python,unreviewed
AuroraIA/application/python-services/proc_japanese_garden.py,cube,73,83,True,python,unreviewed
AuroraIA/application/python-services/proc_japanese_garden.py,sphere,86,96,True,python,unreviewed
AuroraIA/application/python-services/proc_japanese_garden.py,cone,99,109,True,python,unreviewed
AuroraIA/application/python-services/proc_japanese_garden.py,make_koi,323,333,True,python,unreviewed
AuroraIA/application/python-services/proc_japanese_garden.py,kf_loc,360,362,True,python,unreviewed
AuroraIA/application/python-services/proc_japanese_garden.py,kf_scale,365,367,True,python,unreviewed
AuroraIA/application/python-services/proc_japanese_garden.py,kf_rot,370,372,True,python,unreviewed
AuroraIA/application/python-services/proc_japanese_hanami_sakura.py,reset,10,16,True,python,unreviewed
AuroraIA/application/python-services/proc_japanese_hanami_sakura.py,mat,18,40,True,python,unreviewed
AuroraIA/application/python-services/proc_japanese_hanami_sakura.py,smooth_shade,42,49,True,python,unreviewed
AuroraIA/application/python-services/proc_japanese_hanami_sakura.py,make_obj,51,58,True,python,unreviewed
AuroraIA/application/python-services/proc_japanese_hanami_sakura.py,beveled_cube,60,67,True,python,unreviewed
AuroraIA/application/python-services/proc_japanese_hanami_sakura.py,smooth_sphere,69,74,True,python,unreviewed
AuroraIA/application/python-services/proc_japanese_hanami_sakura.py,smooth_cone,76,79,True,python,unreviewed
AuroraIA/application/python-services/proc_japanese_hanami_sakura.py,cyl,81,82,True,python,unreviewed
AuroraIA/application/python-services/proc_japanese_hanami_sakura.py,empty,84,89,True,python,unreviewed
AuroraIA/application/python-services/proc_japanese_hanami_sakura.py,make_sakura,228,273,True,python,unreviewed
AuroraIA/application/python-services/proc_japanese_hanami_sakura.py,make_visitor,420,481,True,python,unreviewed
AuroraIA/application/python-services/proc_japanese_hanami_sakura.py,make_crane,546,605,True,python,unreviewed
AuroraIA/application/python-services/proc_japanese_kyoto_torii_zen.py,reset,10,16,True,python,unreviewed
AuroraIA/application/python-services/proc_japanese_kyoto_torii_zen.py,mat,18,35,True,python,unreviewed
AuroraIA/application/python-services/proc_japanese_kyoto_torii_zen.py,smooth_shade,37,44,True,python,unreviewed
AuroraIA/application/python-services/proc_japanese_kyoto_torii_zen.py,make_obj,46,53,True,python,unreviewed
AuroraIA/application/python-services/proc_japanese_kyoto_torii_zen.py,beveled_cube,55,62,True,python,unreviewed
AuroraIA/application/python-services/proc_japanese_kyoto_torii_zen.py,smooth_sphere,64,69,True,python,unreviewed
AuroraIA/application/python-services/proc_japanese_kyoto_torii_zen.py,smooth_cone,71,74,True,python,unreviewed
AuroraIA/application/python-services/proc_japanese_kyoto_torii_zen.py,cyl,76,77,True,python,unreviewed
AuroraIA/application/python-services/proc_japanese_kyoto_torii_zen.py,empty,79,84,True,python,unreviewed
AuroraIA/application/python-services/proc_japanese_kyoto_torii_zen.py,make_torii,217,245,True,python,unreviewed
AuroraIA/application/python-services/proc_japanese_kyoto_torii_zen.py,make_monk,379,416,True,python,unreviewed
AuroraIA/application/python-services/proc_japanese_kyoto_torii_zen.py,make_geisha,426,505,True,python,unreviewed
AuroraIA/application/python-services/proc_japanese_kyoto_torii_zen.py,make_sakura_tree,516,540,True,python,unreviewed
AuroraIA/application/python-services/proc_japanese_onsen_hot_springs.py,reset,10,16,True,python,unreviewed
AuroraIA/application/python-services/proc_japanese_onsen_hot_springs.py,mat,18,40,True,python,unreviewed
AuroraIA/application/python-services/proc_japanese_onsen_hot_springs.py,smooth_shade,42,49,True,python,unreviewed
AuroraIA/application/python-services/proc_japanese_onsen_hot_springs.py,make_obj,51,58,True,python,unreviewed
AuroraIA/application/python-services/proc_japanese_onsen_hot_springs.py,beveled_cube,60,67,True,python,unreviewed
AuroraIA/application/python-services/proc_japanese_onsen_hot_springs.py,smooth_sphere,69,74,True,python,unreviewed
AuroraIA/application/python-services/proc_japanese_onsen_hot_springs.py,smooth_cone,76,79,True,python,unreviewed
AuroraIA/application/python-services/proc_japanese_onsen_hot_springs.py,cyl,81,82,True,python,unreviewed
AuroraIA/application/python-services/proc_japanese_onsen_hot_springs.py,empty,84,89,True,python,unreviewed
AuroraIA/application/python-services/proc_japanese_onsen_hot_springs.py,make_maple,292,330,True,python,unreviewed
AuroraIA/application/python-services/proc_japanese_onsen_hot_springs.py,make_ishidoro,340,367,True,python,unreviewed
AuroraIA/application/python-services/proc_japanese_onsen_hot_springs.py,make_bather,456,492,True,python,unreviewed
AuroraIA/application/python-services/proc_japanese_onsen_hot_springs.py,make_sika_deer,509,566,True,python,unreviewed
AuroraIA/application/python-services/proc_japanese_onsen_hot_springs.py,make_snow_monkey,574,619,True,python,unreviewed
AuroraIA/application/python-services/proc_jellyfish_bioluminescent.py,make_mat,49,63,True,python,unreviewed
AuroraIA/application/python-services/proc_jellyfish_bioluminescent.py,add_obj,66,71,True,python,unreviewed
AuroraIA/application/python-services/proc_jellyfish_bioluminescent.py,empty,74,80,True,python,unreviewed
AuroraIA/application/python-services/proc_jellyfish_bioluminescent.py,smooth_shade,83,90,True,python,unreviewed
AuroraIA/application/python-services/proc_jellyfish_bioluminescent.py,beveled_cube,93,106,True,python,unreviewed
AuroraIA/application/python-services/proc_jellyfish_bioluminescent.py,smooth_sphere,109,122,True,python,unreviewed
AuroraIA/application/python-services/proc_jellyfish_bioluminescent.py,smooth_cone,125,136,True,python,unreviewed
AuroraIA/application/python-services/proc_jellyfish_bioluminescent.py,kf,331,340,True,python,unreviewed
AuroraIA/application/python-services/proc_jet_ski.py,_find_blender,20,25,False,python,unreviewed
AuroraIA/application/python-services/proc_jet_ski.py,make_jetski,264,284,True,python,unreviewed
AuroraIA/application/python-services/proc_jet_ski.py,main,287,293,True,python,unreviewed
AuroraIA/application/python-services/proc_jungle_sloth_canopy.py,make_mat,47,61,True,python,unreviewed
AuroraIA/application/python-services/proc_jungle_sloth_canopy.py,add_obj,64,69,True,python,unreviewed
AuroraIA/application/python-services/proc_jungle_sloth_canopy.py,empty,72,78,True,python,unreviewed
AuroraIA/application/python-services/proc_jungle_sloth_canopy.py,smooth_shade,81,88,True,python,unreviewed
AuroraIA/application/python-services/proc_jungle_sloth_canopy.py,beveled_cube,91,104,True,python,unreviewed
AuroraIA/application/python-services/proc_jungle_sloth_canopy.py,smooth_sphere,107,120,True,python,unreviewed
AuroraIA/application/python-services/proc_jungle_sloth_canopy.py,smooth_cone,123,134,True,python,unreviewed
AuroraIA/application/python-services/proc_jungle_sloth_canopy.py,kf,437,446,True,python,unreviewed
AuroraIA/application/python-services/proc_kayak.py,_find_blender,20,25,False,python,unreviewed
AuroraIA/application/python-services/proc_kayak.py,make_kayak,248,268,True,python,unreviewed
AuroraIA/application/python-services/proc_kayak.py,main,271,277,True,python,unreviewed
AuroraIA/application/python-services/proc_knight_tournament.py,make_mat,43,57,True,python,unreviewed
AuroraIA/application/python-services/proc_knight_tournament.py,add_obj,60,65,True,python,unreviewed
AuroraIA/application/python-services/proc_knight_tournament.py,empty,68,74,True,python,unreviewed
AuroraIA/application/python-services/proc_knight_tournament.py,smooth_shade,77,84,True,python,unreviewed
AuroraIA/application/python-services/proc_knight_tournament.py,beveled_cube,87,100,True,python,unreviewed
AuroraIA/application/python-services/proc_knight_tournament.py,smooth_sphere,103,116,True,python,unreviewed
AuroraIA/application/python-services/proc_knight_tournament.py,smooth_cone,119,130,True,python,unreviewed
AuroraIA/application/python-services/proc_knight_tournament.py,build_knight,194,291,True,python,unreviewed
AuroraIA/application/python-services/proc_knight_tournament.py,kf,396,405,True,python,unreviewed
AuroraIA/application/python-services/proc_korean_gyeongbokgung_palace.py,reset,10,16,True,python,unreviewed
AuroraIA/application/python-services/proc_korean_gyeongbokgung_palace.py,mat,18,40,True,python,unreviewed
AuroraIA/application/python-services/proc_korean_gyeongbokgung_palace.py,smooth_shade,42,49,True,python,unreviewed
AuroraIA/application/python-services/proc_korean_gyeongbokgung_palace.py,make_obj,51,58,True,python,unreviewed
AuroraIA/application/python-services/proc_korean_gyeongbokgung_palace.py,beveled_cube,60,67,True,python,unreviewed
AuroraIA/application/python-services/proc_korean_gyeongbokgung_palace.py,smooth_sphere,69,74,True,python,unreviewed
AuroraIA/application/python-services/proc_korean_gyeongbokgung_palace.py,smooth_cone,76,79,True,python,unreviewed
AuroraIA/application/python-services/proc_korean_gyeongbokgung_palace.py,cyl,81,82,True,python,unreviewed
AuroraIA/application/python-services/proc_korean_gyeongbokgung_palace.py,empty,84,89,True,python,unreviewed
AuroraIA/application/python-services/proc_korean_gyeongbokgung_palace.py,make_royal,406,508,True,python,unreviewed
AuroraIA/application/python-services/proc_korean_gyeongbokgung_palace.py,make_guard,538,619,True,python,unreviewed
AuroraIA/application/python-services/proc_korean_gyeongbokgung_palace.py,make_court_lady,639,700,True,python,unreviewed
AuroraIA/application/python-services/proc_korean_gyeongbokgung_palace.py,make_peacock_k,717,764,True,python,unreviewed
AuroraIA/application/python-services/proc_korean_gyeongbokgung_palace.py,make_crane_k,773,808,True,python,unreviewed
AuroraIA/application/python-services/proc_korean_jeju_haenyeo_volcanic.py,reset,10,16,True,python,unreviewed
AuroraIA/application/python-services/proc_korean_jeju_haenyeo_volcanic.py,mat,18,35,True,python,unreviewed
AuroraIA/application/python-services/proc_korean_jeju_haenyeo_volcanic.py,smooth_shade,37,44,True,python,unreviewed
AuroraIA/application/python-services/proc_korean_jeju_haenyeo_volcanic.py,make_obj,46,53,True,python,unreviewed
AuroraIA/application/python-services/proc_korean_jeju_haenyeo_volcanic.py,beveled_cube,55,62,True,python,unreviewed
AuroraIA/application/python-services/proc_korean_jeju_haenyeo_volcanic.py,smooth_sphere,64,69,True,python,unreviewed
AuroraIA/application/python-services/proc_korean_jeju_haenyeo_volcanic.py,smooth_cone,71,74,True,python,unreviewed
AuroraIA/application/python-services/proc_korean_jeju_haenyeo_volcanic.py,cyl,76,77,True,python,unreviewed
AuroraIA/application/python-services/proc_korean_jeju_haenyeo_volcanic.py,empty,79,84,True,python,unreviewed
AuroraIA/application/python-services/proc_korean_jeju_haenyeo_volcanic.py,make_hallasan,192,205,True,python,unreviewed
AuroraIA/application/python-services/proc_korean_jeju_haenyeo_volcanic.py,make_harubang,212,235,True,python,unreviewed
AuroraIA/application/python-services/proc_korean_jeju_haenyeo_volcanic.py,make_haenyeo,241,297,True,python,unreviewed
AuroraIA/application/python-services/proc_korean_jeju_haenyeo_volcanic.py,make_tangerine_tree,306,324,True,python,unreviewed
AuroraIA/application/python-services/proc_korean_palace_gyeongbokgung_hanbok.py,reset,10,16,True,python,unreviewed
AuroraIA/application/python-services/proc_korean_palace_gyeongbokgung_hanbok.py,mat,18,35,True,python,unreviewed
AuroraIA/application/python-services/proc_korean_palace_gyeongbokgung_hanbok.py,smooth_shade,37,44,True,python,unreviewed
AuroraIA/application/python-services/proc_korean_palace_gyeongbokgung_hanbok.py,make_obj,46,53,True,python,unreviewed
AuroraIA/application/python-services/proc_korean_palace_gyeongbokgung_hanbok.py,beveled_cube,55,62,True,python,unreviewed
AuroraIA/application/python-services/proc_korean_palace_gyeongbokgung_hanbok.py,smooth_sphere,64,69,True,python,unreviewed
AuroraIA/application/python-services/proc_korean_palace_gyeongbokgung_hanbok.py,smooth_cone,71,74,True,python,unreviewed
AuroraIA/application/python-services/proc_korean_palace_gyeongbokgung_hanbok.py,cyl,76,77,True,python,unreviewed
AuroraIA/application/python-services/proc_korean_palace_gyeongbokgung_hanbok.py,empty,79,84,True,python,unreviewed
AuroraIA/application/python-services/proc_korean_palace_gyeongbokgung_hanbok.py,make_guard,391,449,True,python,unreviewed
AuroraIA/application/python-services/proc_korean_palace_gyeongbokgung_hanbok.py,make_hanbok_woman,460,527,True,python,unreviewed
AuroraIA/application/python-services/proc_korean_palace_gyeongbokgung_hanbok.py,make_musician_k,537,589,True,python,unreviewed
AuroraIA/application/python-services/proc_korean_palace_gyeongbokgung_hanbok.py,make_sakura_tree,601,637,True,python,unreviewed
AuroraIA/application/python-services/proc_korean_palace_gyeongbokgung_hanbok.py,make_haetae,647,695,True,python,unreviewed
AuroraIA/application/python-services/proc_kraken_storm_galleon.py,reset,9,15,True,python,unreviewed
AuroraIA/application/python-services/proc_kraken_storm_galleon.py,mat,17,39,True,python,unreviewed
AuroraIA/application/python-services/proc_kraken_storm_galleon.py,smooth_shade,41,48,True,python,unreviewed
AuroraIA/application/python-services/proc_kraken_storm_galleon.py,make_obj,50,57,True,python,unreviewed
AuroraIA/application/python-services/proc_kraken_storm_galleon.py,beveled_cube,59,66,True,python,unreviewed
AuroraIA/application/python-services/proc_kraken_storm_galleon.py,smooth_sphere,68,73,True,python,unreviewed
AuroraIA/application/python-services/proc_kraken_storm_galleon.py,smooth_cone,75,78,True,python,unreviewed
AuroraIA/application/python-services/proc_kraken_storm_galleon.py,cyl,80,81,True,python,unreviewed
AuroraIA/application/python-services/proc_kraken_storm_galleon.py,empty,83,88,True,python,unreviewed
AuroraIA/application/python-services/proc_kraken_storm_galleon.py,make_pirate,516,561,True,python,unreviewed
AuroraIA/application/python-services/proc_kraken_storm_galleon.py,make_hostile_mermaid,580,634,True,python,unreviewed
AuroraIA/application/python-services/proc_laptop.py,_find_blender,21,26,False,python,unreviewed
AuroraIA/application/python-services/proc_laptop.py,make_laptop,313,333,True,python,unreviewed
AuroraIA/application/python-services/proc_laptop.py,main,336,342,True,python,unreviewed
AuroraIA/application/python-services/proc_lava_lamp.py,_find_blender,19,24,False,python,unreviewed
AuroraIA/application/python-services/proc_lava_lamp.py,make_lavalamp,175,195,True,python,unreviewed
AuroraIA/application/python-services/proc_lava_lamp.py,main,198,204,True,python,unreviewed
AuroraIA/application/python-services/proc_lighthouse.py,_find_blender,18,23,False,python,unreviewed
AuroraIA/application/python-services/proc_lighthouse.py,make_lighthouse,214,234,True,python,unreviewed
AuroraIA/application/python-services/proc_lighthouse.py,main,237,243,True,python,unreviewed
AuroraIA/application/python-services/proc_lighthouse_storm.py,make_mat,40,54,True,python,unreviewed
AuroraIA/application/python-services/proc_lighthouse_storm.py,add_obj,57,62,True,python,unreviewed
AuroraIA/application/python-services/proc_lighthouse_storm.py,empty,65,71,True,python,unreviewed
AuroraIA/application/python-services/proc_lighthouse_storm.py,cube,74,84,True,python,unreviewed
AuroraIA/application/python-services/proc_lighthouse_storm.py,sphere,87,97,True,python,unreviewed
AuroraIA/application/python-services/proc_lighthouse_storm.py,cone,100,110,True,python,unreviewed
AuroraIA/application/python-services/proc_lighthouse_storm.py,make_lightning,267,286,True,python,unreviewed
AuroraIA/application/python-services/proc_lighthouse_storm.py,kf_loc,342,344,True,python,unreviewed
AuroraIA/application/python-services/proc_lighthouse_storm.py,kf_scale,347,349,True,python,unreviewed
AuroraIA/application/python-services/proc_lighthouse_storm.py,kf_rot,352,354,True,python,unreviewed
AuroraIA/application/python-services/proc_maasai_savanna_kilimanjaro.py,reset,10,16,True,python,unreviewed
AuroraIA/application/python-services/proc_maasai_savanna_kilimanjaro.py,mat,18,40,True,python,unreviewed
AuroraIA/application/python-services/proc_maasai_savanna_kilimanjaro.py,smooth_shade,42,49,True,python,unreviewed
AuroraIA/application/python-services/proc_maasai_savanna_kilimanjaro.py,make_obj,51,58,True,python,unreviewed
AuroraIA/application/python-services/proc_maasai_savanna_kilimanjaro.py,beveled_cube,60,67,True,python,unreviewed
AuroraIA/application/python-services/proc_maasai_savanna_kilimanjaro.py,smooth_sphere,69,74,True,python,unreviewed
AuroraIA/application/python-services/proc_maasai_savanna_kilimanjaro.py,smooth_cone,76,79,True,python,unreviewed
AuroraIA/application/python-services/proc_maasai_savanna_kilimanjaro.py,cyl,81,82,True,python,unreviewed
AuroraIA/application/python-services/proc_maasai_savanna_kilimanjaro.py,empty,84,89,True,python,unreviewed
AuroraIA/application/python-services/proc_maasai_savanna_kilimanjaro.py,make_acacia,240,273,True,python,unreviewed
AuroraIA/application/python-services/proc_maasai_savanna_kilimanjaro.py,make_maasai,283,419,True,python,unreviewed
AuroraIA/application/python-services/proc_maasai_savanna_kilimanjaro.py,make_hut,453,470,True,python,unreviewed
AuroraIA/application/python-services/proc_maasai_savanna_kilimanjaro.py,make_zebu,490,543,True,python,unreviewed
AuroraIA/application/python-services/proc_maasai_savanna_kilimanjaro.py,make_giraffe,556,624,True,python,unreviewed
AuroraIA/application/python-services/proc_maasai_savanna_kilimanjaro.py,make_zebra,635,695,True,python,unreviewed
AuroraIA/application/python-services/proc_maasai_savanna_kilimanjaro.py,make_elephant,705,755,True,python,unreviewed
AuroraIA/application/python-services/proc_maasai_savanna_kilimanjaro.py,make_lion,763,805,True,python,unreviewed
AuroraIA/application/python-services/proc_maasai_savanna_kilimanjaro.py,make_gazelle,814,859,True,python,unreviewed
AuroraIA/application/python-services/proc_machu_picchu_inca_andes.py,reset,10,16,True,python,unreviewed
AuroraIA/application/python-services/proc_machu_picchu_inca_andes.py,mat,18,35,True,python,unreviewed
AuroraIA/application/python-services/proc_machu_picchu_inca_andes.py,smooth_shade,37,44,True,python,unreviewed
AuroraIA/application/python-services/proc_machu_picchu_inca_andes.py,make_obj,46,53,True,python,unreviewed
AuroraIA/application/python-services/proc_machu_picchu_inca_andes.py,beveled_cube,55,62,True,python,unreviewed
AuroraIA/application/python-services/proc_machu_picchu_inca_andes.py,smooth_sphere,64,69,True,python,unreviewed
AuroraIA/application/python-services/proc_machu_picchu_inca_andes.py,smooth_cone,71,74,True,python,unreviewed
AuroraIA/application/python-services/proc_machu_picchu_inca_andes.py,cyl,76,77,True,python,unreviewed
AuroraIA/application/python-services/proc_machu_picchu_inca_andes.py,empty,79,84,True,python,unreviewed
AuroraIA/application/python-services/proc_machu_picchu_inca_andes.py,make_andes_peak,191,212,True,python,unreviewed
AuroraIA/application/python-services/proc_machu_picchu_inca_andes.py,make_terrace_set,230,255,True,python,unreviewed
AuroraIA/application/python-services/proc_machu_picchu_inca_andes.py,make_llama,343,409,True,python,unreviewed
AuroraIA/application/python-services/proc_machu_picchu_inca_andes.py,make_quechua_woman,420,494,True,python,unreviewed
AuroraIA/application/python-services/proc_madagascar_baobab_avenue_lemurs.py,reset,10,16,True,python,unreviewed
AuroraIA/application/python-services/proc_madagascar_baobab_avenue_lemurs.py,mat,18,35,True,python,unreviewed
AuroraIA/application/python-services/proc_madagascar_baobab_avenue_lemurs.py,smooth_shade,37,44,True,python,unreviewed
AuroraIA/application/python-services/proc_madagascar_baobab_avenue_lemurs.py,make_obj,46,53,True,python,unreviewed
AuroraIA/application/python-services/proc_madagascar_baobab_avenue_lemurs.py,beveled_cube,55,62,True,python,unreviewed
AuroraIA/application/python-services/proc_madagascar_baobab_avenue_lemurs.py,smooth_sphere,64,69,True,python,unreviewed
AuroraIA/application/python-services/proc_madagascar_baobab_avenue_lemurs.py,smooth_cone,71,74,True,python,unreviewed
AuroraIA/application/python-services/proc_madagascar_baobab_avenue_lemurs.py,cyl,76,77,True,python,unreviewed
AuroraIA/application/python-services/proc_madagascar_baobab_avenue_lemurs.py,empty,79,84,True,python,unreviewed
AuroraIA/application/python-services/proc_madagascar_baobab_avenue_lemurs.py,make_baobab,187,236,True,python,unreviewed
AuroraIA/application/python-services/proc_madagascar_baobab_avenue_lemurs.py,make_sifaka,253,313,True,python,unreviewed
AuroraIA/application/python-services/proc_madagascar_baobab_avenue_lemurs.py,make_chameleon,323,378,True,python,unreviewed
AuroraIA/application/python-services/proc_madagascar_baobab_avenue_lemurs.py,make_villager,383,430,True,python,unreviewed
AuroraIA/application/python-services/proc_madagascar_baobab_avenue_lemurs.py,make_house,440,477,True,python,unreviewed
AuroraIA/application/python-services/proc_mailbox.py,_find_blender,19,24,False,python,unreviewed
AuroraIA/application/python-services/proc_mailbox.py,make_mailbox,277,297,True,python,unreviewed
AuroraIA/application/python-services/proc_mailbox.py,main,300,306,True,python,unreviewed
AuroraIA/application/python-services/proc_maldives_overwater_bungalows_reef.py,reset,10,16,True,python,unreviewed
AuroraIA/application/python-services/proc_maldives_overwater_bungalows_reef.py,mat,18,35,True,python,unreviewed
AuroraIA/application/python-services/proc_maldives_overwater_bungalows_reef.py,smooth_shade,37,44,True,python,unreviewed
AuroraIA/application/python-services/proc_maldives_overwater_bungalows_reef.py,make_obj,46,53,True,python,unreviewed
AuroraIA/application/python-services/proc_maldives_overwater_bungalows_reef.py,beveled_cube,55,62,True,python,unreviewed
AuroraIA/application/python-services/proc_maldives_overwater_bungalows_reef.py,smooth_sphere,64,69,True,python,unreviewed
AuroraIA/application/python-services/proc_maldives_overwater_bungalows_reef.py,smooth_cone,71,74,True,python,unreviewed
AuroraIA/application/python-services/proc_maldives_overwater_bungalows_reef.py,cyl,76,77,True,python,unreviewed
AuroraIA/application/python-services/proc_maldives_overwater_bungalows_reef.py,empty,79,84,True,python,unreviewed
AuroraIA/application/python-services/proc_maldives_overwater_bungalows_reef.py,make_bungalow,198,254,True,python,unreviewed
AuroraIA/application/python-services/proc_maldives_overwater_bungalows_reef.py,make_palm,277,309,True,python,unreviewed
AuroraIA/application/python-services/proc_maldives_overwater_bungalows_reef.py,make_tourist,350,418,True,python,unreviewed
AuroraIA/application/python-services/proc_maori_new_zealand_haka_warriors.py,reset,10,16,True,python,unreviewed
AuroraIA/application/python-services/proc_maori_new_zealand_haka_warriors.py,mat,18,35,True,python,unreviewed
AuroraIA/application/python-services/proc_maori_new_zealand_haka_warriors.py,smooth_shade,37,44,True,python,unreviewed
AuroraIA/application/python-services/proc_maori_new_zealand_haka_warriors.py,make_obj,46,53,True,python,unreviewed
AuroraIA/application/python-services/proc_maori_new_zealand_haka_warriors.py,beveled_cube,55,62,True,python,unreviewed
AuroraIA/application/python-services/proc_maori_new_zealand_haka_warriors.py,smooth_sphere,64,69,True,python,unreviewed
AuroraIA/application/python-services/proc_maori_new_zealand_haka_warriors.py,smooth_cone,71,74,True,python,unreviewed
AuroraIA/application/python-services/proc_maori_new_zealand_haka_warriors.py,cyl,76,77,True,python,unreviewed
AuroraIA/application/python-services/proc_maori_new_zealand_haka_warriors.py,empty,79,84,True,python,unreviewed
AuroraIA/application/python-services/proc_maori_new_zealand_haka_warriors.py,make_mt_cook,192,211,True,python,unreviewed
AuroraIA/application/python-services/proc_maori_new_zealand_haka_warriors.py,make_marae,219,283,True,python,unreviewed
AuroraIA/application/python-services/proc_maori_new_zealand_haka_warriors.py,make_haka_warrior,290,412,True,python,unreviewed
AuroraIA/application/python-services/proc_mars_rover.py,_find_blender,20,25,False,python,unreviewed
AuroraIA/application/python-services/proc_mars_rover.py,make_rover,280,300,True,python,unreviewed
AuroraIA/application/python-services/proc_mars_rover.py,main,303,309,True,python,unreviewed
AuroraIA/application/python-services/proc_mayan_temple_jungle.py,reset,10,16,True,python,unreviewed
AuroraIA/application/python-services/proc_mayan_temple_jungle.py,mat,18,40,True,python,unreviewed
AuroraIA/application/python-services/proc_mayan_temple_jungle.py,smooth_shade,42,49,True,python,unreviewed
AuroraIA/application/python-services/proc_mayan_temple_jungle.py,make_obj,51,58,True,python,unreviewed
AuroraIA/application/python-services/proc_mayan_temple_jungle.py,beveled_cube,60,67,True,python,unreviewed
AuroraIA/application/python-services/proc_mayan_temple_jungle.py,smooth_sphere,69,74,True,python,unreviewed
AuroraIA/application/python-services/proc_mayan_temple_jungle.py,smooth_cone,76,79,True,python,unreviewed
AuroraIA/application/python-services/proc_mayan_temple_jungle.py,cyl,81,82,True,python,unreviewed
AuroraIA/application/python-services/proc_mayan_temple_jungle.py,empty,84,89,True,python,unreviewed
AuroraIA/application/python-services/proc_mayan_temple_jungle.py,make_jaguar_statue,263,305,True,python,unreviewed
AuroraIA/application/python-services/proc_mayan_temple_jungle.py,make_priest,362,429,True,python,unreviewed
AuroraIA/application/python-services/proc_mayan_temple_jungle.py,make_parrot,540,565,True,python,unreviewed
AuroraIA/application/python-services/proc_mech_battle_arena.py,make_mat,53,67,True,python,unreviewed
AuroraIA/application/python-services/proc_mech_battle_arena.py,add_obj,70,75,True,python,unreviewed
AuroraIA/application/python-services/proc_mech_battle_arena.py,empty,78,84,True,python,unreviewed
AuroraIA/application/python-services/proc_mech_battle_arena.py,smooth_shade,87,94,True,python,unreviewed
AuroraIA/application/python-services/proc_mech_battle_arena.py,beveled_cube,97,110,True,python,unreviewed
AuroraIA/application/python-services/proc_mech_battle_arena.py,smooth_sphere,113,126,True,python,unreviewed
AuroraIA/application/python-services/proc_mech_battle_arena.py,smooth_cone,129,140,True,python,unreviewed
AuroraIA/application/python-services/proc_mech_battle_arena.py,build_mech,204,277,True,python,unreviewed
AuroraIA/application/python-services/proc_mech_battle_arena.py,kf,438,447,True,python,unreviewed
AuroraIA/application/python-services/proc_medieval_feast_tavern.py,make_mat,47,61,True,python,unreviewed
AuroraIA/application/python-services/proc_medieval_feast_tavern.py,add_obj,64,69,True,python,unreviewed
AuroraIA/application/python-services/proc_medieval_feast_tavern.py,empty,72,78,True,python,unreviewed
AuroraIA/application/python-services/proc_medieval_feast_tavern.py,smooth_shade,81,88,True,python,unreviewed
AuroraIA/application/python-services/proc_medieval_feast_tavern.py,beveled_cube,91,104,True,python,unreviewed
AuroraIA/application/python-services/proc_medieval_feast_tavern.py,smooth_sphere,107,120,True,python,unreviewed
AuroraIA/application/python-services/proc_medieval_feast_tavern.py,smooth_cone,123,134,True,python,unreviewed
AuroraIA/application/python-services/proc_medieval_feast_tavern.py,kf,439,448,True,python,unreviewed
AuroraIA/application/python-services/proc_medieval_king_coronation.py,reset,9,15,True,python,unreviewed
AuroraIA/application/python-services/proc_medieval_king_coronation.py,mat,17,39,True,python,unreviewed
AuroraIA/application/python-services/proc_medieval_king_coronation.py,smooth_shade,41,48,True,python,unreviewed
AuroraIA/application/python-services/proc_medieval_king_coronation.py,make_obj,50,57,True,python,unreviewed
AuroraIA/application/python-services/proc_medieval_king_coronation.py,beveled_cube,59,66,True,python,unreviewed
AuroraIA/application/python-services/proc_medieval_king_coronation.py,smooth_sphere,68,73,True,python,unreviewed
AuroraIA/application/python-services/proc_medieval_king_coronation.py,smooth_cone,75,78,True,python,unreviewed
AuroraIA/application/python-services/proc_medieval_king_coronation.py,cyl,80,81,True,python,unreviewed
AuroraIA/application/python-services/proc_medieval_king_coronation.py,empty,83,88,True,python,unreviewed
AuroraIA/application/python-services/proc_medieval_king_coronation.py,make_vitrail,253,305,True,python,unreviewed
AuroraIA/application/python-services/proc_medieval_king_coronation.py,make_noble,735,805,True,python,unreviewed
AuroraIA/application/python-services/proc_medieval_king_coronation.py,make_lady,832,889,True,python,unreviewed
AuroraIA/application/python-services/proc_medieval_king_coronation.py,make_guard,908,983,True,python,unreviewed
AuroraIA/application/python-services/proc_meteor_impact_crater_dinosaurs.py,reset,9,15,True,python,unreviewed
AuroraIA/application/python-services/proc_meteor_impact_crater_dinosaurs.py,mat,17,39,True,python,unreviewed
AuroraIA/application/python-services/proc_meteor_impact_crater_dinosaurs.py,smooth_shade,41,48,True,python,unreviewed
AuroraIA/application/python-services/proc_meteor_impact_crater_dinosaurs.py,make_obj,50,58,True,python,unreviewed
AuroraIA/application/python-services/proc_meteor_impact_crater_dinosaurs.py,beveled_cube,60,67,True,python,unreviewed
AuroraIA/application/python-services/proc_meteor_impact_crater_dinosaurs.py,smooth_sphere,69,74,True,python,unreviewed
AuroraIA/application/python-services/proc_meteor_impact_crater_dinosaurs.py,smooth_cone,76,79,True,python,unreviewed
AuroraIA/application/python-services/proc_meteor_impact_crater_dinosaurs.py,cyl,81,82,True,python,unreviewed
AuroraIA/application/python-services/proc_meteor_impact_crater_dinosaurs.py,empty,84,89,True,python,unreviewed
AuroraIA/application/python-services/proc_meteor_impact_crater_dinosaurs.py,make_jurassic_tree,238,278,True,python,unreviewed
AuroraIA/application/python-services/proc_meteor_impact_crater_dinosaurs.py,make_trex,316,399,True,python,unreviewed
AuroraIA/application/python-services/proc_meteor_impact_crater_dinosaurs.py,make_trice,404,464,True,python,unreviewed
AuroraIA/application/python-services/proc_meteor_impact_crater_dinosaurs.py,make_raptor,469,535,True,python,unreviewed
AuroraIA/application/python-services/proc_meteor_impact_crater_dinosaurs.py,animate_dino_run,711,736,True,python,unreviewed
AuroraIA/application/python-services/proc_mexican_dia_de_muertos.py,reset,10,16,True,python,unreviewed
AuroraIA/application/python-services/proc_mexican_dia_de_muertos.py,mat,18,35,True,python,unreviewed
AuroraIA/application/python-services/proc_mexican_dia_de_muertos.py,smooth_shade,37,44,True,python,unreviewed
AuroraIA/application/python-services/proc_mexican_dia_de_muertos.py,make_obj,46,53,True,python,unreviewed
AuroraIA/application/python-services/proc_mexican_dia_de_muertos.py,beveled_cube,55,62,True,python,unreviewed
AuroraIA/application/python-services/proc_mexican_dia_de_muertos.py,smooth_sphere,64,69,True,python,unreviewed
AuroraIA/application/python-services/proc_mexican_dia_de_muertos.py,smooth_cone,71,74,True,python,unreviewed
AuroraIA/application/python-services/proc_mexican_dia_de_muertos.py,cyl,76,77,True,python,unreviewed
AuroraIA/application/python-services/proc_mexican_dia_de_muertos.py,empty,79,84,True,python,unreviewed
AuroraIA/application/python-services/proc_mexican_dia_de_muertos.py,make_catrina,265,381,True,python,unreviewed
AuroraIA/application/python-services/proc_mexican_dia_de_muertos.py,make_mariachi,393,544,True,python,unreviewed
AuroraIA/application/python-services/proc_mexican_dia_de_muertos.py,make_skeleton_child,730,774,True,python,unreviewed
AuroraIA/application/python-services/proc_microscope.py,_find_blender,19,24,False,python,unreviewed
AuroraIA/application/python-services/proc_microscope.py,make_microscope,219,239,True,python,unreviewed
AuroraIA/application/python-services/proc_microscope.py,main,242,248,True,python,unreviewed
AuroraIA/application/python-services/proc_microwave.py,_find_blender,20,25,False,python,unreviewed
AuroraIA/application/python-services/proc_microwave.py,make_microwave,309,329,True,python,unreviewed
AuroraIA/application/python-services/proc_microwave.py,main,332,338,True,python,unreviewed
AuroraIA/application/python-services/proc_minecart_underground_gold_mine.py,reset,9,15,True,python,unreviewed
AuroraIA/application/python-services/proc_minecart_underground_gold_mine.py,mat,17,39,True,python,unreviewed
AuroraIA/application/python-services/proc_minecart_underground_gold_mine.py,smooth_shade,41,48,True,python,unreviewed
AuroraIA/application/python-services/proc_minecart_underground_gold_mine.py,make_obj,50,57,True,python,unreviewed
AuroraIA/application/python-services/proc_minecart_underground_gold_mine.py,beveled_cube,59,66,True,python,unreviewed
AuroraIA/application/python-services/proc_minecart_underground_gold_mine.py,smooth_sphere,68,73,True,python,unreviewed
AuroraIA/application/python-services/proc_minecart_underground_gold_mine.py,smooth_cone,75,78,True,python,unreviewed
AuroraIA/application/python-services/proc_minecart_underground_gold_mine.py,cyl,80,81,True,python,unreviewed
AuroraIA/application/python-services/proc_minecart_underground_gold_mine.py,empty,83,88,True,python,unreviewed
AuroraIA/application/python-services/proc_minecart_underground_gold_mine.py,make_minecart,266,338,True,python,unreviewed
AuroraIA/application/python-services/proc_minecart_underground_gold_mine.py,make_miner,350,459,True,python,unreviewed
AuroraIA/application/python-services/proc_mongol_horde_steppe.py,reset,9,15,True,python,unreviewed
AuroraIA/application/python-services/proc_mongol_horde_steppe.py,mat,17,39,True,python,unreviewed
AuroraIA/application/python-services/proc_mongol_horde_steppe.py,smooth_shade,41,48,True,python,unreviewed
AuroraIA/application/python-services/proc_mongol_horde_steppe.py,make_obj,50,57,True,python,unreviewed
AuroraIA/application/python-services/proc_mongol_horde_steppe.py,beveled_cube,59,66,True,python,unreviewed
AuroraIA/application/python-services/proc_mongol_horde_steppe.py,smooth_sphere,68,73,True,python,unreviewed
AuroraIA/application/python-services/proc_mongol_horde_steppe.py,smooth_cone,75,78,True,python,unreviewed
AuroraIA/application/python-services/proc_mongol_horde_steppe.py,cyl,80,81,True,python,unreviewed
AuroraIA/application/python-services/proc_mongol_horde_steppe.py,empty,83,88,True,python,unreviewed
AuroraIA/application/python-services/proc_mongol_horde_steppe.py,make_yurt,222,255,True,python,unreviewed
AuroraIA/application/python-services/proc_mongol_horde_steppe.py,make_horse,306,373,True,python,unreviewed
AuroraIA/application/python-services/proc_mongol_horde_steppe.py,make_mongol,376,527,True,python,unreviewed
AuroraIA/application/python-services/proc_mongolian_steppe_nomads_eagles.py,reset,10,16,True,python,unreviewed
AuroraIA/application/python-services/proc_mongolian_steppe_nomads_eagles.py,mat,18,35,True,python,unreviewed
AuroraIA/application/python-services/proc_mongolian_steppe_nomads_eagles.py,smooth_shade,37,44,True,python,unreviewed
AuroraIA/application/python-services/proc_mongolian_steppe_nomads_eagles.py,make_obj,46,53,True,python,unreviewed
AuroraIA/application/python-services/proc_mongolian_steppe_nomads_eagles.py,beveled_cube,55,62,True,python,unreviewed
AuroraIA/application/python-services/proc_mongolian_steppe_nomads_eagles.py,smooth_sphere,64,69,True,python,unreviewed
AuroraIA/application/python-services/proc_mongolian_steppe_nomads_eagles.py,smooth_cone,71,74,True,python,unreviewed
AuroraIA/application/python-services/proc_mongolian_steppe_nomads_eagles.py,cyl,76,77,True,python,unreviewed
AuroraIA/application/python-services/proc_mongolian_steppe_nomads_eagles.py,empty,79,84,True,python,unreviewed
AuroraIA/application/python-services/proc_mongolian_steppe_nomads_eagles.py,make_ger,206,246,True,python,unreviewed
AuroraIA/application/python-services/proc_mongolian_steppe_nomads_eagles.py,make_horse,254,319,True,python,unreviewed
AuroraIA/application/python-services/proc_mongolian_steppe_nomads_eagles.py,make_rider_on_horse,321,387,True,python,unreviewed
AuroraIA/application/python-services/proc_mongolian_steppe_nomads_eagles.py,make_wrestler,397,455,True,python,unreviewed
AuroraIA/application/python-services/proc_moon_lander.py,_find_blender,20,25,False,python,unreviewed
AuroraIA/application/python-services/proc_moon_lander.py,make_lm,311,331,True,python,unreviewed
AuroraIA/application/python-services/proc_moon_lander.py,main,334,340,True,python,unreviewed
AuroraIA/application/python-services/proc_moroccan_marrakech_souk_medina.py,reset,10,16,True,python,unreviewed
AuroraIA/application/python-services/proc_moroccan_marrakech_souk_medina.py,mat,18,35,True,python,unreviewed
AuroraIA/application/python-services/proc_moroccan_marrakech_souk_medina.py,smooth_shade,37,44,True,python,unreviewed
AuroraIA/application/python-services/proc_moroccan_marrakech_souk_medina.py,make_obj,46,53,True,python,unreviewed
AuroraIA/application/python-services/proc_moroccan_marrakech_souk_medina.py,beveled_cube,55,62,True,python,unreviewed
AuroraIA/application/python-services/proc_moroccan_marrakech_souk_medina.py,smooth_sphere,64,69,True,python,unreviewed
AuroraIA/application/python-services/proc_moroccan_marrakech_souk_medina.py,smooth_cone,71,74,True,python,unreviewed
AuroraIA/application/python-services/proc_moroccan_marrakech_souk_medina.py,cyl,76,77,True,python,unreviewed
AuroraIA/application/python-services/proc_moroccan_marrakech_souk_medina.py,empty,79,84,True,python,unreviewed
AuroraIA/application/python-services/proc_moroccan_marrakech_souk_medina.py,make_souk_stall,298,393,True,python,unreviewed
AuroraIA/application/python-services/proc_moroccan_marrakech_souk_medina.py,make_merchant,433,494,True,python,unreviewed
AuroraIA/application/python-services/proc_moroccan_marrakech_souk_medina.py,make_woman_morocco,505,564,True,python,unreviewed
AuroraIA/application/python-services/proc_moroccan_marrakech_souk_medina.py,make_musician_m,574,635,True,python,unreviewed
AuroraIA/application/python-services/proc_moroccan_marrakech_souk_medina.py,make_cat,696,724,True,python,unreviewed
AuroraIA/application/python-services/proc_moroccan_medina_souk.py,reset,10,16,True,python,unreviewed
AuroraIA/application/python-services/proc_moroccan_medina_souk.py,mat,18,40,True,python,unreviewed
AuroraIA/application/python-services/proc_moroccan_medina_souk.py,smooth_shade,42,49,True,python,unreviewed
AuroraIA/application/python-services/proc_moroccan_medina_souk.py,make_obj,51,58,True,python,unreviewed
AuroraIA/application/python-services/proc_moroccan_medina_souk.py,beveled_cube,60,67,True,python,unreviewed
AuroraIA/application/python-services/proc_moroccan_medina_souk.py,smooth_sphere,69,74,True,python,unreviewed
AuroraIA/application/python-services/proc_moroccan_medina_souk.py,smooth_cone,76,79,True,python,unreviewed
AuroraIA/application/python-services/proc_moroccan_medina_souk.py,cyl,81,82,True,python,unreviewed
AuroraIA/application/python-services/proc_moroccan_medina_souk.py,empty,84,89,True,python,unreviewed
AuroraIA/application/python-services/proc_moroccan_medina_souk.py,make_archway,211,231,True,python,unreviewed
AuroraIA/application/python-services/proc_moroccan_medina_souk.py,make_stall,297,344,True,python,unreviewed
AuroraIA/application/python-services/proc_moroccan_medina_souk.py,make_merchant,363,433,True,python,unreviewed
AuroraIA/application/python-services/proc_moroccan_medina_souk.py,make_donkey,457,505,True,python,unreviewed
AuroraIA/application/python-services/proc_moroccan_medina_souk.py,make_cat,515,550,True,python,unreviewed
AuroraIA/application/python-services/proc_motorcycle_chopper.py,make_mat,53,67,True,python,unreviewed
AuroraIA/application/python-services/proc_motorcycle_chopper.py,add_obj,70,75,True,python,unreviewed
AuroraIA/application/python-services/proc_motorcycle_chopper.py,empty,78,84,True,python,unreviewed
AuroraIA/application/python-services/proc_motorcycle_chopper.py,smooth_shade,87,95,True,python,unreviewed
AuroraIA/application/python-services/proc_motorcycle_chopper.py,beveled_cube,98,119,True,python,unreviewed
AuroraIA/application/python-services/proc_motorcycle_chopper.py,smooth_sphere,122,135,True,python,unreviewed
AuroraIA/application/python-services/proc_motorcycle_chopper.py,smooth_cone,138,149,True,python,unreviewed
AuroraIA/application/python-services/proc_motorcycle_chopper.py,make_tank,263,275,True,python,unreviewed
AuroraIA/application/python-services/proc_motorcycle_chopper.py,make_saddle,331,342,True,python,unreviewed
AuroraIA/application/python-services/proc_motorcycle_chopper.py,kf_loc,431,433,True,python,unreviewed
AuroraIA/application/python-services/proc_motorcycle_chopper.py,kf_scale,436,438,True,python,unreviewed
AuroraIA/application/python-services/proc_motorcycle_chopper.py,kf_rot,441,443,True,python,unreviewed
AuroraIA/application/python-services/proc_mushroom_forest.py,make_mat,41,55,True,python,unreviewed
AuroraIA/application/python-services/proc_mushroom_forest.py,add_obj,58,63,True,python,unreviewed
AuroraIA/application/python-services/proc_mushroom_forest.py,empty,66,72,True,python,unreviewed
AuroraIA/application/python-services/proc_mushroom_forest.py,cube,75,85,True,python,unreviewed
AuroraIA/application/python-services/proc_mushroom_forest.py,sphere,88,98,True,python,unreviewed
AuroraIA/application/python-services/proc_mushroom_forest.py,cone,101,111,True,python,unreviewed
AuroraIA/application/python-services/proc_mushroom_forest.py,make_mushroom,184,210,True,python,unreviewed
AuroraIA/application/python-services/proc_mushroom_forest.py,make_rabbit,295,310,True,python,unreviewed
AuroraIA/application/python-services/proc_mushroom_forest.py,kf_loc,344,346,True,python,unreviewed
AuroraIA/application/python-services/proc_mushroom_forest.py,kf_scale,349,351,True,python,unreviewed
AuroraIA/application/python-services/proc_mushroom_forest.py,kf_rot,354,356,True,python,unreviewed
AuroraIA/application/python-services/proc_nebula_space_colony.py,make_mat,48,62,True,python,unreviewed
AuroraIA/application/python-services/proc_nebula_space_colony.py,add_obj,65,70,True,python,unreviewed
AuroraIA/application/python-services/proc_nebula_space_colony.py,empty,73,79,True,python,unreviewed
AuroraIA/application/python-services/proc_nebula_space_colony.py,smooth_shade,82,89,True,python,unreviewed
AuroraIA/application/python-services/proc_nebula_space_colony.py,beveled_cube,92,105,True,python,unreviewed
AuroraIA/application/python-services/proc_nebula_space_colony.py,smooth_sphere,108,121,True,python,unreviewed
AuroraIA/application/python-services/proc_nebula_space_colony.py,smooth_cone,124,135,True,python,unreviewed
AuroraIA/application/python-services/proc_nebula_space_colony.py,kf,395,404,True,python,unreviewed
AuroraIA/application/python-services/proc_neon_arcade.py,make_mat,39,53,True,python,unreviewed
AuroraIA/application/python-services/proc_neon_arcade.py,add_obj,56,61,True,python,unreviewed
AuroraIA/application/python-services/proc_neon_arcade.py,empty,64,70,True,python,unreviewed
AuroraIA/application/python-services/proc_neon_arcade.py,cube,73,83,True,python,unreviewed
AuroraIA/application/python-services/proc_neon_arcade.py,sphere,86,96,True,python,unreviewed
AuroraIA/application/python-services/proc_neon_arcade.py,cone,99,109,True,python,unreviewed
AuroraIA/application/python-services/proc_neon_arcade.py,make_arcade,213,241,True,python,unreviewed
AuroraIA/application/python-services/proc_neon_arcade.py,make_person,404,417,True,python,unreviewed
AuroraIA/application/python-services/proc_neon_arcade.py,kf_loc,430,432,True,python,unreviewed
AuroraIA/application/python-services/proc_neon_arcade.py,kf_scale,435,437,True,python,unreviewed
AuroraIA/application/python-services/proc_neon_arcade.py,kf_rot,440,442,True,python,unreviewed
AuroraIA/application/python-services/proc_nepalese_kathmandu_durbar_square.py,reset,10,16,True,python,unreviewed
AuroraIA/application/python-services/proc_nepalese_kathmandu_durbar_square.py,mat,18,35,True,python,unreviewed
AuroraIA/application/python-services/proc_nepalese_kathmandu_durbar_square.py,smooth_shade,37,44,True,python,unreviewed
AuroraIA/application/python-services/proc_nepalese_kathmandu_durbar_square.py,make_obj,46,53,True,python,unreviewed
AuroraIA/application/python-services/proc_nepalese_kathmandu_durbar_square.py,beveled_cube,55,62,True,python,unreviewed
AuroraIA/application/python-services/proc_nepalese_kathmandu_durbar_square.py,smooth_sphere,64,69,True,python,unreviewed
AuroraIA/application/python-services/proc_nepalese_kathmandu_durbar_square.py,smooth_cone,71,74,True,python,unreviewed
AuroraIA/application/python-services/proc_nepalese_kathmandu_durbar_square.py,cyl,76,77,True,python,unreviewed
AuroraIA/application/python-services/proc_nepalese_kathmandu_durbar_square.py,empty,79,84,True,python,unreviewed
AuroraIA/application/python-services/proc_nepalese_kathmandu_durbar_square.py,make_everest,170,189,True,python,unreviewed
AuroraIA/application/python-services/proc_nepalese_kathmandu_durbar_square.py,make_newar_pagoda,210,299,True,python,unreviewed
AuroraIA/application/python-services/proc_nepalese_kathmandu_durbar_square.py,make_sadhu,307,393,True,python,unreviewed
AuroraIA/application/python-services/proc_nepalese_kathmandu_durbar_square.py,make_nepali_woman,403,468,True,python,unreviewed
AuroraIA/application/python-services/proc_nepalese_kathmandu_durbar_square.py,make_hanuman,478,524,True,python,unreviewed
AuroraIA/application/python-services/proc_new_orleans_jazz_mardi_gras.py,reset,10,16,True,python,unreviewed
AuroraIA/application/python-services/proc_new_orleans_jazz_mardi_gras.py,mat,18,35,True,python,unreviewed
AuroraIA/application/python-services/proc_new_orleans_jazz_mardi_gras.py,smooth_shade,37,44,True,python,unreviewed
AuroraIA/application/python-services/proc_new_orleans_jazz_mardi_gras.py,make_obj,46,53,True,python,unreviewed
AuroraIA/application/python-services/proc_new_orleans_jazz_mardi_gras.py,beveled_cube,55,62,True,python,unreviewed
AuroraIA/application/python-services/proc_new_orleans_jazz_mardi_gras.py,smooth_sphere,64,69,True,python,unreviewed
AuroraIA/application/python-services/proc_new_orleans_jazz_mardi_gras.py,smooth_cone,71,74,True,python,unreviewed
AuroraIA/application/python-services/proc_new_orleans_jazz_mardi_gras.py,cyl,76,77,True,python,unreviewed
AuroraIA/application/python-services/proc_new_orleans_jazz_mardi_gras.py,empty,79,84,True,python,unreviewed
AuroraIA/application/python-services/proc_new_orleans_jazz_mardi_gras.py,make_facade,223,291,True,python,unreviewed
AuroraIA/application/python-services/proc_new_orleans_jazz_mardi_gras.py,make_gas_lamp,302,330,True,python,unreviewed
AuroraIA/application/python-services/proc_new_orleans_jazz_mardi_gras.py,make_jazz_musician,337,468,True,python,unreviewed
AuroraIA/application/python-services/proc_new_orleans_jazz_mardi_gras.py,make_masked_dancer,478,565,True,python,unreviewed
AuroraIA/application/python-services/proc_newtons_cradle.py,_find_blender,20,25,False,python,unreviewed
AuroraIA/application/python-services/proc_newtons_cradle.py,make_newton,223,243,True,python,unreviewed
AuroraIA/application/python-services/proc_newtons_cradle.py,main,246,252,True,python,unreviewed
AuroraIA/application/python-services/proc_norse_yggdrasil_world_tree.py,reset,10,16,True,python,unreviewed
AuroraIA/application/python-services/proc_norse_yggdrasil_world_tree.py,mat,18,40,True,python,unreviewed
AuroraIA/application/python-services/proc_norse_yggdrasil_world_tree.py,smooth_shade,42,49,True,python,unreviewed
AuroraIA/application/python-services/proc_norse_yggdrasil_world_tree.py,make_obj,51,58,True,python,unreviewed
AuroraIA/application/python-services/proc_norse_yggdrasil_world_tree.py,beveled_cube,60,67,True,python,unreviewed
AuroraIA/application/python-services/proc_norse_yggdrasil_world_tree.py,smooth_sphere,69,74,True,python,unreviewed
AuroraIA/application/python-services/proc_norse_yggdrasil_world_tree.py,smooth_cone,76,79,True,python,unreviewed
AuroraIA/application/python-services/proc_norse_yggdrasil_world_tree.py,cyl,81,82,True,python,unreviewed
AuroraIA/application/python-services/proc_norse_yggdrasil_world_tree.py,empty,84,89,True,python,unreviewed
AuroraIA/application/python-services/proc_norse_yggdrasil_world_tree.py,make_norn,434,483,True,python,unreviewed
AuroraIA/application/python-services/proc_norse_yggdrasil_world_tree.py,make_raven,604,637,True,python,unreviewed
AuroraIA/application/python-services/proc_norwegian_fjord_viking_ship.py,reset,10,16,True,python,unreviewed
AuroraIA/application/python-services/proc_norwegian_fjord_viking_ship.py,mat,18,35,True,python,unreviewed
AuroraIA/application/python-services/proc_norwegian_fjord_viking_ship.py,smooth_shade,37,44,True,python,unreviewed
AuroraIA/application/python-services/proc_norwegian_fjord_viking_ship.py,make_obj,46,53,True,python,unreviewed
AuroraIA/application/python-services/proc_norwegian_fjord_viking_ship.py,beveled_cube,55,62,True,python,unreviewed
AuroraIA/application/python-services/proc_norwegian_fjord_viking_ship.py,smooth_sphere,64,69,True,python,unreviewed
AuroraIA/application/python-services/proc_norwegian_fjord_viking_ship.py,smooth_cone,71,74,True,python,unreviewed
AuroraIA/application/python-services/proc_norwegian_fjord_viking_ship.py,cyl,76,77,True,python,unreviewed
AuroraIA/application/python-services/proc_norwegian_fjord_viking_ship.py,empty,79,84,True,python,unreviewed
AuroraIA/application/python-services/proc_norwegian_fjord_viking_ship.py,make_cliff,267,284,True,python,unreviewed
AuroraIA/application/python-services/proc_norwegian_fjord_viking_ship.py,make_rower,381,448,True,python,unreviewed
AuroraIA/application/python-services/proc_norwegian_fjord_viking_ship.py,make_turf_house,518,567,True,python,unreviewed
AuroraIA/application/python-services/proc_norwegian_fjord_viking_village.py,reset,10,16,True,python,unreviewed
AuroraIA/application/python-services/proc_norwegian_fjord_viking_village.py,mat,18,40,True,python,unreviewed
AuroraIA/application/python-services/proc_norwegian_fjord_viking_village.py,smooth_shade,42,49,True,python,unreviewed
AuroraIA/application/python-services/proc_norwegian_fjord_viking_village.py,make_obj,51,58,True,python,unreviewed
AuroraIA/application/python-services/proc_norwegian_fjord_viking_village.py,beveled_cube,60,67,True,python,unreviewed
AuroraIA/application/python-services/proc_norwegian_fjord_viking_village.py,smooth_sphere,69,74,True,python,unreviewed
AuroraIA/application/python-services/proc_norwegian_fjord_viking_village.py,smooth_cone,76,79,True,python,unreviewed
AuroraIA/application/python-services/proc_norwegian_fjord_viking_village.py,cyl,81,82,True,python,unreviewed
AuroraIA/application/python-services/proc_norwegian_fjord_viking_village.py,empty,84,89,True,python,unreviewed
AuroraIA/application/python-services/proc_norwegian_fjord_viking_village.py,make_drakkar,299,397,True,python,unreviewed
AuroraIA/application/python-services/proc_norwegian_fjord_viking_village.py,make_longhouse,409,460,True,python,unreviewed
AuroraIA/application/python-services/proc_norwegian_fjord_viking_village.py,make_viking,543,691,True,python,unreviewed
AuroraIA/application/python-services/proc_norwegian_fjord_viking_village.py,make_goat,727,762,True,python,unreviewed
AuroraIA/application/python-services/proc_norwegian_fjord_viking_village.py,make_pig,771,806,True,python,unreviewed
AuroraIA/application/python-services/proc_observatory.py,make_mat,40,54,True,python,unreviewed
AuroraIA/application/python-services/proc_observatory.py,add_obj,57,62,True,python,unreviewed
AuroraIA/application/python-services/proc_observatory.py,empty,65,71,True,python,unreviewed
AuroraIA/application/python-services/proc_observatory.py,cube,74,84,True,python,unreviewed
AuroraIA/application/python-services/proc_observatory.py,sphere,87,97,True,python,unreviewed
AuroraIA/application/python-services/proc_observatory.py,cone,100,110,True,python,unreviewed
AuroraIA/application/python-services/proc_observatory.py,make_car,332,347,True,python,unreviewed
AuroraIA/application/python-services/proc_observatory.py,kf_loc,380,382,True,python,unreviewed
AuroraIA/application/python-services/proc_observatory.py,kf_scale,385,387,True,python,unreviewed
AuroraIA/application/python-services/proc_observatory.py,kf_rot,390,392,True,python,unreviewed
AuroraIA/application/python-services/proc_octopus_giant.py,make_mat,39,53,True,python,unreviewed
AuroraIA/application/python-services/proc_octopus_giant.py,add_obj,56,61,True,python,unreviewed
AuroraIA/application/python-services/proc_octopus_giant.py,empty,64,70,True,python,unreviewed
AuroraIA/application/python-services/proc_octopus_giant.py,smooth_shade,73,80,True,python,unreviewed
AuroraIA/application/python-services/proc_octopus_giant.py,beveled_cube,83,96,True,python,unreviewed
AuroraIA/application/python-services/proc_octopus_giant.py,smooth_sphere,99,112,True,python,unreviewed
AuroraIA/application/python-services/proc_octopus_giant.py,smooth_cone,115,126,True,python,unreviewed
AuroraIA/application/python-services/proc_octopus_giant.py,make_body,219,230,True,python,unreviewed
AuroraIA/application/python-services/proc_octopus_giant.py,kf_loc,309,311,True,python,unreviewed
AuroraIA/application/python-services/proc_octopus_giant.py,kf_scale,314,316,True,python,unreviewed
AuroraIA/application/python-services/proc_octopus_giant.py,kf_rot,319,321,True,python,unreviewed
AuroraIA/application/python-services/proc_origami_paper_workshop.py,make_mat,48,62,True,python,unreviewed
AuroraIA/application/python-services/proc_origami_paper_workshop.py,add_obj,65,70,True,python,unreviewed
AuroraIA/application/python-services/proc_origami_paper_workshop.py,empty,73,79,True,python,unreviewed
AuroraIA/application/python-services/proc_origami_paper_workshop.py,smooth_shade,82,89,True,python,unreviewed
AuroraIA/application/python-services/proc_origami_paper_workshop.py,beveled_cube,92,105,True,python,unreviewed
AuroraIA/application/python-services/proc_origami_paper_workshop.py,smooth_sphere,108,121,True,python,unreviewed
AuroraIA/application/python-services/proc_origami_paper_workshop.py,smooth_cone,124,135,True,python,unreviewed
AuroraIA/application/python-services/proc_origami_paper_workshop.py,make_origami,138,217,True,python,unreviewed
AuroraIA/application/python-services/proc_origami_paper_workshop.py,kf,442,451,True,python,unreviewed
AuroraIA/application/python-services/proc_ouzbekistan_samarkand_silk_road.py,reset,10,16,True,python,unreviewed
AuroraIA/application/python-services/proc_ouzbekistan_samarkand_silk_road.py,mat,18,35,True,python,unreviewed
AuroraIA/application/python-services/proc_ouzbekistan_samarkand_silk_road.py,smooth_shade,37,44,True,python,unreviewed
AuroraIA/application/python-services/proc_ouzbekistan_samarkand_silk_road.py,make_obj,46,53,True,python,unreviewed
AuroraIA/application/python-services/proc_ouzbekistan_samarkand_silk_road.py,beveled_cube,55,63,True,python,unreviewed
AuroraIA/application/python-services/proc_ouzbekistan_samarkand_silk_road.py,smooth_sphere,65,71,True,python,unreviewed
AuroraIA/application/python-services/proc_ouzbekistan_samarkand_silk_road.py,smooth_cone,73,77,True,python,unreviewed
AuroraIA/application/python-services/proc_ouzbekistan_samarkand_silk_road.py,cyl,79,81,True,python,unreviewed
AuroraIA/application/python-services/proc_ouzbekistan_samarkand_silk_road.py,empty,83,88,True,python,unreviewed
AuroraIA/application/python-services/proc_ouzbekistan_samarkand_silk_road.py,make_madrasa,172,236,True,python,unreviewed
AuroraIA/application/python-services/proc_ouzbekistan_samarkand_silk_road.py,make_minaret,244,277,True,python,unreviewed
AuroraIA/application/python-services/proc_ouzbekistan_samarkand_silk_road.py,make_bactrian_camel,283,362,True,python,unreviewed
AuroraIA/application/python-services/proc_ouzbekistan_samarkand_silk_road.py,make_merchant,371,439,True,python,unreviewed
AuroraIA/application/python-services/proc_owl_forest_night.py,make_mat,48,62,True,python,unreviewed
AuroraIA/application/python-services/proc_owl_forest_night.py,add_obj,65,70,True,python,unreviewed
AuroraIA/application/python-services/proc_owl_forest_night.py,empty,73,79,True,python,unreviewed
AuroraIA/application/python-services/proc_owl_forest_night.py,smooth_shade,82,89,True,python,unreviewed
AuroraIA/application/python-services/proc_owl_forest_night.py,beveled_cube,92,105,True,python,unreviewed
AuroraIA/application/python-services/proc_owl_forest_night.py,smooth_sphere,108,121,True,python,unreviewed
AuroraIA/application/python-services/proc_owl_forest_night.py,smooth_cone,124,135,True,python,unreviewed
AuroraIA/application/python-services/proc_owl_forest_night.py,make_body,207,218,True,python,unreviewed
AuroraIA/application/python-services/proc_owl_forest_night.py,kf_loc,302,304,True,python,unreviewed
AuroraIA/application/python-services/proc_owl_forest_night.py,kf_scale,307,309,True,python,unreviewed
AuroraIA/application/python-services/proc_owl_forest_night.py,kf_rot,312,314,True,python,unreviewed
AuroraIA/application/python-services/proc_paraglider.py,_find_blender,19,24,False,python,unreviewed
AuroraIA/application/python-services/proc_paraglider.py,make_paraglider,278,298,True,python,unreviewed
AuroraIA/application/python-services/proc_paraglider.py,main,301,307,True,python,unreviewed
AuroraIA/application/python-services/proc_park_bench.py,_find_blender,19,24,False,python,unreviewed
AuroraIA/application/python-services/proc_park_bench.py,make_bench,280,300,True,python,unreviewed
AuroraIA/application/python-services/proc_park_bench.py,main,303,309,True,python,unreviewed
AuroraIA/application/python-services/proc_patagonia_torres_del_paine_glaciers.py,reset,10,16,True,python,unreviewed
AuroraIA/application/python-services/proc_patagonia_torres_del_paine_glaciers.py,mat,18,35,True,python,unreviewed
AuroraIA/application/python-services/proc_patagonia_torres_del_paine_glaciers.py,smooth_shade,37,44,True,python,unreviewed
AuroraIA/application/python-services/proc_patagonia_torres_del_paine_glaciers.py,make_obj,46,53,True,python,unreviewed
AuroraIA/application/python-services/proc_patagonia_torres_del_paine_glaciers.py,beveled_cube,55,62,True,python,unreviewed
AuroraIA/application/python-services/proc_patagonia_torres_del_paine_glaciers.py,smooth_sphere,64,69,True,python,unreviewed
AuroraIA/application/python-services/proc_patagonia_torres_del_paine_glaciers.py,smooth_cone,71,74,True,python,unreviewed
AuroraIA/application/python-services/proc_patagonia_torres_del_paine_glaciers.py,cyl,76,77,True,python,unreviewed
AuroraIA/application/python-services/proc_patagonia_torres_del_paine_glaciers.py,empty,79,84,True,python,unreviewed
AuroraIA/application/python-services/proc_patagonia_torres_del_paine_glaciers.py,make_torre,198,225,True,python,unreviewed
AuroraIA/application/python-services/proc_patagonia_torres_del_paine_glaciers.py,make_guanaco,297,343,True,python,unreviewed
AuroraIA/application/python-services/proc_patagonia_torres_del_paine_glaciers.py,make_hiker,354,416,True,python,unreviewed
AuroraIA/application/python-services/proc_patagonia_torres_del_paine_glaciers.py,make_tent,426,449,True,python,unreviewed
AuroraIA/application/python-services/proc_pendulum_clock.py,_find_blender,19,24,False,python,unreviewed
AuroraIA/application/python-services/proc_pendulum_clock.py,make_clock,268,288,True,python,unreviewed
AuroraIA/application/python-services/proc_pendulum_clock.py,main,291,297,True,python,unreviewed
AuroraIA/application/python-services/proc_persian_palace_1001_nights.py,reset,10,16,True,python,unreviewed
AuroraIA/application/python-services/proc_persian_palace_1001_nights.py,mat,18,40,True,python,unreviewed
AuroraIA/application/python-services/proc_persian_palace_1001_nights.py,smooth_shade,42,49,True,python,unreviewed
AuroraIA/application/python-services/proc_persian_palace_1001_nights.py,make_obj,51,58,True,python,unreviewed
AuroraIA/application/python-services/proc_persian_palace_1001_nights.py,beveled_cube,60,67,True,python,unreviewed
AuroraIA/application/python-services/proc_persian_palace_1001_nights.py,smooth_sphere,69,74,True,python,unreviewed
AuroraIA/application/python-services/proc_persian_palace_1001_nights.py,smooth_cone,76,79,True,python,unreviewed
AuroraIA/application/python-services/proc_persian_palace_1001_nights.py,cyl,81,82,True,python,unreviewed
AuroraIA/application/python-services/proc_persian_palace_1001_nights.py,empty,84,89,True,python,unreviewed
AuroraIA/application/python-services/proc_persian_palace_1001_nights.py,make_musician,428,510,True,python,unreviewed
AuroraIA/application/python-services/proc_persian_palace_1001_nights.py,make_dancer,527,581,True,python,unreviewed
AuroraIA/application/python-services/proc_persian_palace_1001_nights.py,make_camel,600,645,True,python,unreviewed
AuroraIA/application/python-services/proc_persian_palace_1001_nights.py,make_peacock,654,715,True,python,unreviewed
AuroraIA/application/python-services/proc_petra_jordan_treasury_canyon.py,reset,10,16,True,python,unreviewed
AuroraIA/application/python-services/proc_petra_jordan_treasury_canyon.py,mat,18,35,True,python,unreviewed
AuroraIA/application/python-services/proc_petra_jordan_treasury_canyon.py,smooth_shade,37,44,True,python,unreviewed
AuroraIA/application/python-services/proc_petra_jordan_treasury_canyon.py,make_obj,46,53,True,python,unreviewed
AuroraIA/application/python-services/proc_petra_jordan_treasury_canyon.py,beveled_cube,55,62,True,python,unreviewed
AuroraIA/application/python-services/proc_petra_jordan_treasury_canyon.py,smooth_sphere,64,69,True,python,unreviewed
AuroraIA/application/python-services/proc_petra_jordan_treasury_canyon.py,smooth_cone,71,74,True,python,unreviewed
AuroraIA/application/python-services/proc_petra_jordan_treasury_canyon.py,cyl,76,77,True,python,unreviewed
AuroraIA/application/python-services/proc_petra_jordan_treasury_canyon.py,empty,79,84,True,python,unreviewed
AuroraIA/application/python-services/proc_petra_jordan_treasury_canyon.py,make_camel,346,423,True,python,unreviewed
AuroraIA/application/python-services/proc_petra_jordan_treasury_canyon.py,make_bedouin,434,497,True,python,unreviewed
AuroraIA/application/python-services/proc_philippine_banaue_rice_terraces.py,reset,10,16,True,python,unreviewed
AuroraIA/application/python-services/proc_philippine_banaue_rice_terraces.py,mat,18,35,True,python,unreviewed
AuroraIA/application/python-services/proc_philippine_banaue_rice_terraces.py,smooth_shade,37,44,True,python,unreviewed
AuroraIA/application/python-services/proc_philippine_banaue_rice_terraces.py,make_obj,46,53,True,python,unreviewed
AuroraIA/application/python-services/proc_philippine_banaue_rice_terraces.py,beveled_cube,55,62,True,python,unreviewed
AuroraIA/application/python-services/proc_philippine_banaue_rice_terraces.py,smooth_sphere,64,69,True,python,unreviewed
AuroraIA/application/python-services/proc_philippine_banaue_rice_terraces.py,smooth_cone,71,74,True,python,unreviewed
AuroraIA/application/python-services/proc_philippine_banaue_rice_terraces.py,cyl,76,77,True,python,unreviewed
AuroraIA/application/python-services/proc_philippine_banaue_rice_terraces.py,empty,79,84,True,python,unreviewed
AuroraIA/application/python-services/proc_philippine_banaue_rice_terraces.py,make_mountain,201,211,True,python,unreviewed
AuroraIA/application/python-services/proc_philippine_banaue_rice_terraces.py,make_nipa_hut,218,261,True,python,unreviewed
AuroraIA/application/python-services/proc_philippine_banaue_rice_terraces.py,make_carabao,267,326,True,python,unreviewed
AuroraIA/application/python-services/proc_philippine_banaue_rice_terraces.py,make_farmer,336,400,True,python,unreviewed
AuroraIA/application/python-services/proc_phoenix_mythical.py,make_mat,50,64,True,python,unreviewed
AuroraIA/application/python-services/proc_phoenix_mythical.py,add_obj,67,72,True,python,unreviewed
AuroraIA/application/python-services/proc_phoenix_mythical.py,empty,75,81,True,python,unreviewed
AuroraIA/application/python-services/proc_phoenix_mythical.py,smooth_shade,84,91,True,python,unreviewed
AuroraIA/application/python-services/proc_phoenix_mythical.py,beveled_cube,94,108,True,python,unreviewed
AuroraIA/application/python-services/proc_phoenix_mythical.py,smooth_sphere,111,124,True,python,unreviewed
AuroraIA/application/python-services/proc_phoenix_mythical.py,smooth_cone,127,138,True,python,unreviewed
AuroraIA/application/python-services/proc_phoenix_mythical.py,make_body,186,197,True,python,unreviewed
AuroraIA/application/python-services/proc_phoenix_mythical.py,kf_loc,340,342,True,python,unreviewed
AuroraIA/application/python-services/proc_phoenix_mythical.py,kf_scale,345,347,True,python,unreviewed
AuroraIA/application/python-services/proc_phoenix_mythical.py,kf_rot,350,352,True,python,unreviewed
AuroraIA/application/python-services/proc_phoenix_nest_rebirth.py,make_mat,49,63,True,python,unreviewed
AuroraIA/application/python-services/proc_phoenix_nest_rebirth.py,add_obj,66,71,True,python,unreviewed
AuroraIA/application/python-services/proc_phoenix_nest_rebirth.py,empty,74,80,True,python,unreviewed
AuroraIA/application/python-services/proc_phoenix_nest_rebirth.py,smooth_shade,83,90,True,python,unreviewed
AuroraIA/application/python-services/proc_phoenix_nest_rebirth.py,beveled_cube,93,106,True,python,unreviewed
AuroraIA/application/python-services/proc_phoenix_nest_rebirth.py,smooth_sphere,109,122,True,python,unreviewed
AuroraIA/application/python-services/proc_phoenix_nest_rebirth.py,smooth_cone,125,136,True,python,unreviewed
AuroraIA/application/python-services/proc_phoenix_nest_rebirth.py,kf,413,422,True,python,unreviewed
AuroraIA/application/python-services/proc_phone_booth.py,_find_blender,20,25,False,python,unreviewed
AuroraIA/application/python-services/proc_phone_booth.py,make_booth,393,413,True,python,unreviewed
AuroraIA/application/python-services/proc_phone_booth.py,main,416,422,True,python,unreviewed
AuroraIA/application/python-services/proc_picnic_table.py,_find_blender,19,24,False,python,unreviewed
AuroraIA/application/python-services/proc_picnic_table.py,make_picnic,272,292,True,python,unreviewed
AuroraIA/application/python-services/proc_picnic_table.py,main,295,301,True,python,unreviewed
AuroraIA/application/python-services/proc_pinball_machine.py,_find_blender,20,25,False,python,unreviewed
AuroraIA/application/python-services/proc_pinball_machine.py,make_pinball,312,332,True,python,unreviewed
AuroraIA/application/python-services/proc_pinball_machine.py,main,335,341,True,python,unreviewed
AuroraIA/application/python-services/proc_pirate_ship.py,make_mat,40,54,True,python,unreviewed
AuroraIA/application/python-services/proc_pirate_ship.py,add_obj,57,62,True,python,unreviewed
AuroraIA/application/python-services/proc_pirate_ship.py,empty,65,71,True,python,unreviewed
AuroraIA/application/python-services/proc_pirate_ship.py,cube,74,84,True,python,unreviewed
AuroraIA/application/python-services/proc_pirate_ship.py,sphere,87,97,True,python,unreviewed
AuroraIA/application/python-services/proc_pirate_ship.py,cone,100,110,True,python,unreviewed
AuroraIA/application/python-services/proc_pirate_ship.py,kf_loc,423,425,True,python,unreviewed
AuroraIA/application/python-services/proc_pirate_ship.py,kf_scale,428,430,True,python,unreviewed
AuroraIA/application/python-services/proc_pirate_ship.py,kf_rot,433,435,True,python,unreviewed
AuroraIA/application/python-services/proc_pirate_treasure_island.py,reset,11,17,True,python,unreviewed
AuroraIA/application/python-services/proc_pirate_treasure_island.py,mat,19,42,True,python,unreviewed
AuroraIA/application/python-services/proc_pirate_treasure_island.py,smooth_shade,44,51,True,python,unreviewed
AuroraIA/application/python-services/proc_pirate_treasure_island.py,make_obj,53,62,True,python,unreviewed
AuroraIA/application/python-services/proc_pirate_treasure_island.py,beveled_cube,64,71,True,python,unreviewed
AuroraIA/application/python-services/proc_pirate_treasure_island.py,smooth_sphere,73,78,True,python,unreviewed
AuroraIA/application/python-services/proc_pirate_treasure_island.py,smooth_cone,80,83,True,python,unreviewed
AuroraIA/application/python-services/proc_pirate_treasure_island.py,cyl,85,86,True,python,unreviewed
AuroraIA/application/python-services/proc_pirate_treasure_island.py,empty,88,93,True,python,unreviewed
AuroraIA/application/python-services/proc_pirate_treasure_island.py,make_palm,257,290,True,python,unreviewed
AuroraIA/application/python-services/proc_pirate_treasure_island.py,make_pirate_captain,381,539,True,python,unreviewed
AuroraIA/application/python-services/proc_pirate_treasure_island.py,make_crew,582,641,True,python,unreviewed
AuroraIA/application/python-services/proc_piston_crank.py,_find_blender,24,29,False,python,unreviewed
AuroraIA/application/python-services/proc_piston_crank.py,make_piston,178,198,True,python,unreviewed
AuroraIA/application/python-services/proc_piston_crank.py,main,201,207,True,python,unreviewed
AuroraIA/application/python-services/proc_pizza_oven.py,_find_blender,21,26,False,python,unreviewed
AuroraIA/application/python-services/proc_pizza_oven.py,make_oven,378,398,True,python,unreviewed
AuroraIA/application/python-services/proc_pizza_oven.py,main,401,407,True,python,unreviewed
AuroraIA/application/python-services/proc_planetarium_observatory_dome.py,reset,9,15,True,python,unreviewed
AuroraIA/application/python-services/proc_planetarium_observatory_dome.py,mat,17,39,True,python,unreviewed
AuroraIA/application/python-services/proc_planetarium_observatory_dome.py,smooth_shade,41,48,True,python,unreviewed
AuroraIA/application/python-services/proc_planetarium_observatory_dome.py,make_obj,50,57,True,python,unreviewed
AuroraIA/application/python-services/proc_planetarium_observatory_dome.py,beveled_cube,59,66,True,python,unreviewed
AuroraIA/application/python-services/proc_planetarium_observatory_dome.py,smooth_sphere,68,73,True,python,unreviewed
AuroraIA/application/python-services/proc_planetarium_observatory_dome.py,smooth_cone,75,78,True,python,unreviewed
AuroraIA/application/python-services/proc_planetarium_observatory_dome.py,cyl,80,81,True,python,unreviewed
AuroraIA/application/python-services/proc_planetarium_observatory_dome.py,empty,83,88,True,python,unreviewed
AuroraIA/application/python-services/proc_planetarium_observatory_dome.py,make_astronomer,474,547,True,python,unreviewed
AuroraIA/application/python-services/proc_playground_slide.py,_find_blender,21,26,False,python,unreviewed
AuroraIA/application/python-services/proc_playground_slide.py,make_slide,279,299,True,python,unreviewed
AuroraIA/application/python-services/proc_playground_slide.py,main,302,308,True,python,unreviewed
AuroraIA/application/python-services/proc_playground_swing.py,_find_blender,20,25,False,python,unreviewed
AuroraIA/application/python-services/proc_playground_swing.py,make_swing,218,238,True,python,unreviewed
AuroraIA/application/python-services/proc_playground_swing.py,main,241,247,True,python,unreviewed
AuroraIA/application/python-services/proc_postbox.py,_find_blender,21,26,False,python,unreviewed
AuroraIA/application/python-services/proc_postbox.py,make_postbox,340,360,True,python,unreviewed
AuroraIA/application/python-services/proc_postbox.py,main,363,369,True,python,unreviewed
AuroraIA/application/python-services/proc_provence_lavender_fields.py,reset,10,16,True,python,unreviewed
AuroraIA/application/python-services/proc_provence_lavender_fields.py,mat,18,40,True,python,unreviewed
AuroraIA/application/python-services/proc_provence_lavender_fields.py,smooth_shade,42,49,True,python,unreviewed
AuroraIA/application/python-services/proc_provence_lavender_fields.py,make_obj,51,58,True,python,unreviewed
AuroraIA/application/python-services/proc_provence_lavender_fields.py,beveled_cube,60,67,True,python,unreviewed
AuroraIA/application/python-services/proc_provence_lavender_fields.py,smooth_sphere,69,74,True,python,unreviewed
AuroraIA/application/python-services/proc_provence_lavender_fields.py,smooth_cone,76,79,True,python,unreviewed
AuroraIA/application/python-services/proc_provence_lavender_fields.py,cyl,81,82,True,python,unreviewed
AuroraIA/application/python-services/proc_provence_lavender_fields.py,empty,84,89,True,python,unreviewed
AuroraIA/application/python-services/proc_provence_lavender_fields.py,make_sunflower,361,397,True,python,unreviewed
AuroraIA/application/python-services/proc_provence_lavender_fields.py,make_paysan,406,471,True,python,unreviewed
AuroraIA/application/python-services/proc_pulley_belt.py,_find_blender,21,26,False,python,unreviewed
AuroraIA/application/python-services/proc_pulley_belt.py,make_pulley,301,321,True,python,unreviewed
AuroraIA/application/python-services/proc_pulley_belt.py,main,324,330,True,python,unreviewed
AuroraIA/application/python-services/proc_pyramid_egypt.py,make_mat,39,53,True,python,unreviewed
AuroraIA/application/python-services/proc_pyramid_egypt.py,add_obj,56,61,True,python,unreviewed
AuroraIA/application/python-services/proc_pyramid_egypt.py,empty,64,70,True,python,unreviewed
AuroraIA/application/python-services/proc_pyramid_egypt.py,cube,73,83,True,python,unreviewed
AuroraIA/application/python-services/proc_pyramid_egypt.py,sphere,86,96,True,python,unreviewed
AuroraIA/application/python-services/proc_pyramid_egypt.py,cone,99,109,True,python,unreviewed
AuroraIA/application/python-services/proc_pyramid_egypt.py,make_obelisk,233,248,True,python,unreviewed
AuroraIA/application/python-services/proc_pyramid_egypt.py,make_palm,255,275,True,python,unreviewed
AuroraIA/application/python-services/proc_pyramid_egypt.py,kf_loc,334,336,True,python,unreviewed
AuroraIA/application/python-services/proc_pyramid_egypt.py,kf_scale,339,341,True,python,unreviewed
AuroraIA/application/python-services/proc_pyramid_egypt.py,kf_rot,344,346,True,python,unreviewed
AuroraIA/application/python-services/proc_rainforest_thunderstorm.py,reset,10,16,True,python,unreviewed
AuroraIA/application/python-services/proc_rainforest_thunderstorm.py,mat,18,40,True,python,unreviewed
AuroraIA/application/python-services/proc_rainforest_thunderstorm.py,smooth_shade,42,49,True,python,unreviewed
AuroraIA/application/python-services/proc_rainforest_thunderstorm.py,make_obj,51,58,True,python,unreviewed
AuroraIA/application/python-services/proc_rainforest_thunderstorm.py,beveled_cube,60,67,True,python,unreviewed
AuroraIA/application/python-services/proc_rainforest_thunderstorm.py,smooth_sphere,69,74,True,python,unreviewed
AuroraIA/application/python-services/proc_rainforest_thunderstorm.py,smooth_cone,76,79,True,python,unreviewed
AuroraIA/application/python-services/proc_rainforest_thunderstorm.py,cyl,81,82,True,python,unreviewed
AuroraIA/application/python-services/proc_rainforest_thunderstorm.py,empty,84,89,True,python,unreviewed
AuroraIA/application/python-services/proc_rainforest_thunderstorm.py,make_tree,224,254,True,python,unreviewed
AuroraIA/application/python-services/proc_rainforest_thunderstorm.py,make_jaguar,285,347,True,python,unreviewed
AuroraIA/application/python-services/proc_refrigerator.py,_find_blender,21,26,False,python,unreviewed
AuroraIA/application/python-services/proc_refrigerator.py,make_fridge,365,385,True,python,unreviewed
AuroraIA/application/python-services/proc_refrigerator.py,main,388,394,True,python,unreviewed
AuroraIA/application/python-services/proc_ringed_planet.py,_find_blender,21,26,False,python,unreviewed
AuroraIA/application/python-services/proc_ringed_planet.py,make_saturn,251,271,True,python,unreviewed
AuroraIA/application/python-services/proc_ringed_planet.py,main,274,280,True,python,unreviewed
AuroraIA/application/python-services/proc_robot_arm.py,_find_blender,20,25,False,python,unreviewed
AuroraIA/application/python-services/proc_robot_arm.py,make_robot,178,198,True,python,unreviewed
AuroraIA/application/python-services/proc_robot_arm.py,main,201,207,True,python,unreviewed
AuroraIA/application/python-services/proc_robot_humanoid.py,make_mat,52,66,True,python,unreviewed
AuroraIA/application/python-services/proc_robot_humanoid.py,add_obj,69,74,True,python,unreviewed
AuroraIA/application/python-services/proc_robot_humanoid.py,empty,77,83,True,python,unreviewed
AuroraIA/application/python-services/proc_robot_humanoid.py,smooth_shade,86,93,True,python,unreviewed
AuroraIA/application/python-services/proc_robot_humanoid.py,beveled_cube,96,110,True,python,unreviewed
AuroraIA/application/python-services/proc_robot_humanoid.py,smooth_sphere,113,126,True,python,unreviewed
AuroraIA/application/python-services/proc_robot_humanoid.py,smooth_cone,129,140,True,python,unreviewed
AuroraIA/application/python-services/proc_robot_humanoid.py,kf_loc,344,346,True,python,unreviewed
AuroraIA/application/python-services/proc_robot_humanoid.py,kf_scale,349,351,True,python,unreviewed
AuroraIA/application/python-services/proc_robot_humanoid.py,kf_rot,354,356,True,python,unreviewed
AuroraIA/application/python-services/proc_rocket_launchpad.py,_find_blender,18,23,False,python,unreviewed
AuroraIA/application/python-services/proc_rocket_launchpad.py,make_rocket,198,218,True,python,unreviewed
AuroraIA/application/python-services/proc_rocket_launchpad.py,main,221,227,True,python,unreviewed
AuroraIA/application/python-services/proc_roman_colosseum_gladiators.py,reset,10,16,True,python,unreviewed
AuroraIA/application/python-services/proc_roman_colosseum_gladiators.py,mat,18,40,True,python,unreviewed
AuroraIA/application/python-services/proc_roman_colosseum_gladiators.py,smooth_shade,42,49,True,python,unreviewed
AuroraIA/application/python-services/proc_roman_colosseum_gladiators.py,make_obj,51,58,True,python,unreviewed
AuroraIA/application/python-services/proc_roman_colosseum_gladiators.py,beveled_cube,60,67,True,python,unreviewed
AuroraIA/application/python-services/proc_roman_colosseum_gladiators.py,smooth_sphere,69,74,True,python,unreviewed
AuroraIA/application/python-services/proc_roman_colosseum_gladiators.py,smooth_cone,76,79,True,python,unreviewed
AuroraIA/application/python-services/proc_roman_colosseum_gladiators.py,cyl,81,82,True,python,unreviewed
AuroraIA/application/python-services/proc_roman_colosseum_gladiators.py,empty,84,89,True,python,unreviewed
AuroraIA/application/python-services/proc_roman_colosseum_gladiators.py,make_senator,404,437,True,python,unreviewed
AuroraIA/application/python-services/proc_roman_colosseum_gladiators.py,make_gladiator,457,674,True,python,unreviewed
AuroraIA/application/python-services/proc_russian_kremlin_red_square.py,reset,10,16,True,python,unreviewed
AuroraIA/application/python-services/proc_russian_kremlin_red_square.py,mat,18,35,True,python,unreviewed
AuroraIA/application/python-services/proc_russian_kremlin_red_square.py,smooth_shade,37,44,True,python,unreviewed
AuroraIA/application/python-services/proc_russian_kremlin_red_square.py,make_obj,46,53,True,python,unreviewed
AuroraIA/application/python-services/proc_russian_kremlin_red_square.py,beveled_cube,55,62,True,python,unreviewed
AuroraIA/application/python-services/proc_russian_kremlin_red_square.py,smooth_sphere,64,69,True,python,unreviewed
AuroraIA/application/python-services/proc_russian_kremlin_red_square.py,smooth_cone,71,74,True,python,unreviewed
AuroraIA/application/python-services/proc_russian_kremlin_red_square.py,cyl,76,77,True,python,unreviewed
AuroraIA/application/python-services/proc_russian_kremlin_red_square.py,empty,79,84,True,python,unreviewed
AuroraIA/application/python-services/proc_russian_kremlin_red_square.py,make_onion_dome,240,273,True,python,unreviewed
AuroraIA/application/python-services/proc_russian_kremlin_red_square.py,make_soldier,380,462,True,python,unreviewed
AuroraIA/application/python-services/proc_russian_kremlin_red_square.py,make_russian_woman,473,524,True,python,unreviewed
AuroraIA/application/python-services/proc_russian_kremlin_red_square.py,make_cossack,570,630,True,python,unreviewed
AuroraIA/application/python-services/proc_russian_kremlin_red_square.py,make_musician_r,640,694,True,python,unreviewed
AuroraIA/application/python-services/proc_sahara_sandstorm_caravan.py,reset,10,16,True,python,unreviewed
AuroraIA/application/python-services/proc_sahara_sandstorm_caravan.py,mat,18,40,True,python,unreviewed
AuroraIA/application/python-services/proc_sahara_sandstorm_caravan.py,smooth_shade,42,49,True,python,unreviewed
AuroraIA/application/python-services/proc_sahara_sandstorm_caravan.py,make_obj,51,58,True,python,unreviewed
AuroraIA/application/python-services/proc_sahara_sandstorm_caravan.py,beveled_cube,60,67,True,python,unreviewed
AuroraIA/application/python-services/proc_sahara_sandstorm_caravan.py,smooth_sphere,69,74,True,python,unreviewed
AuroraIA/application/python-services/proc_sahara_sandstorm_caravan.py,smooth_cone,76,79,True,python,unreviewed
AuroraIA/application/python-services/proc_sahara_sandstorm_caravan.py,cyl,81,82,True,python,unreviewed
AuroraIA/application/python-services/proc_sahara_sandstorm_caravan.py,empty,84,89,True,python,unreviewed
AuroraIA/application/python-services/proc_sahara_sandstorm_caravan.py,make_palm,194,223,True,python,unreviewed
AuroraIA/application/python-services/proc_sahara_sandstorm_caravan.py,make_camel,234,304,True,python,unreviewed
AuroraIA/application/python-services/proc_sahara_sandstorm_caravan.py,make_tuareg,319,373,True,python,unreviewed
AuroraIA/application/python-services/proc_sailboat.py,_find_blender,19,24,False,python,unreviewed
AuroraIA/application/python-services/proc_sailboat.py,make_sailboat,244,264,True,python,unreviewed
AuroraIA/application/python-services/proc_sailboat.py,main,267,273,True,python,unreviewed
AuroraIA/application/python-services/proc_samurai_duel_sakura.py,reset,11,17,True,python,unreviewed
AuroraIA/application/python-services/proc_samurai_duel_sakura.py,mat,19,41,True,python,unreviewed
AuroraIA/application/python-services/proc_samurai_duel_sakura.py,smooth_shade,43,50,True,python,unreviewed
AuroraIA/application/python-services/proc_samurai_duel_sakura.py,make_obj,52,61,True,python,unreviewed
AuroraIA/application/python-services/proc_samurai_duel_sakura.py,beveled_cube,63,70,True,python,unreviewed
AuroraIA/application/python-services/proc_samurai_duel_sakura.py,smooth_sphere,72,77,True,python,unreviewed
AuroraIA/application/python-services/proc_samurai_duel_sakura.py,smooth_cone,79,82,True,python,unreviewed
AuroraIA/application/python-services/proc_samurai_duel_sakura.py,cyl,84,85,True,python,unreviewed
AuroraIA/application/python-services/proc_samurai_duel_sakura.py,kf,87,93,True,python,unreviewed
AuroraIA/application/python-services/proc_samurai_duel_sakura.py,empty,95,100,True,python,unreviewed
AuroraIA/application/python-services/proc_samurai_duel_sakura.py,make_sakura,169,204,True,python,unreviewed
AuroraIA/application/python-services/proc_samurai_duel_sakura.py,make_samurai,295,432,True,python,unreviewed
AuroraIA/application/python-services/proc_sandbox.py,_find_blender,20,25,False,python,unreviewed
AuroraIA/application/python-services/proc_sandbox.py,make_sandbox,288,308,True,python,unreviewed
AuroraIA/application/python-services/proc_sandbox.py,main,311,317,True,python,unreviewed
AuroraIA/application/python-services/proc_satellite.py,_find_blender,19,24,False,python,unreviewed
AuroraIA/application/python-services/proc_satellite.py,make_satellite,226,246,True,python,unreviewed
AuroraIA/application/python-services/proc_satellite.py,main,249,255,True,python,unreviewed
AuroraIA/application/python-services/proc_savanna_safari.py,make_mat,38,52,True,python,unreviewed
AuroraIA/application/python-services/proc_savanna_safari.py,add_obj,55,60,True,python,unreviewed
AuroraIA/application/python-services/proc_savanna_safari.py,empty,63,69,True,python,unreviewed
AuroraIA/application/python-services/proc_savanna_safari.py,cube,72,82,True,python,unreviewed
AuroraIA/application/python-services/proc_savanna_safari.py,sphere,85,95,True,python,unreviewed
AuroraIA/application/python-services/proc_savanna_safari.py,cone,98,108,True,python,unreviewed
AuroraIA/application/python-services/proc_savanna_safari.py,make_acacia,181,205,True,python,unreviewed
AuroraIA/application/python-services/proc_savanna_safari.py,make_elephant,213,249,True,python,unreviewed
AuroraIA/application/python-services/proc_savanna_safari.py,make_giraffe,258,303,True,python,unreviewed
AuroraIA/application/python-services/proc_savanna_safari.py,make_zebra,311,341,True,python,unreviewed
AuroraIA/application/python-services/proc_savanna_safari.py,make_lion,354,387,True,python,unreviewed
AuroraIA/application/python-services/proc_savanna_safari.py,kf_loc,439,441,True,python,unreviewed
AuroraIA/application/python-services/proc_savanna_safari.py,kf_scale,444,446,True,python,unreviewed
AuroraIA/application/python-services/proc_savanna_safari.py,kf_rot,449,451,True,python,unreviewed
AuroraIA/application/python-services/proc_scottish_highland_castle.py,reset,10,16,True,python,unreviewed
AuroraIA/application/python-services/proc_scottish_highland_castle.py,mat,18,40,True,python,unreviewed
AuroraIA/application/python-services/proc_scottish_highland_castle.py,smooth_shade,42,49,True,python,unreviewed
AuroraIA/application/python-services/proc_scottish_highland_castle.py,make_obj,51,58,True,python,unreviewed
AuroraIA/application/python-services/proc_scottish_highland_castle.py,beveled_cube,60,67,True,python,unreviewed
AuroraIA/application/python-services/proc_scottish_highland_castle.py,smooth_sphere,69,74,True,python,unreviewed
AuroraIA/application/python-services/proc_scottish_highland_castle.py,smooth_cone,76,79,True,python,unreviewed
AuroraIA/application/python-services/proc_scottish_highland_castle.py,cyl,81,82,True,python,unreviewed
AuroraIA/application/python-services/proc_scottish_highland_castle.py,empty,84,89,True,python,unreviewed
AuroraIA/application/python-services/proc_scottish_highland_castle.py,make_highlander,393,582,True,python,unreviewed
AuroraIA/application/python-services/proc_scottish_highland_castle.py,make_scot_woman,609,661,True,python,unreviewed
AuroraIA/application/python-services/proc_scottish_highland_castle.py,make_highland_cow,676,729,True,python,unreviewed
AuroraIA/application/python-services/proc_scottish_highland_castle.py,make_sheep,742,777,True,python,unreviewed
AuroraIA/application/python-services/proc_scottish_highland_castle.py,make_red_stag,788,844,True,python,unreviewed
AuroraIA/application/python-services/proc_scottish_highland_kilts_pipers.py,reset,10,16,True,python,unreviewed
AuroraIA/application/python-services/proc_scottish_highland_kilts_pipers.py,mat,18,35,True,python,unreviewed
AuroraIA/application/python-services/proc_scottish_highland_kilts_pipers.py,smooth_shade,37,44,True,python,unreviewed
AuroraIA/application/python-services/proc_scottish_highland_kilts_pipers.py,make_obj,46,53,True,python,unreviewed
AuroraIA/application/python-services/proc_scottish_highland_kilts_pipers.py,beveled_cube,55,62,True,python,unreviewed
AuroraIA/application/python-services/proc_scottish_highland_kilts_pipers.py,smooth_sphere,64,69,True,python,unreviewed
AuroraIA/application/python-services/proc_scottish_highland_kilts_pipers.py,smooth_cone,71,74,True,python,unreviewed
AuroraIA/application/python-services/proc_scottish_highland_kilts_pipers.py,cyl,76,77,True,python,unreviewed
AuroraIA/application/python-services/proc_scottish_highland_kilts_pipers.py,empty,79,84,True,python,unreviewed
AuroraIA/application/python-services/proc_scottish_highland_kilts_pipers.py,make_piper,325,447,True,python,unreviewed
AuroraIA/application/python-services/proc_scottish_highland_kilts_pipers.py,make_drummer,458,490,True,python,unreviewed
AuroraIA/application/python-services/proc_scottish_highland_kilts_pipers.py,make_highlander,495,561,True,python,unreviewed
AuroraIA/application/python-services/proc_scottish_highland_kilts_pipers.py,make_highland_cow,571,628,True,python,unreviewed
AuroraIA/application/python-services/proc_scottish_highland_kilts_pipers.py,make_sheep,696,730,True,python,unreviewed
AuroraIA/application/python-services/proc_see_saw.py,_find_blender,21,26,False,python,unreviewed
AuroraIA/application/python-services/proc_see_saw.py,make_seesaw,237,257,True,python,unreviewed
AuroraIA/application/python-services/proc_see_saw.py,main,260,266,True,python,unreviewed
AuroraIA/application/python-services/proc_skate_ramp.py,_find_blender,21,26,False,python,unreviewed
AuroraIA/application/python-services/proc_skate_ramp.py,make_ramp,353,373,True,python,unreviewed
AuroraIA/application/python-services/proc_skate_ramp.py,main,376,382,True,python,unreviewed
AuroraIA/application/python-services/proc_snow_globe.py,_find_blender,20,25,False,python,unreviewed
AuroraIA/application/python-services/proc_snow_globe.py,make_sg,247,267,True,python,unreviewed
AuroraIA/application/python-services/proc_snow_globe.py,main,270,276,True,python,unreviewed
AuroraIA/application/python-services/proc_soccer_goal.py,_find_blender,20,25,False,python,unreviewed
AuroraIA/application/python-services/proc_soccer_goal.py,make_goal,313,333,True,python,unreviewed
AuroraIA/application/python-services/proc_soccer_goal.py,main,336,342,True,python,unreviewed
AuroraIA/application/python-services/proc_solar_system.py,_find_blender,20,25,False,python,unreviewed
AuroraIA/application/python-services/proc_solar_system.py,make_solar,259,279,True,python,unreviewed
AuroraIA/application/python-services/proc_solar_system.py,main,282,288,True,python,unreviewed
AuroraIA/application/python-services/proc_space_station.py,make_mat,40,54,True,python,unreviewed
AuroraIA/application/python-services/proc_space_station.py,add_obj,57,62,True,python,unreviewed
AuroraIA/application/python-services/proc_space_station.py,empty,65,71,True,python,unreviewed
AuroraIA/application/python-services/proc_space_station.py,cube,74,84,True,python,unreviewed
AuroraIA/application/python-services/proc_space_station.py,sphere,87,97,True,python,unreviewed
AuroraIA/application/python-services/proc_space_station.py,cone,100,110,True,python,unreviewed
AuroraIA/application/python-services/proc_space_station.py,kf_loc,379,381,True,python,unreviewed
AuroraIA/application/python-services/proc_space_station.py,kf_scale,384,386,True,python,unreviewed
AuroraIA/application/python-services/proc_space_station.py,kf_rot,389,391,True,python,unreviewed
AuroraIA/application/python-services/proc_spaceship_starship.py,make_mat,51,65,True,python,unreviewed
AuroraIA/application/python-services/proc_spaceship_starship.py,add_obj,68,73,True,python,unreviewed
AuroraIA/application/python-services/proc_spaceship_starship.py,empty,76,82,True,python,unreviewed
AuroraIA/application/python-services/proc_spaceship_starship.py,smooth_shade,85,92,True,python,unreviewed
AuroraIA/application/python-services/proc_spaceship_starship.py,beveled_cube,95,109,True,python,unreviewed
AuroraIA/application/python-services/proc_spaceship_starship.py,smooth_sphere,112,125,True,python,unreviewed
AuroraIA/application/python-services/proc_spaceship_starship.py,smooth_cone,128,139,True,python,unreviewed
AuroraIA/application/python-services/proc_spaceship_starship.py,make_engine,290,299,True,python,unreviewed
AuroraIA/application/python-services/proc_spaceship_starship.py,kf_loc,350,352,True,python,unreviewed
AuroraIA/application/python-services/proc_spaceship_starship.py,kf_scale,355,357,True,python,unreviewed
AuroraIA/application/python-services/proc_spaceship_starship.py,kf_rot,360,362,True,python,unreviewed
AuroraIA/application/python-services/proc_spanish_andalusian_flamenco_patio.py,reset,10,16,True,python,unreviewed
AuroraIA/application/python-services/proc_spanish_andalusian_flamenco_patio.py,mat,18,40,True,python,unreviewed
AuroraIA/application/python-services/proc_spanish_andalusian_flamenco_patio.py,smooth_shade,42,49,True,python,unreviewed
AuroraIA/application/python-services/proc_spanish_andalusian_flamenco_patio.py,make_obj,51,58,True,python,unreviewed
AuroraIA/application/python-services/proc_spanish_andalusian_flamenco_patio.py,beveled_cube,60,67,True,python,unreviewed
AuroraIA/application/python-services/proc_spanish_andalusian_flamenco_patio.py,smooth_sphere,69,74,True,python,unreviewed
AuroraIA/application/python-services/proc_spanish_andalusian_flamenco_patio.py,smooth_cone,76,79,True,python,unreviewed
AuroraIA/application/python-services/proc_spanish_andalusian_flamenco_patio.py,cyl,81,82,True,python,unreviewed
AuroraIA/application/python-services/proc_spanish_andalusian_flamenco_patio.py,empty,84,89,True,python,unreviewed
AuroraIA/application/python-services/proc_spanish_andalusian_flamenco_patio.py,make_moorish_arch,271,300,True,python,unreviewed
AuroraIA/application/python-services/proc_spanish_andalusian_flamenco_patio.py,make_seated_musician,591,680,True,python,unreviewed
AuroraIA/application/python-services/proc_spanish_andalusian_flamenco_patio.py,make_spectator,699,737,True,python,unreviewed
AuroraIA/application/python-services/proc_spanish_flamenco_seville.py,reset,10,16,True,python,unreviewed
AuroraIA/application/python-services/proc_spanish_flamenco_seville.py,mat,18,35,True,python,unreviewed
AuroraIA/application/python-services/proc_spanish_flamenco_seville.py,smooth_shade,37,44,True,python,unreviewed
AuroraIA/application/python-services/proc_spanish_flamenco_seville.py,make_obj,46,53,True,python,unreviewed
AuroraIA/application/python-services/proc_spanish_flamenco_seville.py,beveled_cube,55,62,True,python,unreviewed
AuroraIA/application/python-services/proc_spanish_flamenco_seville.py,smooth_sphere,64,69,True,python,unreviewed
AuroraIA/application/python-services/proc_spanish_flamenco_seville.py,smooth_cone,71,74,True,python,unreviewed
AuroraIA/application/python-services/proc_spanish_flamenco_seville.py,cyl,76,77,True,python,unreviewed
AuroraIA/application/python-services/proc_spanish_flamenco_seville.py,empty,79,84,True,python,unreviewed
AuroraIA/application/python-services/proc_spanish_flamenco_seville.py,make_flamenco_dancer,305,386,True,python,unreviewed
AuroraIA/application/python-services/proc_spanish_flamenco_seville.py,make_guitarist,396,455,True,python,unreviewed
AuroraIA/application/python-services/proc_spanish_flamenco_seville.py,make_toreador,465,548,True,python,unreviewed
AuroraIA/application/python-services/proc_spanish_flamenco_seville.py,make_spectator,620,653,True,python,unreviewed
AuroraIA/application/python-services/proc_sports_car_smooth.py,make_mat,48,62,True,python,unreviewed
AuroraIA/application/python-services/proc_sports_car_smooth.py,add_obj,65,70,True,python,unreviewed
AuroraIA/application/python-services/proc_sports_car_smooth.py,empty,73,79,True,python,unreviewed
AuroraIA/application/python-services/proc_sports_car_smooth.py,smooth_shade,82,91,True,python,unreviewed
AuroraIA/application/python-services/proc_sports_car_smooth.py,beveled_cube,94,118,True,python,unreviewed
AuroraIA/application/python-services/proc_sports_car_smooth.py,smooth_sphere,121,133,True,python,unreviewed
AuroraIA/application/python-services/proc_sports_car_smooth.py,smooth_cone,136,148,True,python,unreviewed
AuroraIA/application/python-services/proc_sports_car_smooth.py,stretched_smooth_sphere,151,166,True,python,unreviewed
AuroraIA/application/python-services/proc_sports_car_smooth.py,make_chassis,233,248,True,python,unreviewed
AuroraIA/application/python-services/proc_sports_car_smooth.py,make_wheel,284,303,True,python,unreviewed
AuroraIA/application/python-services/proc_sports_car_smooth.py,kf_loc,402,404,True,python,unreviewed
AuroraIA/application/python-services/proc_sports_car_smooth.py,kf_scale,407,409,True,python,unreviewed
AuroraIA/application/python-services/proc_sports_car_smooth.py,kf_rot,412,414,True,python,unreviewed
AuroraIA/application/python-services/proc_spring.py,_find_blender,23,28,False,python,unreviewed
AuroraIA/application/python-services/proc_spring.py,make_spring,142,162,True,python,unreviewed
AuroraIA/application/python-services/proc_spring.py,main,165,171,True,python,unreviewed
AuroraIA/application/python-services/proc_steam_locomotive.py,_find_blender,20,25,False,python,unreviewed
AuroraIA/application/python-services/proc_steam_locomotive.py,make_loco,280,300,True,python,unreviewed
AuroraIA/application/python-services/proc_steam_locomotive.py,main,303,309,True,python,unreviewed
AuroraIA/application/python-services/proc_steampunk_airship.py,make_mat,41,55,True,python,unreviewed
AuroraIA/application/python-services/proc_steampunk_airship.py,add_obj,58,63,True,python,unreviewed
AuroraIA/application/python-services/proc_steampunk_airship.py,empty,66,72,True,python,unreviewed
AuroraIA/application/python-services/proc_steampunk_airship.py,cube,75,85,True,python,unreviewed
AuroraIA/application/python-services/proc_steampunk_airship.py,sphere,88,98,True,python,unreviewed
AuroraIA/application/python-services/proc_steampunk_airship.py,cone,101,111,True,python,unreviewed
AuroraIA/application/python-services/proc_steampunk_airship.py,kf_loc,352,354,True,python,unreviewed
AuroraIA/application/python-services/proc_steampunk_airship.py,kf_scale,357,359,True,python,unreviewed
AuroraIA/application/python-services/proc_steampunk_airship.py,kf_rot,362,364,True,python,unreviewed
AuroraIA/application/python-services/proc_steampunk_armada_balloons.py,make_mat,50,64,True,python,unreviewed
AuroraIA/application/python-services/proc_steampunk_armada_balloons.py,add_obj,67,72,True,python,unreviewed
AuroraIA/application/python-services/proc_steampunk_armada_balloons.py,empty,75,81,True,python,unreviewed
AuroraIA/application/python-services/proc_steampunk_armada_balloons.py,smooth_shade,84,91,True,python,unreviewed
AuroraIA/application/python-services/proc_steampunk_armada_balloons.py,beveled_cube,94,107,True,python,unreviewed
AuroraIA/application/python-services/proc_steampunk_armada_balloons.py,smooth_sphere,110,123,True,python,unreviewed
AuroraIA/application/python-services/proc_steampunk_armada_balloons.py,smooth_cone,126,137,True,python,unreviewed
AuroraIA/application/python-services/proc_steampunk_armada_balloons.py,kf,394,403,True,python,unreviewed
AuroraIA/application/python-services/proc_steampunk_clock_tower.py,make_mat,50,64,True,python,unreviewed
AuroraIA/application/python-services/proc_steampunk_clock_tower.py,add_obj,67,72,True,python,unreviewed
AuroraIA/application/python-services/proc_steampunk_clock_tower.py,empty,75,81,True,python,unreviewed
AuroraIA/application/python-services/proc_steampunk_clock_tower.py,smooth_shade,84,91,True,python,unreviewed
AuroraIA/application/python-services/proc_steampunk_clock_tower.py,beveled_cube,94,107,True,python,unreviewed
AuroraIA/application/python-services/proc_steampunk_clock_tower.py,smooth_sphere,110,123,True,python,unreviewed
AuroraIA/application/python-services/proc_steampunk_clock_tower.py,smooth_cone,126,137,True,python,unreviewed
AuroraIA/application/python-services/proc_steampunk_clock_tower.py,smooth_torus,140,155,True,python,unreviewed
AuroraIA/application/python-services/proc_steampunk_clock_tower.py,kf,414,423,True,python,unreviewed
AuroraIA/application/python-services/proc_steampunk_railway_station.py,reset,9,15,True,python,unreviewed
AuroraIA/application/python-services/proc_steampunk_railway_station.py,mat,17,39,True,python,unreviewed
AuroraIA/application/python-services/proc_steampunk_railway_station.py,smooth_shade,41,48,True,python,unreviewed
AuroraIA/application/python-services/proc_steampunk_railway_station.py,make_obj,50,57,True,python,unreviewed
AuroraIA/application/python-services/proc_steampunk_railway_station.py,beveled_cube,59,66,True,python,unreviewed
AuroraIA/application/python-services/proc_steampunk_railway_station.py,smooth_sphere,68,73,True,python,unreviewed
AuroraIA/application/python-services/proc_steampunk_railway_station.py,smooth_cone,75,78,True,python,unreviewed
AuroraIA/application/python-services/proc_steampunk_railway_station.py,cyl,80,81,True,python,unreviewed
AuroraIA/application/python-services/proc_steampunk_railway_station.py,empty,83,88,True,python,unreviewed
AuroraIA/application/python-services/proc_steampunk_railway_station.py,make_person,520,607,True,python,unreviewed
AuroraIA/application/python-services/proc_steampunk_submarine_interior.py,make_mat,54,68,True,python,unreviewed
AuroraIA/application/python-services/proc_steampunk_submarine_interior.py,add_obj,71,76,True,python,unreviewed
AuroraIA/application/python-services/proc_steampunk_submarine_interior.py,empty,79,85,True,python,unreviewed
AuroraIA/application/python-services/proc_steampunk_submarine_interior.py,smooth_shade,88,95,True,python,unreviewed
AuroraIA/application/python-services/proc_steampunk_submarine_interior.py,beveled_cube,98,111,True,python,unreviewed
AuroraIA/application/python-services/proc_steampunk_submarine_interior.py,smooth_sphere,114,127,True,python,unreviewed
AuroraIA/application/python-services/proc_steampunk_submarine_interior.py,smooth_cone,130,141,True,python,unreviewed
AuroraIA/application/python-services/proc_steampunk_submarine_interior.py,kf,442,451,True,python,unreviewed
AuroraIA/application/python-services/proc_street_lamp.py,_find_blender,20,25,False,python,unreviewed
AuroraIA/application/python-services/proc_street_lamp.py,make_lamp,282,302,True,python,unreviewed
AuroraIA/application/python-services/proc_street_lamp.py,main,305,311,True,python,unreviewed
AuroraIA/application/python-services/proc_studio_microphone.py,_find_blender,21,26,False,python,unreviewed
AuroraIA/application/python-services/proc_studio_microphone.py,make_mic,359,379,True,python,unreviewed
AuroraIA/application/python-services/proc_studio_microphone.py,main,382,388,True,python,unreviewed
AuroraIA/application/python-services/proc_supernova.py,_find_blender,20,25,False,python,unreviewed
AuroraIA/application/python-services/proc_supernova.py,make_sn,225,245,True,python,unreviewed
AuroraIA/application/python-services/proc_supernova.py,main,248,254,True,python,unreviewed
AuroraIA/application/python-services/proc_surfboard.py,_find_blender,20,25,False,python,unreviewed
AuroraIA/application/python-services/proc_surfboard.py,make_surf,256,276,True,python,unreviewed
AuroraIA/application/python-services/proc_surfboard.py,main,279,285,True,python,unreviewed
AuroraIA/application/python-services/proc_sushi_platter.py,_find_blender,19,24,False,python,unreviewed
AuroraIA/application/python-services/proc_sushi_platter.py,make_sushi,196,216,True,python,unreviewed
AuroraIA/application/python-services/proc_sushi_platter.py,main,219,225,True,python,unreviewed
AuroraIA/application/python-services/proc_swiss_alps_chalet_yodeling.py,reset,10,16,True,python,unreviewed
AuroraIA/application/python-services/proc_swiss_alps_chalet_yodeling.py,mat,18,35,True,python,unreviewed
AuroraIA/application/python-services/proc_swiss_alps_chalet_yodeling.py,smooth_shade,37,44,True,python,unreviewed
AuroraIA/application/python-services/proc_swiss_alps_chalet_yodeling.py,make_obj,46,53,True,python,unreviewed
AuroraIA/application/python-services/proc_swiss_alps_chalet_yodeling.py,beveled_cube,55,62,True,python,unreviewed
AuroraIA/application/python-services/proc_swiss_alps_chalet_yodeling.py,smooth_sphere,64,69,True,python,unreviewed
AuroraIA/application/python-services/proc_swiss_alps_chalet_yodeling.py,smooth_cone,71,74,True,python,unreviewed
AuroraIA/application/python-services/proc_swiss_alps_chalet_yodeling.py,cyl,76,77,True,python,unreviewed
AuroraIA/application/python-services/proc_swiss_alps_chalet_yodeling.py,empty,79,84,True,python,unreviewed
AuroraIA/application/python-services/proc_swiss_alps_chalet_yodeling.py,make_cow_swiss,377,452,True,python,unreviewed
AuroraIA/application/python-services/proc_swiss_alps_chalet_yodeling.py,make_goat,463,502,True,python,unreviewed
AuroraIA/application/python-services/proc_swiss_alps_chalet_yodeling.py,make_yodeler_man,511,578,True,python,unreviewed
AuroraIA/application/python-services/proc_swiss_alps_chalet_yodeling.py,make_yodeler_woman,580,629,True,python,unreviewed
AuroraIA/application/python-services/proc_swiss_alps_chalet_yodeling.py,make_hiker,675,723,True,python,unreviewed
AuroraIA/application/python-services/proc_swiss_chalet_alps.py,make_mat,40,54,True,python,unreviewed
AuroraIA/application/python-services/proc_swiss_chalet_alps.py,add_obj,57,62,True,python,unreviewed
AuroraIA/application/python-services/proc_swiss_chalet_alps.py,empty,65,71,True,python,unreviewed
AuroraIA/application/python-services/proc_swiss_chalet_alps.py,cube,74,84,True,python,unreviewed
AuroraIA/application/python-services/proc_swiss_chalet_alps.py,sphere,87,97,True,python,unreviewed
AuroraIA/application/python-services/proc_swiss_chalet_alps.py,cone,100,110,True,python,unreviewed
AuroraIA/application/python-services/proc_swiss_chalet_alps.py,make_cow,322,359,True,python,unreviewed
AuroraIA/application/python-services/proc_swiss_chalet_alps.py,kf_loc,398,400,True,python,unreviewed
AuroraIA/application/python-services/proc_swiss_chalet_alps.py,kf_scale,403,405,True,python,unreviewed
AuroraIA/application/python-services/proc_swiss_chalet_alps.py,kf_rot,408,410,True,python,unreviewed
AuroraIA/application/python-services/proc_sword.py,_find_blender,18,23,False,python,unreviewed
AuroraIA/application/python-services/proc_sword.py,make_sword,222,242,True,python,unreviewed
AuroraIA/application/python-services/proc_sword.py,main,245,251,True,python,unreviewed
AuroraIA/application/python-services/proc_tahitian_polynesian_luau.py,reset,10,16,True,python,unreviewed
AuroraIA/application/python-services/proc_tahitian_polynesian_luau.py,mat,18,40,True,python,unreviewed
AuroraIA/application/python-services/proc_tahitian_polynesian_luau.py,smooth_shade,42,49,True,python,unreviewed
AuroraIA/application/python-services/proc_tahitian_polynesian_luau.py,make_obj,51,58,True,python,unreviewed
AuroraIA/application/python-services/proc_tahitian_polynesian_luau.py,beveled_cube,60,67,True,python,unreviewed
AuroraIA/application/python-services/proc_tahitian_polynesian_luau.py,smooth_sphere,69,74,True,python,unreviewed
AuroraIA/application/python-services/proc_tahitian_polynesian_luau.py,smooth_cone,76,79,True,python,unreviewed
AuroraIA/application/python-services/proc_tahitian_polynesian_luau.py,cyl,81,82,True,python,unreviewed
AuroraIA/application/python-services/proc_tahitian_polynesian_luau.py,empty,84,89,True,python,unreviewed
AuroraIA/application/python-services/proc_tahitian_polynesian_luau.py,make_palm,272,314,True,python,unreviewed
AuroraIA/application/python-services/proc_tahitian_polynesian_luau.py,make_tiki,376,416,True,python,unreviewed
AuroraIA/application/python-services/proc_tahitian_polynesian_luau.py,make_fare,426,455,True,python,unreviewed
AuroraIA/application/python-services/proc_tahitian_polynesian_luau.py,make_hula_dancer,487,586,True,python,unreviewed
AuroraIA/application/python-services/proc_tahitian_polynesian_luau.py,make_polynesian_musician,678,756,True,python,unreviewed
AuroraIA/application/python-services/proc_tahitian_polynesian_luau.py,make_turtle,771,796,True,python,unreviewed
AuroraIA/application/python-services/proc_tahitian_polynesian_luau.py,make_ray,804,825,True,python,unreviewed
AuroraIA/application/python-services/proc_tahitian_polynesian_luau.py,make_dolphin,833,857,True,python,unreviewed
AuroraIA/application/python-services/proc_tank_military_smooth.py,make_mat,54,68,True,python,unreviewed
AuroraIA/application/python-services/proc_tank_military_smooth.py,add_obj,71,76,True,python,unreviewed
AuroraIA/application/python-services/proc_tank_military_smooth.py,empty,79,85,True,python,unreviewed
AuroraIA/application/python-services/proc_tank_military_smooth.py,smooth_shade,88,95,True,python,unreviewed
AuroraIA/application/python-services/proc_tank_military_smooth.py,beveled_cube,98,112,True,python,unreviewed
AuroraIA/application/python-services/proc_tank_military_smooth.py,smooth_sphere,115,128,True,python,unreviewed
AuroraIA/application/python-services/proc_tank_military_smooth.py,smooth_cone,131,142,True,python,unreviewed
AuroraIA/application/python-services/proc_tank_military_smooth.py,make_track,217,241,True,python,unreviewed
AuroraIA/application/python-services/proc_tank_military_smooth.py,make_turret_body,254,265,True,python,unreviewed
AuroraIA/application/python-services/proc_tank_military_smooth.py,kf_loc,363,365,True,python,unreviewed
AuroraIA/application/python-services/proc_tank_military_smooth.py,kf_scale,368,370,True,python,unreviewed
AuroraIA/application/python-services/proc_tank_military_smooth.py,kf_rot,373,375,True,python,unreviewed
AuroraIA/application/python-services/proc_telescope.py,_find_blender,20,25,False,python,unreviewed
AuroraIA/application/python-services/proc_telescope.py,make_telescope,232,252,True,python,unreviewed
AuroraIA/application/python-services/proc_telescope.py,main,255,261,True,python,unreviewed
AuroraIA/application/python-services/proc_tennis_court.py,_find_blender,20,25,False,python,unreviewed
AuroraIA/application/python-services/proc_tennis_court.py,make_tennis,256,276,True,python,unreviewed
AuroraIA/application/python-services/proc_tennis_court.py,main,279,285,True,python,unreviewed
AuroraIA/application/python-services/proc_texas_cowboys_rodeo_corral.py,reset,10,16,True,python,unreviewed
AuroraIA/application/python-services/proc_texas_cowboys_rodeo_corral.py,mat,18,35,True,python,unreviewed
AuroraIA/application/python-services/proc_texas_cowboys_rodeo_corral.py,smooth_shade,37,44,True,python,unreviewed
AuroraIA/application/python-services/proc_texas_cowboys_rodeo_corral.py,make_obj,46,53,True,python,unreviewed
AuroraIA/application/python-services/proc_texas_cowboys_rodeo_corral.py,beveled_cube,55,62,True,python,unreviewed
AuroraIA/application/python-services/proc_texas_cowboys_rodeo_corral.py,smooth_sphere,64,69,True,python,unreviewed
AuroraIA/application/python-services/proc_texas_cowboys_rodeo_corral.py,smooth_cone,71,74,True,python,unreviewed
AuroraIA/application/python-services/proc_texas_cowboys_rodeo_corral.py,cyl,76,77,True,python,unreviewed
AuroraIA/application/python-services/proc_texas_cowboys_rodeo_corral.py,empty,79,84,True,python,unreviewed
AuroraIA/application/python-services/proc_texas_cowboys_rodeo_corral.py,make_western_horse,350,424,True,python,unreviewed
AuroraIA/application/python-services/proc_texas_cowboys_rodeo_corral.py,make_cowboy,434,557,True,python,unreviewed
AuroraIA/application/python-services/proc_texas_cowboys_rodeo_corral.py,make_saguaro,567,605,True,python,unreviewed
AuroraIA/application/python-services/proc_thai_floating_market_lanterns.py,reset,10,16,True,python,unreviewed
AuroraIA/application/python-services/proc_thai_floating_market_lanterns.py,mat,18,35,True,python,unreviewed
AuroraIA/application/python-services/proc_thai_floating_market_lanterns.py,smooth_shade,37,44,True,python,unreviewed
AuroraIA/application/python-services/proc_thai_floating_market_lanterns.py,make_obj,46,53,True,python,unreviewed
AuroraIA/application/python-services/proc_thai_floating_market_lanterns.py,beveled_cube,55,62,True,python,unreviewed
AuroraIA/application/python-services/proc_thai_floating_market_lanterns.py,smooth_sphere,64,69,True,python,unreviewed
AuroraIA/application/python-services/proc_thai_floating_market_lanterns.py,smooth_cone,71,74,True,python,unreviewed
AuroraIA/application/python-services/proc_thai_floating_market_lanterns.py,cyl,76,77,True,python,unreviewed
AuroraIA/application/python-services/proc_thai_floating_market_lanterns.py,empty,79,84,True,python,unreviewed
AuroraIA/application/python-services/proc_thai_floating_market_lanterns.py,make_pontoon_plank,203,216,True,python,unreviewed
AuroraIA/application/python-services/proc_thai_floating_market_lanterns.py,make_longtail_boat,232,278,True,python,unreviewed
AuroraIA/application/python-services/proc_thai_floating_market_lanterns.py,make_vendor,289,335,True,python,unreviewed
AuroraIA/application/python-services/proc_thai_floating_market_lanterns.py,make_stall,420,463,True,python,unreviewed
AuroraIA/application/python-services/proc_thai_floating_market_lanterns.py,make_monk,523,560,True,python,unreviewed
AuroraIA/application/python-services/proc_tibetan_monastery_himalaya.py,reset,10,16,True,python,unreviewed
AuroraIA/application/python-services/proc_tibetan_monastery_himalaya.py,mat,18,40,True,python,unreviewed
AuroraIA/application/python-services/proc_tibetan_monastery_himalaya.py,smooth_shade,42,49,True,python,unreviewed
AuroraIA/application/python-services/proc_tibetan_monastery_himalaya.py,make_obj,51,58,True,python,unreviewed
AuroraIA/application/python-services/proc_tibetan_monastery_himalaya.py,beveled_cube,60,67,True,python,unreviewed
AuroraIA/application/python-services/proc_tibetan_monastery_himalaya.py,smooth_sphere,69,74,True,python,unreviewed
AuroraIA/application/python-services/proc_tibetan_monastery_himalaya.py,smooth_cone,76,79,True,python,unreviewed
AuroraIA/application/python-services/proc_tibetan_monastery_himalaya.py,cyl,81,82,True,python,unreviewed
AuroraIA/application/python-services/proc_tibetan_monastery_himalaya.py,empty,84,89,True,python,unreviewed
AuroraIA/application/python-services/proc_tibetan_monastery_himalaya.py,make_stupa,290,322,True,python,unreviewed
AuroraIA/application/python-services/proc_tibetan_monastery_himalaya.py,make_monk,373,439,True,python,unreviewed
AuroraIA/application/python-services/proc_tibetan_monastery_himalaya.py,make_yak,495,549,True,python,unreviewed
AuroraIA/application/python-services/proc_tibetan_monastery_himalaya.py,make_eagle,561,606,True,python,unreviewed
AuroraIA/application/python-services/proc_titanic_ocean_liner.py,make_mat,50,64,True,python,unreviewed
AuroraIA/application/python-services/proc_titanic_ocean_liner.py,add_obj,67,72,True,python,unreviewed
AuroraIA/application/python-services/proc_titanic_ocean_liner.py,empty,75,81,True,python,unreviewed
AuroraIA/application/python-services/proc_titanic_ocean_liner.py,smooth_shade,84,91,True,python,unreviewed
AuroraIA/application/python-services/proc_titanic_ocean_liner.py,beveled_cube,94,107,True,python,unreviewed
AuroraIA/application/python-services/proc_titanic_ocean_liner.py,smooth_sphere,110,123,True,python,unreviewed
AuroraIA/application/python-services/proc_titanic_ocean_liner.py,smooth_cone,126,137,True,python,unreviewed
AuroraIA/application/python-services/proc_titanic_ocean_liner.py,kf,360,369,True,python,unreviewed
AuroraIA/application/python-services/proc_toaster.py,_find_blender,21,26,False,python,unreviewed
AuroraIA/application/python-services/proc_toaster.py,make_toaster,353,373,True,python,unreviewed
AuroraIA/application/python-services/proc_toaster.py,main,376,382,True,python,unreviewed
AuroraIA/application/python-services/proc_tornado.py,make_mat,38,52,True,python,unreviewed
AuroraIA/application/python-services/proc_tornado.py,add_obj,55,60,True,python,unreviewed
AuroraIA/application/python-services/proc_tornado.py,empty,63,69,True,python,unreviewed
AuroraIA/application/python-services/proc_tornado.py,cube,72,82,True,python,unreviewed
AuroraIA/application/python-services/proc_tornado.py,sphere,85,95,True,python,unreviewed
AuroraIA/application/python-services/proc_tornado.py,cone,98,108,True,python,unreviewed
AuroraIA/application/python-services/proc_tornado.py,kf_loc,316,318,True,python,unreviewed
AuroraIA/application/python-services/proc_tornado.py,kf_scale,321,323,True,python,unreviewed
AuroraIA/application/python-services/proc_tornado.py,kf_rot,326,328,True,python,unreviewed
AuroraIA/application/python-services/proc_tower_crane.py,_find_blender,19,24,False,python,unreviewed
AuroraIA/application/python-services/proc_tower_crane.py,make_crane,263,283,True,python,unreviewed
AuroraIA/application/python-services/proc_tower_crane.py,main,286,292,True,python,unreviewed
AuroraIA/application/python-services/proc_traffic_light.py,_find_blender,20,25,False,python,unreviewed
AuroraIA/application/python-services/proc_traffic_light.py,make_tl,253,273,True,python,unreviewed
AuroraIA/application/python-services/proc_traffic_light.py,main,276,282,True,python,unreviewed
AuroraIA/application/python-services/proc_train_station.py,make_mat,41,55,True,python,unreviewed
AuroraIA/application/python-services/proc_train_station.py,add_obj,58,63,True,python,unreviewed
AuroraIA/application/python-services/proc_train_station.py,empty,66,72,True,python,unreviewed
AuroraIA/application/python-services/proc_train_station.py,cube,75,85,True,python,unreviewed
AuroraIA/application/python-services/proc_train_station.py,sphere,88,98,True,python,unreviewed
AuroraIA/application/python-services/proc_train_station.py,cone,101,111,True,python,unreviewed
AuroraIA/application/python-services/proc_train_station.py,kf_loc,456,458,True,python,unreviewed
AuroraIA/application/python-services/proc_train_station.py,kf_scale,461,463,True,python,unreviewed
AuroraIA/application/python-services/proc_train_station.py,kf_rot,466,468,True,python,unreviewed
AuroraIA/application/python-services/proc_treadmill.py,_find_blender,21,26,False,python,unreviewed
AuroraIA/application/python-services/proc_treadmill.py,make_treadmill,319,339,True,python,unreviewed
AuroraIA/application/python-services/proc_treadmill.py,main,342,348,True,python,unreviewed
AuroraIA/application/python-services/proc_tree.py,_find_blender,17,22,False,python,unreviewed
AuroraIA/application/python-services/proc_tree.py,make_tree,246,266,True,python,unreviewed
AuroraIA/application/python-services/proc_tree.py,main,269,275,True,python,unreviewed
AuroraIA/application/python-services/proc_treehouse_village.py,make_mat,38,52,True,python,unreviewed
AuroraIA/application/python-services/proc_treehouse_village.py,add_obj,55,60,True,python,unreviewed
AuroraIA/application/python-services/proc_treehouse_village.py,empty,63,69,True,python,unreviewed
AuroraIA/application/python-services/proc_treehouse_village.py,cube,72,82,True,python,unreviewed
AuroraIA/application/python-services/proc_treehouse_village.py,sphere,85,95,True,python,unreviewed
AuroraIA/application/python-services/proc_treehouse_village.py,cone,98,108,True,python,unreviewed
AuroraIA/application/python-services/proc_treehouse_village.py,make_tree,185,202,True,python,unreviewed
AuroraIA/application/python-services/proc_treehouse_village.py,make_treehouse,204,236,True,python,unreviewed
AuroraIA/application/python-services/proc_treehouse_village.py,kf_loc,390,392,True,python,unreviewed
AuroraIA/application/python-services/proc_treehouse_village.py,kf_scale,395,397,True,python,unreviewed
AuroraIA/application/python-services/proc_treehouse_village.py,kf_rot,400,402,True,python,unreviewed
AuroraIA/application/python-services/proc_turkish_cappadocia_hot_air_balloons.py,reset,10,16,True,python,unreviewed
AuroraIA/application/python-services/proc_turkish_cappadocia_hot_air_balloons.py,mat,18,35,True,python,unreviewed
AuroraIA/application/python-services/proc_turkish_cappadocia_hot_air_balloons.py,smooth_shade,37,44,True,python,unreviewed
AuroraIA/application/python-services/proc_turkish_cappadocia_hot_air_balloons.py,make_obj,46,53,True,python,unreviewed
AuroraIA/application/python-services/proc_turkish_cappadocia_hot_air_balloons.py,beveled_cube,55,62,True,python,unreviewed
AuroraIA/application/python-services/proc_turkish_cappadocia_hot_air_balloons.py,smooth_sphere,64,69,True,python,unreviewed
AuroraIA/application/python-services/proc_turkish_cappadocia_hot_air_balloons.py,smooth_cone,71,74,True,python,unreviewed
AuroraIA/application/python-services/proc_turkish_cappadocia_hot_air_balloons.py,cyl,76,77,True,python,unreviewed
AuroraIA/application/python-services/proc_turkish_cappadocia_hot_air_balloons.py,empty,79,84,True,python,unreviewed
AuroraIA/application/python-services/proc_turkish_cappadocia_hot_air_balloons.py,make_fairy_chimney,193,222,True,python,unreviewed
AuroraIA/application/python-services/proc_turkish_cappadocia_hot_air_balloons.py,make_balloon,236,302,True,python,unreviewed
AuroraIA/application/python-services/proc_turkish_cappadocia_hot_air_balloons.py,make_tourist,314,368,True,python,unreviewed
AuroraIA/application/python-services/proc_typewriter.py,_find_blender,20,25,False,python,unreviewed
AuroraIA/application/python-services/proc_typewriter.py,make_typewriter,315,335,True,python,unreviewed
AuroraIA/application/python-services/proc_typewriter.py,main,338,344,True,python,unreviewed
AuroraIA/application/python-services/proc_ufo.py,_find_blender,21,26,False,python,unreviewed
AuroraIA/application/python-services/proc_ufo.py,make_ufo,274,294,True,python,unreviewed
AuroraIA/application/python-services/proc_ufo.py,main,297,303,True,python,unreviewed
AuroraIA/application/python-services/proc_underwater_atlantis_ruins.py,make_mat,56,70,True,python,unreviewed
AuroraIA/application/python-services/proc_underwater_atlantis_ruins.py,add_obj,73,78,True,python,unreviewed
AuroraIA/application/python-services/proc_underwater_atlantis_ruins.py,empty,81,87,True,python,unreviewed
AuroraIA/application/python-services/proc_underwater_atlantis_ruins.py,smooth_shade,90,97,True,python,unreviewed
AuroraIA/application/python-services/proc_underwater_atlantis_ruins.py,beveled_cube,100,113,True,python,unreviewed
AuroraIA/application/python-services/proc_underwater_atlantis_ruins.py,smooth_sphere,116,129,True,python,unreviewed
AuroraIA/application/python-services/proc_underwater_atlantis_ruins.py,smooth_cone,132,143,True,python,unreviewed
AuroraIA/application/python-services/proc_underwater_atlantis_ruins.py,kf,471,480,True,python,unreviewed
AuroraIA/application/python-services/proc_underwater_submarine.py,make_mat,41,55,True,python,unreviewed
AuroraIA/application/python-services/proc_underwater_submarine.py,add_obj,58,63,True,python,unreviewed
AuroraIA/application/python-services/proc_underwater_submarine.py,empty,66,72,True,python,unreviewed
AuroraIA/application/python-services/proc_underwater_submarine.py,cube,75,85,True,python,unreviewed
AuroraIA/application/python-services/proc_underwater_submarine.py,sphere,88,98,True,python,unreviewed
AuroraIA/application/python-services/proc_underwater_submarine.py,cone,101,111,True,python,unreviewed
AuroraIA/application/python-services/proc_underwater_submarine.py,kf_loc,361,363,True,python,unreviewed
AuroraIA/application/python-services/proc_underwater_submarine.py,kf_scale,366,368,True,python,unreviewed
AuroraIA/application/python-services/proc_underwater_submarine.py,kf_rot,371,373,True,python,unreviewed
AuroraIA/application/python-services/proc_vending_machine.py,_find_blender,20,25,False,python,unreviewed
AuroraIA/application/python-services/proc_vending_machine.py,make_vending,346,366,True,python,unreviewed
AuroraIA/application/python-services/proc_vending_machine.py,main,369,375,True,python,unreviewed
AuroraIA/application/python-services/proc_venetian_carnival_gondola_masks.py,reset,10,16,True,python,unreviewed
AuroraIA/application/python-services/proc_venetian_carnival_gondola_masks.py,mat,18,35,True,python,unreviewed
AuroraIA/application/python-services/proc_venetian_carnival_gondola_masks.py,smooth_shade,37,44,True,python,unreviewed
AuroraIA/application/python-services/proc_venetian_carnival_gondola_masks.py,make_obj,46,53,True,python,unreviewed
AuroraIA/application/python-services/proc_venetian_carnival_gondola_masks.py,beveled_cube,55,62,True,python,unreviewed
AuroraIA/application/python-services/proc_venetian_carnival_gondola_masks.py,smooth_sphere,64,69,True,python,unreviewed
AuroraIA/application/python-services/proc_venetian_carnival_gondola_masks.py,smooth_cone,71,74,True,python,unreviewed
AuroraIA/application/python-services/proc_venetian_carnival_gondola_masks.py,cyl,76,77,True,python,unreviewed
AuroraIA/application/python-services/proc_venetian_carnival_gondola_masks.py,empty,79,84,True,python,unreviewed
AuroraIA/application/python-services/proc_venetian_carnival_gondola_masks.py,make_gondola,447,527,True,python,unreviewed
AuroraIA/application/python-services/proc_venetian_carnival_gondola_masks.py,make_gondolier,537,594,True,python,unreviewed
AuroraIA/application/python-services/proc_venetian_carnival_gondola_masks.py,make_masked_figure,609,710,True,python,unreviewed
AuroraIA/application/python-services/proc_venetian_carnival_gondola_masks.py,make_musician_v,721,774,True,python,unreviewed
AuroraIA/application/python-services/proc_vietnamese_halong_bay_junks.py,reset,10,16,True,python,unreviewed
AuroraIA/application/python-services/proc_vietnamese_halong_bay_junks.py,mat,18,35,True,python,unreviewed
AuroraIA/application/python-services/proc_vietnamese_halong_bay_junks.py,smooth_shade,37,44,True,python,unreviewed
AuroraIA/application/python-services/proc_vietnamese_halong_bay_junks.py,make_obj,46,53,True,python,unreviewed
AuroraIA/application/python-services/proc_vietnamese_halong_bay_junks.py,beveled_cube,55,62,True,python,unreviewed
AuroraIA/application/python-services/proc_vietnamese_halong_bay_junks.py,smooth_sphere,64,69,True,python,unreviewed
AuroraIA/application/python-services/proc_vietnamese_halong_bay_junks.py,smooth_cone,71,74,True,python,unreviewed
AuroraIA/application/python-services/proc_vietnamese_halong_bay_junks.py,cyl,76,77,True,python,unreviewed
AuroraIA/application/python-services/proc_vietnamese_halong_bay_junks.py,empty,79,84,True,python,unreviewed
AuroraIA/application/python-services/proc_vietnamese_halong_bay_junks.py,make_karst,174,209,True,python,unreviewed
AuroraIA/application/python-services/proc_vietnamese_halong_bay_junks.py,make_junk,222,293,True,python,unreviewed
AuroraIA/application/python-services/proc_vietnamese_halong_bay_junks.py,make_fisherman,304,365,True,python,unreviewed
AuroraIA/application/python-services/proc_vietnamese_halong_bay_junks.py,make_sampan,368,389,True,python,unreviewed
AuroraIA/application/python-services/proc_vietnamese_halong_bay_junks.py,make_floating_house,403,434,True,python,unreviewed
AuroraIA/application/python-services/proc_vietnamese_halong_bay_junks.py,make_cormorant,442,463,True,python,unreviewed
AuroraIA/application/python-services/proc_viking_longhouse_feast.py,reset,9,15,True,python,unreviewed
AuroraIA/application/python-services/proc_viking_longhouse_feast.py,mat,17,39,True,python,unreviewed
AuroraIA/application/python-services/proc_viking_longhouse_feast.py,smooth_shade,41,48,True,python,unreviewed
AuroraIA/application/python-services/proc_viking_longhouse_feast.py,make_obj,50,57,True,python,unreviewed
AuroraIA/application/python-services/proc_viking_longhouse_feast.py,beveled_cube,59,66,True,python,unreviewed
AuroraIA/application/python-services/proc_viking_longhouse_feast.py,smooth_sphere,68,73,True,python,unreviewed
AuroraIA/application/python-services/proc_viking_longhouse_feast.py,smooth_cone,75,78,True,python,unreviewed
AuroraIA/application/python-services/proc_viking_longhouse_feast.py,cyl,80,81,True,python,unreviewed
AuroraIA/application/python-services/proc_viking_longhouse_feast.py,empty,83,88,True,python,unreviewed
AuroraIA/application/python-services/proc_viking_longhouse_feast.py,make_viking,415,515,True,python,unreviewed
AuroraIA/application/python-services/proc_vintage_camera_studio.py,make_mat,52,66,True,python,unreviewed
AuroraIA/application/python-services/proc_vintage_camera_studio.py,add_obj,69,74,True,python,unreviewed
AuroraIA/application/python-services/proc_vintage_camera_studio.py,empty,77,83,True,python,unreviewed
AuroraIA/application/python-services/proc_vintage_camera_studio.py,smooth_shade,86,93,True,python,unreviewed
AuroraIA/application/python-services/proc_vintage_camera_studio.py,beveled_cube,96,109,True,python,unreviewed
AuroraIA/application/python-services/proc_vintage_camera_studio.py,smooth_sphere,112,125,True,python,unreviewed
AuroraIA/application/python-services/proc_vintage_camera_studio.py,smooth_cone,128,139,True,python,unreviewed
AuroraIA/application/python-services/proc_vintage_camera_studio.py,kf,439,448,True,python,unreviewed
AuroraIA/application/python-services/proc_volcanic_eruption_lava.py,reset,10,16,True,python,unreviewed
AuroraIA/application/python-services/proc_volcanic_eruption_lava.py,mat,18,40,True,python,unreviewed
AuroraIA/application/python-services/proc_volcanic_eruption_lava.py,smooth_shade,42,49,True,python,unreviewed
AuroraIA/application/python-services/proc_volcanic_eruption_lava.py,make_obj,51,58,True,python,unreviewed
AuroraIA/application/python-services/proc_volcanic_eruption_lava.py,beveled_cube,60,67,True,python,unreviewed
AuroraIA/application/python-services/proc_volcanic_eruption_lava.py,smooth_sphere,69,74,True,python,unreviewed
AuroraIA/application/python-services/proc_volcanic_eruption_lava.py,smooth_cone,76,79,True,python,unreviewed
AuroraIA/application/python-services/proc_volcanic_eruption_lava.py,cyl,81,82,True,python,unreviewed
AuroraIA/application/python-services/proc_volcanic_eruption_lava.py,empty,84,89,True,python,unreviewed
AuroraIA/application/python-services/proc_volcanic_eruption_lava.py,make_explorer,229,292,True,python,unreviewed
AuroraIA/application/python-services/proc_volcano.py,make_mat,35,49,True,python,unreviewed
AuroraIA/application/python-services/proc_volcano.py,add_obj,52,57,True,python,unreviewed
AuroraIA/application/python-services/proc_volcano.py,empty,60,66,True,python,unreviewed
AuroraIA/application/python-services/proc_volcano.py,cube,69,79,True,python,unreviewed
AuroraIA/application/python-services/proc_volcano.py,sphere,82,92,True,python,unreviewed
AuroraIA/application/python-services/proc_volcano.py,cone,95,105,True,python,unreviewed
AuroraIA/application/python-services/proc_volcano.py,make_lava_flow,170,184,True,python,unreviewed
AuroraIA/application/python-services/proc_volcano.py,kf_loc,233,235,True,python,unreviewed
AuroraIA/application/python-services/proc_volcano.py,kf_scale,238,240,True,python,unreviewed
AuroraIA/application/python-services/proc_volcano.py,kf_rot,243,245,True,python,unreviewed
AuroraIA/application/python-services/proc_washing_machine.py,_find_blender,21,26,False,python,unreviewed
AuroraIA/application/python-services/proc_washing_machine.py,make_washing,328,348,True,python,unreviewed
AuroraIA/application/python-services/proc_washing_machine.py,main,351,357,True,python,unreviewed
AuroraIA/application/python-services/proc_water_wheel.py,_find_blender,18,23,False,python,unreviewed
AuroraIA/application/python-services/proc_water_wheel.py,make_wheel,190,210,True,python,unreviewed
AuroraIA/application/python-services/proc_water_wheel.py,main,213,219,True,python,unreviewed
AuroraIA/application/python-services/proc_waterfall.py,make_mat,39,53,True,python,unreviewed
AuroraIA/application/python-services/proc_waterfall.py,add_obj,56,61,True,python,unreviewed
AuroraIA/application/python-services/proc_waterfall.py,empty,64,70,True,python,unreviewed
AuroraIA/application/python-services/proc_waterfall.py,cube,73,83,True,python,unreviewed
AuroraIA/application/python-services/proc_waterfall.py,sphere,86,96,True,python,unreviewed
AuroraIA/application/python-services/proc_waterfall.py,cone,99,109,True,python,unreviewed
AuroraIA/application/python-services/proc_waterfall.py,torus,112,125,True,python,unreviewed
AuroraIA/application/python-services/proc_waterfall.py,make_fir,289,298,True,python,unreviewed
AuroraIA/application/python-services/proc_waterfall.py,kf_loc,317,319,True,python,unreviewed
AuroraIA/application/python-services/proc_waterfall.py,kf_scale,322,324,True,python,unreviewed
AuroraIA/application/python-services/proc_waterfall.py,kf_rot,327,329,True,python,unreviewed
AuroraIA/application/python-services/proc_welsh_snowdonia_castle_dragons.py,reset,10,16,True,python,unreviewed
AuroraIA/application/python-services/proc_welsh_snowdonia_castle_dragons.py,mat,18,35,True,python,unreviewed
AuroraIA/application/python-services/proc_welsh_snowdonia_castle_dragons.py,smooth_shade,37,44,True,python,unreviewed
AuroraIA/application/python-services/proc_welsh_snowdonia_castle_dragons.py,make_obj,46,53,True,python,unreviewed
AuroraIA/application/python-services/proc_welsh_snowdonia_castle_dragons.py,beveled_cube,55,62,True,python,unreviewed
AuroraIA/application/python-services/proc_welsh_snowdonia_castle_dragons.py,smooth_sphere,64,69,True,python,unreviewed
AuroraIA/application/python-services/proc_welsh_snowdonia_castle_dragons.py,smooth_cone,71,74,True,python,unreviewed
AuroraIA/application/python-services/proc_welsh_snowdonia_castle_dragons.py,cyl,76,77,True,python,unreviewed
AuroraIA/application/python-services/proc_welsh_snowdonia_castle_dragons.py,empty,79,84,True,python,unreviewed
AuroraIA/application/python-services/proc_welsh_snowdonia_castle_dragons.py,make_mountain,200,219,True,python,unreviewed
AuroraIA/application/python-services/proc_welsh_snowdonia_castle_dragons.py,make_dragon,309,407,True,python,unreviewed
AuroraIA/application/python-services/proc_welsh_snowdonia_castle_dragons.py,make_knight,417,497,True,python,unreviewed
AuroraIA/application/python-services/proc_welsh_snowdonia_castle_dragons.py,make_oak,564,575,True,python,unreviewed
AuroraIA/application/python-services/proc_whale_breaching_ocean.py,make_mat,56,70,True,python,unreviewed
AuroraIA/application/python-services/proc_whale_breaching_ocean.py,add_obj,73,78,True,python,unreviewed
AuroraIA/application/python-services/proc_whale_breaching_ocean.py,empty,81,87,True,python,unreviewed
AuroraIA/application/python-services/proc_whale_breaching_ocean.py,smooth_shade,90,97,True,python,unreviewed
AuroraIA/application/python-services/proc_whale_breaching_ocean.py,beveled_cube,100,113,True,python,unreviewed
AuroraIA/application/python-services/proc_whale_breaching_ocean.py,smooth_sphere,116,129,True,python,unreviewed
AuroraIA/application/python-services/proc_whale_breaching_ocean.py,smooth_cone,132,143,True,python,unreviewed
AuroraIA/application/python-services/proc_whale_breaching_ocean.py,kf,382,391,True,python,unreviewed
AuroraIA/application/python-services/proc_windmill.py,_find_blender,18,23,False,python,unreviewed
AuroraIA/application/python-services/proc_windmill.py,make_windmill,200,220,True,python,unreviewed
AuroraIA/application/python-services/proc_windmill.py,main,223,229,True,python,unreviewed
AuroraIA/application/python-services/proc_winter_village.py,make_mat,43,57,True,python,unreviewed
AuroraIA/application/python-services/proc_winter_village.py,add_obj,60,65,True,python,unreviewed
AuroraIA/application/python-services/proc_winter_village.py,empty,68,74,True,python,unreviewed
AuroraIA/application/python-services/proc_winter_village.py,cube,77,87,True,python,unreviewed
AuroraIA/application/python-services/proc_winter_village.py,sphere,90,100,True,python,unreviewed
AuroraIA/application/python-services/proc_winter_village.py,cone,103,113,True,python,unreviewed
AuroraIA/application/python-services/proc_winter_village.py,make_house,260,282,True,python,unreviewed
AuroraIA/application/python-services/proc_winter_village.py,make_sled,387,400,True,python,unreviewed
AuroraIA/application/python-services/proc_winter_village.py,kf_loc,496,498,True,python,unreviewed
AuroraIA/application/python-services/proc_winter_village.py,kf_scale,501,503,True,python,unreviewed
AuroraIA/application/python-services/proc_winter_village.py,kf_rot,506,508,True,python,unreviewed
AuroraIA/application/python-services/proc_wishing_well.py,_find_blender,19,24,False,python,unreviewed
AuroraIA/application/python-services/proc_wishing_well.py,make_well,210,230,True,python,unreviewed
AuroraIA/application/python-services/proc_wishing_well.py,main,233,239,True,python,unreviewed
AuroraIA/application/python-services/proc_witch_cottage_forest.py,make_mat,54,68,True,python,unreviewed
AuroraIA/application/python-services/proc_witch_cottage_forest.py,add_obj,71,76,True,python,unreviewed
AuroraIA/application/python-services/proc_witch_cottage_forest.py,empty,79,85,True,python,unreviewed
AuroraIA/application/python-services/proc_witch_cottage_forest.py,smooth_shade,88,95,True,python,unreviewed
AuroraIA/application/python-services/proc_witch_cottage_forest.py,beveled_cube,98,111,True,python,unreviewed
AuroraIA/application/python-services/proc_witch_cottage_forest.py,smooth_sphere,114,127,True,python,unreviewed
AuroraIA/application/python-services/proc_witch_cottage_forest.py,smooth_cone,130,141,True,python,unreviewed
AuroraIA/application/python-services/proc_witch_cottage_forest.py,kf,477,486,True,python,unreviewed
AuroraIA/application/python-services/proc_witch_potion_brewing.py,reset,10,16,True,python,unreviewed
AuroraIA/application/python-services/proc_witch_potion_brewing.py,mat,18,41,True,python,unreviewed
AuroraIA/application/python-services/proc_witch_potion_brewing.py,smooth_shade,43,50,True,python,unreviewed
AuroraIA/application/python-services/proc_witch_potion_brewing.py,make_obj,52,61,True,python,unreviewed
AuroraIA/application/python-services/proc_witch_potion_brewing.py,beveled_cube,63,70,True,python,unreviewed
AuroraIA/application/python-services/proc_witch_potion_brewing.py,smooth_sphere,72,77,True,python,unreviewed
AuroraIA/application/python-services/proc_witch_potion_brewing.py,smooth_cone,79,82,True,python,unreviewed
AuroraIA/application/python-services/proc_witch_potion_brewing.py,cyl,84,85,True,python,unreviewed
AuroraIA/application/python-services/proc_witch_potion_brewing.py,empty,87,92,True,python,unreviewed
AuroraIA/application/python-services/proc_witch_potion_brewing.py,make_twisted_tree,228,268,True,python,unreviewed
AuroraIA/application/python-services/proc_workbench_scene.py,_find_blender,22,27,False,python,unreviewed
AuroraIA/application/python-services/proc_workbench_scene.py,make_workbench,311,331,True,python,unreviewed
AuroraIA/application/python-services/proc_workbench_scene.py,main,334,340,True,python,unreviewed
AuroraIA/application/python-services/proc_wormhole.py,_find_blender,20,25,False,python,unreviewed
AuroraIA/application/python-services/proc_wormhole.py,make_wh,245,265,True,python,unreviewed
AuroraIA/application/python-services/proc_wormhole.py,main,268,274,True,python,unreviewed
AuroraIA/application/python-services/proc_xylophone.py,_find_blender,18,23,False,python,unreviewed
AuroraIA/application/python-services/proc_xylophone.py,make_xylo,252,272,True,python,unreviewed
AuroraIA/application/python-services/proc_xylophone.py,main,275,281,True,python,unreviewed
AuroraIA/application/python-services/proc_yacht_luxury.py,make_mat,52,66,True,python,unreviewed
AuroraIA/application/python-services/proc_yacht_luxury.py,add_obj,69,74,True,python,unreviewed
AuroraIA/application/python-services/proc_yacht_luxury.py,empty,77,83,True,python,unreviewed
AuroraIA/application/python-services/proc_yacht_luxury.py,smooth_shade,86,93,True,python,unreviewed
AuroraIA/application/python-services/proc_yacht_luxury.py,beveled_cube,96,117,True,python,unreviewed
AuroraIA/application/python-services/proc_yacht_luxury.py,smooth_sphere,120,133,True,python,unreviewed
AuroraIA/application/python-services/proc_yacht_luxury.py,smooth_cone,136,147,True,python,unreviewed
AuroraIA/application/python-services/proc_yacht_luxury.py,kf_loc,439,441,True,python,unreviewed
AuroraIA/application/python-services/proc_yacht_luxury.py,kf_scale,444,446,True,python,unreviewed
AuroraIA/application/python-services/proc_yacht_luxury.py,kf_rot,449,451,True,python,unreviewed
AuroraIA/application/python-services/proc_yellowstone_geysers_bison_wolves.py,reset,10,16,True,python,unreviewed
AuroraIA/application/python-services/proc_yellowstone_geysers_bison_wolves.py,mat,18,35,True,python,unreviewed
AuroraIA/application/python-services/proc_yellowstone_geysers_bison_wolves.py,smooth_shade,37,44,True,python,unreviewed
AuroraIA/application/python-services/proc_yellowstone_geysers_bison_wolves.py,make_obj,46,53,True,python,unreviewed
AuroraIA/application/python-services/proc_yellowstone_geysers_bison_wolves.py,beveled_cube,55,62,True,python,unreviewed
AuroraIA/application/python-services/proc_yellowstone_geysers_bison_wolves.py,smooth_sphere,64,69,True,python,unreviewed
AuroraIA/application/python-services/proc_yellowstone_geysers_bison_wolves.py,smooth_cone,71,74,True,python,unreviewed
AuroraIA/application/python-services/proc_yellowstone_geysers_bison_wolves.py,cyl,76,77,True,python,unreviewed
AuroraIA/application/python-services/proc_yellowstone_geysers_bison_wolves.py,empty,79,84,True,python,unreviewed
AuroraIA/application/python-services/proc_yellowstone_geysers_bison_wolves.py,make_mountain,204,223,True,python,unreviewed
AuroraIA/application/python-services/proc_yellowstone_geysers_bison_wolves.py,make_prismatic_pool,257,274,True,python,unreviewed
AuroraIA/application/python-services/proc_yellowstone_geysers_bison_wolves.py,make_bison,281,340,True,python,unreviewed
AuroraIA/application/python-services/proc_yellowstone_geysers_bison_wolves.py,make_wolf,351,400,True,python,unreviewed
AuroraIA/application/python-services/proc_yellowstone_geysers_bison_wolves.py,make_pine,440,450,True,python,unreviewed
AuroraIA/application/python-services/project_photo_4k.py,run_project_4k,194,222,True,python,unreviewed
AuroraIA/application/python-services/ranger_generations.py,_est_etape,18,19,False,python,unreviewed
AuroraIA/application/python-services/ranger_generations.py,ranger,22,35,True,python,unreviewed
AuroraIA/application/python-services/ranger_generations.py,main,38,51,True,python,unreviewed
AuroraIA/application/python-services/reconstruct_flawless_perso.py,build_flawless_arm_and_hand,31,125,True,python,unreviewed
AuroraIA/application/python-services/reconstruct_flawless_perso.py,build_flawless_arm_and_hand.add_capsule,74,88,True,python,unreviewed
AuroraIA/application/python-services/reference_visual_search.py,parse_args,65,70,True,python,unreviewed
AuroraIA/application/python-services/reference_visual_search.py,clean_text,73,74,True,python,unreviewed
AuroraIA/application/python-services/reference_visual_search.py,request_bytes,77,91,True,python,unreviewed
AuroraIA/application/python-services/reference_visual_search.py,decode_text,94,102,True,python,unreviewed
AuroraIA/application/python-services/reference_visual_search.py,normalize_result_url,105,116,True,python,unreviewed
AuroraIA/application/python-services/reference_visual_search.py,search_duckduckgo,119,141,True,python,unreviewed
AuroraIA/application/python-services/reference_visual_search.py,looks_like_real_image,144,175,True,python,unreviewed
AuroraIA/application/python-services/reference_visual_search.py,extract_json_ld_images,178,191,True,python,unreviewed
AuroraIA/application/python-services/reference_visual_search.py,unique_urls,194,203,True,python,unreviewed
AuroraIA/application/python-services/reference_visual_search.py,inspect_page,206,245,True,python,unreviewed
AuroraIA/application/python-services/reference_visual_search.py,download_image,248,254,True,python,unreviewed
AuroraIA/application/python-services/reference_visual_search.py,search_via_crawl4ai,257,282,True,python,unreviewed
AuroraIA/application/python-services/reference_visual_search.py,search_bing_images,285,338,True,python,unreviewed
AuroraIA/application/python-services/reference_visual_search.py,main,341,405,True,python,unreviewed
AuroraIA/application/python-services/render_dual_portrait.py,setup_studio_scene,15,33,True,python,unreviewed
AuroraIA/application/python-services/render_dual_portrait.py,render_mesh,35,110,True,python,unreviewed
AuroraIA/application/python-services/render_female_avatar_master.py,render_view,87,93,True,python,unreviewed
AuroraIA/application/python-services/render_female_master_verification.py,render_view,87,93,True,python,unreviewed
AuroraIA/application/python-services/render_studio_verre.py,aire,21,24,True,python,unreviewed
AuroraIA/application/python-services/render_transparent_vector_tshirt.py,draw_tiktok,5,10,True,python,unreviewed
AuroraIA/application/python-services/render_transparent_vector_tshirt.py,draw_instagram,12,29,True,python,unreviewed
AuroraIA/application/python-services/render_transparent_vector_tshirt.py,draw_pcb_motherboard,31,56,True,python,unreviewed
AuroraIA/application/python-services/render_transparent_vector_tshirt.py,render_front_transparent_4k,59,127,True,python,unreviewed
AuroraIA/application/python-services/render_transparent_vector_tshirt.py,render_back_transparent_4k,130,206,True,python,unreviewed
AuroraIA/application/python-services/render_vector_tshirt.py,draw_tiktok_icon,5,20,True,python,unreviewed
AuroraIA/application/python-services/render_vector_tshirt.py,draw_instagram_icon,22,39,True,python,unreviewed
AuroraIA/application/python-services/render_vector_tshirt.py,render_front_tshirt_4k,42,126,True,python,unreviewed
AuroraIA/application/python-services/render_vector_tshirt.py,render_back_tshirt_4k,129,213,True,python,unreviewed
AuroraIA/application/python-services/render_views.py,look_at,54,56,True,python,unreviewed
AuroraIA/application/python-services/reuv_rebake.py,reuv_rebake,175,198,True,python,unreviewed
AuroraIA/application/python-services/reuv_rebake.py,main,201,210,True,python,unreviewed
AuroraIA/application/python-services/rigify_autorig.py,redresser_pca,44,136,True,python,unreviewed
AuroraIA/application/python-services/rigify_autorig.py,find_blender,139,156,True,python,unreviewed
AuroraIA/application/python-services/rigify_autorig.py,_mia_available,1349,1358,False,python,unreviewed
AuroraIA/application/python-services/rigify_autorig.py,_run_mia,1361,1408,False,python,unreviewed
AuroraIA/application/python-services/rigify_autorig.py,_motion_is_locomotion,1411,1439,False,python,unreviewed
AuroraIA/application/python-services/rigify_autorig.py,_apply_mia_walk,1442,1459,False,python,unreviewed
AuroraIA/application/python-services/rigify_autorig.py,_motion_to_english,1462,1490,False,python,unreviewed
AuroraIA/application/python-services/rigify_autorig.py,_retarget_bvh_on_mia,1493,1508,False,python,unreviewed
AuroraIA/application/python-services/rigify_autorig.py,_apply_mia_motion,1511,1532,False,python,unreviewed
AuroraIA/application/python-services/rigify_autorig.py,main,1535,1755,True,python,unreviewed
AuroraIA/application/python-services/roughness_synth.py,_print_result,13,14,False,python,unreviewed
AuroraIA/application/python-services/roughness_synth.py,_decode_rgb,17,27,False,python,unreviewed
AuroraIA/application/python-services/roughness_synth.py,_load_glb_maps,30,46,False,python,unreviewed
AuroraIA/application/python-services/roughness_synth.py,_load_glb_maps.png_of,34,38,False,python,unreviewed
AuroraIA/application/python-services/roughness_synth.py,_perlin,49,71,False,python,unreviewed
AuroraIA/application/python-services/roughness_synth.py,_perlin.corner,64,67,False,python,unreviewed
AuroraIA/application/python-services/roughness_synth.py,_fractal_noise,74,85,False,python,unreviewed
AuroraIA/application/python-services/roughness_synth.py,_cavity_map,88,99,False,python,unreviewed
AuroraIA/application/python-services/roughness_synth.py,synthesize,102,118,True,python,unreviewed
AuroraIA/application/python-services/roughness_synth.py,_attach_texture,121,131,False,python,unreviewed
AuroraIA/application/python-services/roughness_synth.py,_run,134,182,False,python,unreviewed
AuroraIA/application/python-services/roughness_synth.py,_build_test_glb,185,216,False,python,unreviewed
AuroraIA/application/python-services/roughness_synth.py,_selftest,219,253,False,python,unreviewed
AuroraIA/application/python-services/roughness_synth.py,main,256,282,True,python,unreviewed
AuroraIA/application/python-services/run_deep_image_benchmark.py,run_benchmark,82,139,True,python,unreviewed
AuroraIA/application/python-services/run_masterpiece_pack_generator.py,run_suite,17,64,True,python,unreviewed
AuroraIA/application/python-services/run_monobloc_world.py,queue_prompt,12,26,True,python,unreviewed
AuroraIA/application/python-services/run_monobloc_world.py,get_history,28,34,True,python,unreviewed
AuroraIA/application/python-services/run_monobloc_world.py,main,36,117,True,python,unreviewed
AuroraIA/application/python-services/run_real_pipeline_optimizer.py,run_real_pipeline,51,108,True,python,unreviewed
AuroraIA/application/python-services/run_ultra_complex_suite.py,main,39,75,True,python,unreviewed
AuroraIA/application/python-services/runtime_prepare.py,emit,60,61,True,python,unreviewed
AuroraIA/application/python-services/runtime_prepare.py,parse_args,64,68,True,python,unreviewed
AuroraIA/application/python-services/runtime_prepare.py,pip_install,71,80,True,python,unreviewed
AuroraIA/application/python-services/runtime_prepare.py,detect_nvidia,83,102,True,python,unreviewed
AuroraIA/application/python-services/runtime_prepare.py,torch_info,105,117,True,python,unreviewed
AuroraIA/application/python-services/runtime_prepare.py,ensure_torch_runtime,120,153,True,python,unreviewed
AuroraIA/application/python-services/runtime_prepare.py,ensure_packages,156,169,True,python,unreviewed
AuroraIA/application/python-services/runtime_prepare.py,main,172,196,True,python,unreviewed
AuroraIA/application/python-services/scene_compose_bpy.py,parse_args,12,27,True,python,unreviewed
AuroraIA/application/python-services/scene_compose_bpy.py,_opt_float,30,37,False,python,unreviewed
AuroraIA/application/python-services/scene_compose_bpy.py,import_glb,40,43,True,python,unreviewed
AuroraIA/application/python-services/scene_compose_bpy.py,mesh_objects,46,47,True,python,unreviewed
AuroraIA/application/python-services/scene_compose_bpy.py,world_bounds,50,70,True,python,unreviewed
AuroraIA/application/python-services/scene_compose_bpy.py,proxy_capture,73,99,True,python,unreviewed
AuroraIA/application/python-services/scene_compose_bpy.py,shifted_bvh,102,103,True,python,unreviewed
AuroraIA/application/python-services/scene_compose_bpy.py,verts_sum,106,107,True,python,unreviewed
AuroraIA/application/python-services/scene_compose_bpy.py,group_center,110,114,True,python,unreviewed
AuroraIA/application/python-services/scene_compose_bpy.py,detect_surface,117,144,True,python,unreviewed
AuroraIA/application/python-services/scene_compose_bpy.py,find_back_dir,147,161,True,python,unreviewed
AuroraIA/application/python-services/scene_compose_bpy.py,make_root,164,172,True,python,unreviewed
AuroraIA/application/python-services/scene_compose_bpy.py,_proxy_has_weights,175,182,False,python,unreviewed
AuroraIA/application/python-services/scene_compose_bpy.py,ensure_skinning,185,269,True,python,unreviewed
AuroraIA/application/python-services/scene_compose_bpy.py,find_armature,272,276,True,python,unreviewed
AuroraIA/application/python-services/scene_compose_bpy.py,purge_actions,279,305,True,python,unreviewed
AuroraIA/application/python-services/scene_compose_bpy.py,leg_bones,308,328,True,python,unreviewed
AuroraIA/application/python-services/scene_compose_bpy.py,leg_bones.pick,321,327,True,python,unreviewed
AuroraIA/application/python-services/scene_compose_bpy.py,force_fk,331,340,True,python,unreviewed
AuroraIA/application/python-services/scene_compose_bpy.py,aim_bone,343,349,True,python,unreviewed
AuroraIA/application/python-services/scene_compose_bpy.py,set_sit_pose,352,361,True,python,unreviewed
AuroraIA/application/python-services/scene_compose_bpy.py,clear_pose,364,367,True,python,unreviewed
AuroraIA/application/python-services/scene_compose_bpy.py,run,370,811,True,python,unreviewed
AuroraIA/application/python-services/scene_compose_bpy.py,main,814,825,True,python,unreviewed
AuroraIA/application/python-services/scene_composer.py,_strip_accents,20,21,False,python,unreviewed
AuroraIA/application/python-services/scene_composer.py,parse_instruction_llm,24,43,True,python,unreviewed
AuroraIA/application/python-services/scene_composer.py,parse_instruction_regex,46,63,True,python,unreviewed
AuroraIA/application/python-services/scene_composer.py,parse_instruction,66,72,True,python,unreviewed
AuroraIA/application/python-services/scene_composer.py,_glb_has_skin,75,86,False,python,unreviewed
AuroraIA/application/python-services/scene_composer.py,run_blender,89,113,True,python,unreviewed
AuroraIA/application/python-services/scene_composer.py,main,116,218,True,python,unreviewed
AuroraIA/application/python-services/scene_intelligence.py,_clampf,21,26,False,python,unreviewed
AuroraIA/application/python-services/scene_intelligence.py,render_views,29,38,True,python,unreviewed
AuroraIA/application/python-services/scene_intelligence.py,_glb_height,41,48,False,python,unreviewed
AuroraIA/application/python-services/scene_intelligence.py,_scale_mul_from_plan,51,59,False,python,unreviewed
AuroraIA/application/python-services/scene_intelligence.py,decide,62,100,True,python,unreviewed
AuroraIA/application/python-services/scene_intelligence.py,judge,103,132,True,python,unreviewed
AuroraIA/application/python-services/scene_intelligence.py,_run_composer,135,151,False,python,unreviewed
AuroraIA/application/python-services/scene_intelligence.py,compose_with_intelligence,154,208,True,python,unreviewed
AuroraIA/application/python-services/scene_intelligence.py,main,211,224,True,python,unreviewed
AuroraIA/application/python-services/scene_orchestrator.py,_un_appel,45,53,False,python,unreviewed
AuroraIA/application/python-services/scene_orchestrator.py,_ollama,56,66,False,python,unreviewed
AuroraIA/application/python-services/scene_orchestrator.py,_extract_json,69,76,False,python,unreviewed
AuroraIA/application/python-services/scene_orchestrator.py,_relation_selon_le_texte,87,106,False,python,unreviewed
AuroraIA/application/python-services/scene_orchestrator.py,decouper_en_objets,109,126,True,python,unreviewed
AuroraIA/application/python-services/scene_orchestrator.py,_decouper_une_fois,129,207,False,python,unreviewed
AuroraIA/application/python-services/scene_orchestrator.py,_slug,210,214,False,python,unreviewed
AuroraIA/application/python-services/scene_orchestrator.py,_posture_du_texte,224,232,False,python,unreviewed
AuroraIA/application/python-services/scene_orchestrator.py,split_scene_prompt,235,253,True,python,unreviewed
AuroraIA/application/python-services/scene_orchestrator.py,real_heights,257,288,True,python,unreviewed
AuroraIA/application/python-services/scene_orchestrator.py,_posture_acceptable,299,316,False,python,unreviewed
AuroraIA/application/python-services/scene_orchestrator.py,_isoler_la_personne,319,346,False,python,unreviewed
AuroraIA/application/python-services/scene_orchestrator.py,_seated_reference,349,420,False,python,unreviewed
AuroraIA/application/python-services/scene_orchestrator.py,_detacher_le_siege,427,460,False,python,unreviewed
AuroraIA/application/python-services/scene_orchestrator.py,_detacher_l_ordi,468,487,False,python,unreviewed
AuroraIA/application/python-services/scene_orchestrator.py,_role_de,501,514,False,python,unreviewed
AuroraIA/application/python-services/scene_orchestrator.py,_generate_object,517,650,False,python,unreviewed
AuroraIA/application/python-services/scene_orchestrator.py,_poser_le_personnage,668,741,False,python,unreviewed
AuroraIA/application/python-services/scene_orchestrator.py,_ordre_de_composition,744,760,False,python,unreviewed
AuroraIA/application/python-services/scene_orchestrator.py,_ordre_de_composition.poser,749,756,False,python,unreviewed
AuroraIA/application/python-services/scene_orchestrator.py,orchestrate_scene,763,1056,True,python,unreviewed
AuroraIA/application/python-services/scene_orchestrator.py,orchestrate_scene._liberer_entre_entites,792,825,False,python,unreviewed
AuroraIA/application/python-services/scene_orchestrator.py,orchestrate_scene._composer,967,981,False,python,unreviewed
AuroraIA/application/python-services/scene_orchestrator.py,main,1060,1073,True,python,unreviewed
AuroraIA/application/python-services/score_history.py,now_iso,46,47,True,python,unreviewed
AuroraIA/application/python-services/score_history.py,maybe_rotate,50,64,True,python,unreviewed
AuroraIA/application/python-services/score_history.py,append_event,67,90,True,python,unreviewed
AuroraIA/application/python-services/score_history.py,load_events,93,118,True,python,unreviewed
AuroraIA/application/python-services/score_history.py,compute_trend,121,183,True,python,unreviewed
AuroraIA/application/python-services/score_history.py,top_runs,186,212,True,python,unreviewed
AuroraIA/application/python-services/score_history.py,main,215,294,True,python,unreviewed
AuroraIA/application/python-services/sculpted_water_animator.py,animate_sculpted_water,232,253,True,python,unreviewed
AuroraIA/application/python-services/sculpted_water_animator.py,main,256,266,True,python,unreviewed
AuroraIA/application/python-services/segment_materiaux_zones.py,couleur_par_triangle,39,57,True,python,unreviewed
AuroraIA/application/python-services/segment_materiaux_zones.py,couleur_par_triangle.ech,46,49,True,python,unreviewed
AuroraIA/application/python-services/segment_materiaux_zones.py,voisinage,60,82,True,python,unreviewed
AuroraIA/application/python-services/segment_materiaux_zones.py,lisse,85,95,True,python,unreviewed
AuroraIA/application/python-services/segment_materiaux_zones.py,segmente,98,218,True,python,unreviewed
AuroraIA/application/python-services/segment_materiaux_zones.py,segmente.ajoute_indices,122,133,True,python,unreviewed
AuroraIA/application/python-services/segment_materiaux_zones.py,main,221,251,True,python,unreviewed
AuroraIA/application/python-services/selection_sujet.py,_charger,35,39,False,python,unreviewed
AuroraIA/application/python-services/selection_sujet.py,_detourer_auto,42,73,False,python,unreviewed
AuroraIA/application/python-services/selection_sujet.py,_segmenter_clic,76,106,False,python,unreviewed
AuroraIA/application/python-services/selection_sujet.py,_recadrer_cadre,109,115,False,python,unreviewed
AuroraIA/application/python-services/selection_sujet.py,_rogner_sur_alpha,118,130,False,python,unreviewed
AuroraIA/application/python-services/selection_sujet.py,selectionner,133,161,True,python,unreviewed
AuroraIA/application/python-services/sim_vers_glb.py,_blender,127,129,False,python,unreviewed
AuroraIA/application/python-services/sim_vers_glb.py,convertir,132,165,True,python,unreviewed
AuroraIA/application/python-services/smoke_card_builder.py,_parse_zone,26,34,False,python,unreviewed
AuroraIA/application/python-services/smoke_card_builder.py,_fractal_noise,37,60,False,python,unreviewed
AuroraIA/application/python-services/smoke_card_builder.py,make_gas_texture,63,90,True,python,unreviewed
AuroraIA/application/python-services/smoke_card_builder.py,make_gas_material,93,150,True,python,unreviewed
AuroraIA/application/python-services/smoke_card_builder.py,_build_cards_object,153,181,False,python,unreviewed
AuroraIA/application/python-services/smoke_card_builder.py,_add_billow_shape_keys,184,204,False,python,unreviewed
AuroraIA/application/python-services/smoke_card_builder.py,animate_billow_cycle,207,223,True,python,unreviewed
AuroraIA/application/python-services/smoke_card_builder.py,_animate_rise,226,243,False,python,unreviewed
AuroraIA/application/python-services/smoke_card_builder.py,create_smoke_cards,246,274,True,python,unreviewed
AuroraIA/application/python-services/smoke_card_builder.py,_export_glb,277,305,False,python,unreviewed
AuroraIA/application/python-services/smoke_card_builder.py,_argv_after_dashes,308,312,False,python,unreviewed
AuroraIA/application/python-services/smoke_card_builder.py,_self_test,315,325,False,python,unreviewed
AuroraIA/application/python-services/smoke_card_builder.py,main,328,353,True,python,unreviewed
AuroraIA/application/python-services/soft_drape_baker.py,bake_drape,117,136,True,python,unreviewed
AuroraIA/application/python-services/soft_drape_baker.py,main,139,149,True,python,unreviewed
AuroraIA/application/python-services/stage_quality_gate.py,_render_views,15,25,False,python,unreviewed
AuroraIA/application/python-services/stage_quality_gate.py,_view_metrics,28,48,False,python,unreviewed
AuroraIA/application/python-services/stage_quality_gate.py,_artifact_metrics,51,56,False,python,unreviewed
AuroraIA/application/python-services/stage_quality_gate.py,gate,59,82,True,python,unreviewed
AuroraIA/application/python-services/stage_quality_gate.py,main,85,90,True,python,unreviewed
AuroraIA/application/python-services/storage/aurora_storage.py,StorageError.__init__,25,27,False,python,unreviewed
AuroraIA/application/python-services/storage/aurora_storage.py,AuroraStorageManager.__init__,31,53,False,python,unreviewed
AuroraIA/application/python-services/storage/aurora_storage.py,AuroraStorageManager.cold_mounted,55,59,True,python,unreviewed
AuroraIA/application/python-services/storage/aurora_storage.py,AuroraStorageManager._load_document,61,69,False,python,unreviewed
AuroraIA/application/python-services/storage/aurora_storage.py,AuroraStorageManager.entries,71,73,True,python,unreviewed
AuroraIA/application/python-services/storage/aurora_storage.py,AuroraStorageManager._save_document,75,91,False,python,unreviewed
AuroraIA/application/python-services/storage/aurora_storage.py,AuroraStorageManager._entry,93,102,False,python,unreviewed
AuroraIA/application/python-services/storage/aurora_storage.py,AuroraStorageManager._paths_for,104,131,False,python,unreviewed
AuroraIA/application/python-services/storage/aurora_storage.py,AuroraStorageManager._usage_dict,134,139,False,python,unreviewed
AuroraIA/application/python-services/storage/aurora_storage.py,AuroraStorageManager._tier_usage,141,151,False,python,unreviewed
AuroraIA/application/python-services/storage/aurora_storage.py,AuroraStorageManager.ensure_space,153,221,True,python,unreviewed
AuroraIA/application/python-services/storage/aurora_storage.py,AuroraStorageManager._path_size,224,233,False,python,unreviewed
AuroraIA/application/python-services/storage/aurora_storage.py,AuroraStorageManager._remove_path,236,240,False,python,unreviewed
AuroraIA/application/python-services/storage/aurora_storage.py,AuroraStorageManager._copy_verified,242,266,False,python,unreviewed
AuroraIA/application/python-services/storage/aurora_storage.py,AuroraStorageManager._replace_with_symlink,268,288,False,python,unreviewed
AuroraIA/application/python-services/storage/aurora_storage.py,AuroraStorageManager.tier_model,290,351,True,python,unreviewed
AuroraIA/application/python-services/storage/aurora_storage.py,AuroraStorageManager.stage,353,393,True,python,unreviewed
AuroraIA/application/python-services/storage/aurora_storage.py,AuroraStorageManager.unstage,395,414,True,python,unreviewed
AuroraIA/application/python-services/storage/aurora_storage.py,AuroraStorageManager.purge,416,432,True,python,unreviewed
AuroraIA/application/python-services/storage/aurora_storage.py,AuroraStorageManager.ensure_output_target,434,452,True,python,unreviewed
AuroraIA/application/python-services/storage/aurora_storage.py,AuroraStorageManager.migrate_final_to_cold,454,478,True,python,unreviewed
AuroraIA/application/python-services/storage/aurora_storage.py,AuroraStorageManager.gc,480,513,True,python,unreviewed
AuroraIA/application/python-services/storage/aurora_storage.py,AuroraStorageManager.status,515,559,True,python,unreviewed
AuroraIA/application/python-services/storage/aurora_storage.py,default_manager,562,563,True,python,unreviewed
AuroraIA/application/python-services/storage/setup_key.py,configure_comfy_paths,34,68,True,python,unreviewed
AuroraIA/application/python-services/storage/setup_key.py,redirect_outputs,71,103,True,python,unreviewed
AuroraIA/application/python-services/storage/setup_key.py,inventory_markdown,106,140,True,python,unreviewed
AuroraIA/application/python-services/storage/setup_key.py,run_setup,143,171,True,python,unreviewed
AuroraIA/application/python-services/storage/setup_key.py,main,174,186,True,python,unreviewed
AuroraIA/application/python-services/storage/test_aurora_storage.py,AuroraStorageTests.setUp,33,75,True,python,unreviewed
AuroraIA/application/python-services/storage/test_aurora_storage.py,AuroraStorageTests.setUp.disk_usage,63,66,True,python,unreviewed
AuroraIA/application/python-services/storage/test_aurora_storage.py,AuroraStorageTests.tearDown,77,78,True,python,unreviewed
AuroraIA/application/python-services/storage/test_aurora_storage.py,AuroraStorageTests.test_offline_support_is_never_treated_as_a_directory_fallback,80,92,True,python,unreviewed
AuroraIA/application/python-services/storage/test_aurora_storage.py,AuroraStorageTests.test_hard_floor_refuses_saturation,94,99,True,python,unreviewed
AuroraIA/application/python-services/storage/test_aurora_storage.py,AuroraStorageTests.test_cold_tiering_stage_and_unstage_are_reversible,101,116,True,python,unreviewed
AuroraIA/application/python-services/storage/test_aurora_storage.py,AuroraStorageTests.test_symlink_failure_rolls_hot_source_back,118,125,True,python,unreviewed
AuroraIA/application/python-services/storage/test_aurora_storage.py,AuroraStorageTests.test_missing_cold_output_uses_internal_with_warning,127,139,True,python,unreviewed
AuroraIA/application/python-services/storage/test_aurora_storage.py,AuroraStorageTests.test_gc_defaults_to_dry_run_and_only_targets_terminal_jobs,141,152,True,python,unreviewed
AuroraIA/application/python-services/studio_voix.py,emit,48,49,True,python,unreviewed
AuroraIA/application/python-services/studio_voix.py,slugify,52,56,True,python,unreviewed
AuroraIA/application/python-services/studio_voix.py,auto_detect_emotion,59,133,True,python,unreviewed
AuroraIA/application/python-services/studio_voix.py,search_instrumental_tracks,136,173,True,python,unreviewed
AuroraIA/application/python-services/studio_voix.py,_ensure_builtin_instrumentals,176,254,False,python,unreviewed
AuroraIA/application/python-services/studio_voix.py,get_tree_summary,257,395,True,python,unreviewed
AuroraIA/application/python-services/studio_voix.py,normalize_sample_to_wav,398,428,True,python,unreviewed
AuroraIA/application/python-services/studio_voix.py,analyze_sample,431,433,True,python,unreviewed
AuroraIA/application/python-services/studio_voix.py,play_audio_cli,436,458,True,python,unreviewed
AuroraIA/application/python-services/studio_voix.py,record_microphone_cli,461,505,True,python,unreviewed
AuroraIA/application/python-services/studio_voix.py,replicate_voice,508,617,True,python,unreviewed
AuroraIA/application/python-services/studio_voix.py,mix_vocals_with_instrumental,620,647,True,python,unreviewed
AuroraIA/application/python-services/studio_voix.py,replicate_singing,650,775,True,python,unreviewed
AuroraIA/application/python-services/studio_voix.py,interactive_cli_wizard,778,931,True,python,unreviewed
AuroraIA/application/python-services/studio_voix.py,main,934,1026,True,python,unreviewed
AuroraIA/application/python-services/subject_kind_extractor.py,extract_kind,149,196,True,python,unreviewed
AuroraIA/application/python-services/subject_kind_extractor.py,main,199,211,True,python,unreviewed
AuroraIA/application/python-services/texture_despeckle.py,_detect_fluide,11,18,False,python,unreviewed
AuroraIA/application/python-services/texture_despeckle.py,despeckle_glb,21,58,True,python,unreviewed
AuroraIA/application/python-services/texture_despeckle.py,main,61,72,True,python,unreviewed
AuroraIA/application/python-services/texture_despeckle_atlas.py,_read_accessor,97,109,False,python,unreviewed
AuroraIA/application/python-services/texture_despeckle_atlas.py,_decode_image,112,119,False,python,unreviewed
AuroraIA/application/python-services/texture_despeckle_atlas.py,_encode_png,122,127,False,python,unreviewed
AuroraIA/application/python-services/texture_despeckle_atlas.py,_write_glb,130,148,False,python,unreviewed
AuroraIA/application/python-services/texture_despeckle_atlas.py,_connected_components,152,178,False,python,unreviewed
AuroraIA/application/python-services/texture_despeckle_atlas.py,_connected_components.find,164,170,False,python,unreviewed
AuroraIA/application/python-services/texture_despeckle_atlas.py,_weld,181,187,False,python,unreviewed
AuroraIA/application/python-services/texture_despeckle_atlas.py,_lab_delta,190,193,False,python,unreviewed
AuroraIA/application/python-services/texture_despeckle_atlas.py,_rasterize,196,202,False,python,unreviewed
AuroraIA/application/python-services/texture_despeckle_atlas.py,_PatchAllocator.__init__,218,237,False,python,unreviewed
AuroraIA/application/python-services/texture_despeckle_atlas.py,_PatchAllocator.take,239,244,False,python,unreviewed
AuroraIA/application/python-services/texture_despeckle_atlas.py,_process_group,248,488,False,python,unreviewed
AuroraIA/application/python-services/texture_despeckle_atlas.py,despeckle_glb,492,657,True,python,unreviewed
AuroraIA/application/python-services/texture_despeckle_atlas.py,despeckle_glb._tex_image,512,516,False,python,unreviewed
AuroraIA/application/python-services/texture_despeckle_atlas.py,despeckle_glb._patch_accessor,564,578,False,python,unreviewed
AuroraIA/application/python-services/texture_despeckle_atlas.py,despeckle_glb._writable,606,608,False,python,unreviewed
AuroraIA/application/python-services/texture_despeckle_atlas.py,main,660,702,True,python,unreviewed
AuroraIA/application/python-services/texture_fidelity.py,_find_blender,22,27,False,python,unreviewed
AuroraIA/application/python-services/texture_fidelity.py,_print_result,30,31,False,python,unreviewed
AuroraIA/application/python-services/texture_fidelity.py,_rembg_mask,34,37,False,python,unreviewed
AuroraIA/application/python-services/texture_fidelity.py,_fill_holes,40,50,False,python,unreviewed
AuroraIA/application/python-services/texture_fidelity.py,_fill_small_holes,53,66,False,python,unreviewed
AuroraIA/application/python-services/texture_fidelity.py,_subject_mask,69,81,False,python,unreviewed
AuroraIA/application/python-services/texture_fidelity.py,_prepare_photo,84,100,False,python,unreviewed
AuroraIA/application/python-services/texture_fidelity.py,_glb_albedo_info,103,119,False,python,unreviewed
AuroraIA/application/python-services/texture_fidelity.py,_replace_glb_image,122,140,False,python,unreviewed
AuroraIA/application/python-services/texture_fidelity.py,_run_blender,143,160,False,python,unreviewed
AuroraIA/application/python-services/texture_fidelity.py,_composite,163,184,False,python,unreviewed
AuroraIA/application/python-services/texture_fidelity.py,_refine_esrgan,187,200,False,python,unreviewed
AuroraIA/application/python-services/texture_fidelity.py,main,203,262,True,python,unreviewed
AuroraIA/application/python-services/texture_fidelity_bpy.py,_args,10,18,False,python,unreviewed
AuroraIA/application/python-services/texture_fidelity_bpy.py,_mesh_objects,21,22,False,python,unreviewed
AuroraIA/application/python-services/texture_fidelity_bpy.py,_world_bbox,25,33,False,python,unreviewed
AuroraIA/application/python-services/texture_fidelity_bpy.py,_setup_cycles,36,61,False,python,unreviewed
AuroraIA/application/python-services/texture_fidelity_bpy.py,_load_mask_image,64,70,False,python,unreviewed
AuroraIA/application/python-services/texture_fidelity_bpy.py,_norm_canvas,73,89,False,python,unreviewed
AuroraIA/application/python-services/texture_fidelity_bpy.py,_iou,92,96,False,python,unreviewed
AuroraIA/application/python-services/texture_fidelity_bpy.py,_frame_for_axis,109,117,False,python,unreviewed
AuroraIA/application/python-services/texture_fidelity_bpy.py,_render_silhouette,120,141,False,python,unreviewed
AuroraIA/application/python-services/texture_fidelity_bpy.py,_detect_axis,144,153,False,python,unreviewed
AuroraIA/application/python-services/texture_fidelity_bpy.py,_write_projection_uvs,156,190,False,python,unreviewed
AuroraIA/application/python-services/texture_fidelity_bpy.py,_write_visibility,193,237,False,python,unreviewed
AuroraIA/application/python-services/texture_fidelity_bpy.py,_build_bake_material,240,304,False,python,unreviewed
AuroraIA/application/python-services/texture_fidelity_bpy.py,_bake_pass,307,321,False,python,unreviewed
AuroraIA/application/python-services/texture_fidelity_bpy.py,_save_image,324,327,False,python,unreviewed
AuroraIA/application/python-services/texture_fidelity_bpy.py,main,330,401,True,python,unreviewed
AuroraIA/application/python-services/three_d_blender_heavy_test.py,_find_blender,64,100,False,python,unreviewed
AuroraIA/application/python-services/three_d_blender_heavy_test.py,_read_gltf_json,103,116,False,python,unreviewed
AuroraIA/application/python-services/three_d_blender_heavy_test.py,_text_audit,119,136,False,python,unreviewed
AuroraIA/application/python-services/three_d_blender_heavy_test.py,_animation_audit,139,180,False,python,unreviewed
AuroraIA/application/python-services/three_d_blender_heavy_test.py,_pixel_audit,183,210,False,python,unreviewed
AuroraIA/application/python-services/three_d_blender_heavy_test.py,_build_contact_sheet,213,243,False,python,unreviewed
AuroraIA/application/python-services/three_d_blender_heavy_test.py,_render_mesh_screenshots,246,267,False,python,unreviewed
AuroraIA/application/python-services/three_d_blender_heavy_test.py,_run_blender,844,931,False,python,unreviewed
AuroraIA/application/python-services/three_d_blender_heavy_test.py,_run_acceptance,934,940,False,python,unreviewed
AuroraIA/application/python-services/three_d_blender_heavy_test.py,_run_visual_quality,943,957,False,python,unreviewed
AuroraIA/application/python-services/three_d_blender_heavy_test.py,run_heavy_test,960,1050,True,python,unreviewed
AuroraIA/application/python-services/three_d_blender_heavy_test.py,render_pretty,1053,1095,True,python,unreviewed
AuroraIA/application/python-services/three_d_blender_heavy_test.py,main,1098,1120,True,python,unreviewed
AuroraIA/application/python-services/three_d_regression_suite.py,_case_definitions,67,240,False,python,unreviewed
AuroraIA/application/python-services/three_d_regression_suite.py,_case_map,243,244,False,python,unreviewed
AuroraIA/application/python-services/three_d_regression_suite.py,_utc_now,247,248,False,python,unreviewed
AuroraIA/application/python-services/three_d_regression_suite.py,_get_path,251,258,False,python,unreviewed
AuroraIA/application/python-services/three_d_regression_suite.py,_check,261,268,False,python,unreviewed
AuroraIA/application/python-services/three_d_regression_suite.py,_route_checks,271,276,False,python,unreviewed
AuroraIA/application/python-services/three_d_regression_suite.py,_contract_checks,279,318,False,python,unreviewed
AuroraIA/application/python-services/three_d_regression_suite.py,_run_live_reference_search,321,356,False,python,unreviewed
AuroraIA/application/python-services/three_d_regression_suite.py,_resolve_existing_mesh,359,371,False,python,unreviewed
AuroraIA/application/python-services/three_d_regression_suite.py,_screenshot_pixel_audit,374,433,False,python,unreviewed
AuroraIA/application/python-services/three_d_regression_suite.py,_build_contact_sheet,436,469,False,python,unreviewed
AuroraIA/application/python-services/three_d_regression_suite.py,_artifact_checks,472,525,False,python,unreviewed
AuroraIA/application/python-services/three_d_regression_suite.py,_mesh_audit,528,576,False,python,unreviewed
AuroraIA/application/python-services/three_d_regression_suite.py,_case_contract_payload,579,596,False,python,unreviewed
AuroraIA/application/python-services/three_d_regression_suite.py,run_case,599,651,True,python,unreviewed
AuroraIA/application/python-services/three_d_regression_suite.py,parse_mesh_map,654,665,True,python,unreviewed
AuroraIA/application/python-services/three_d_regression_suite.py,run_suite,668,730,True,python,unreviewed
AuroraIA/application/python-services/three_d_regression_suite.py,render_pretty,733,760,True,python,unreviewed
AuroraIA/application/python-services/three_d_regression_suite.py,main,763,796,True,python,unreviewed
AuroraIA/application/python-services/tool_inspector.py,inspect_python_package,19,60,True,python,unreviewed
AuroraIA/application/python-services/tool_inspector.py,inspect_system_command,63,111,True,python,unreviewed
AuroraIA/application/python-services/tool_inspector.py,main,114,128,True,python,unreviewed
AuroraIA/application/python-services/tracker_helper.py,_now_iso,39,40,False,python,unreviewed
AuroraIA/application/python-services/tracker_helper.py,_truncate,43,46,False,python,unreviewed
AuroraIA/application/python-services/tracker_helper.py,record_dispatch,49,114,True,python,unreviewed
AuroraIA/application/python-services/unify_metis_skin_and_pose.py,build_natural_metis_arm_and_hand,25,126,True,python,unreviewed
AuroraIA/application/python-services/unify_metis_skin_and_pose.py,build_natural_metis_arm_and_hand.add_capsule,62,76,True,python,unreviewed
AuroraIA/application/python-services/upright_object.py,_find_blender,149,157,False,python,unreviewed
AuroraIA/application/python-services/upright_object.py,_blender,160,173,False,python,unreviewed
AuroraIA/application/python-services/upright_object.py,_contact_sheet,176,196,False,python,unreviewed
AuroraIA/application/python-services/upright_object.py,_ask_vlm,199,237,False,python,unreviewed
AuroraIA/application/python-services/upright_object.py,_etendues,240,259,False,python,unreviewed
AuroraIA/application/python-services/upright_object.py,_est_couche,262,271,False,python,unreviewed
AuroraIA/application/python-services/upright_object.py,upright,274,312,True,python,unreviewed
AuroraIA/application/python-services/upright_object.py,main,315,328,True,python,unreviewed
AuroraIA/application/python-services/uv_unwrap_propre.py,_plus_gros,25,31,False,python,unreviewed
AuroraIA/application/python-services/uv_unwrap_propre.py,mesurer_ilots,34,60,True,python,unreviewed
AuroraIA/application/python-services/uv_unwrap_propre.py,mesurer_ilots.racine,43,47,True,python,unreviewed
AuroraIA/application/python-services/uv_unwrap_propre.py,deplier,63,111,True,python,unreviewed
AuroraIA/application/python-services/vlm_judge.py,question_hash,12,13,True,python,unreviewed
AuroraIA/application/python-services/vlm_judge.py,_load_mock,16,25,False,python,unreviewed
AuroraIA/application/python-services/vlm_judge.py,_encode_images,28,51,False,python,unreviewed
AuroraIA/application/python-services/vlm_judge.py,_chat,54,67,False,python,unreviewed
AuroraIA/application/python-services/vlm_judge.py,ask_vlm,70,111,True,python,unreviewed
AuroraIA/application/python-services/vlm_judge.py,main,114,123,True,python,unreviewed
AuroraIA/application/python-services/voice_service.py,emit,104,105,True,python,unreviewed
AuroraIA/application/python-services/voice_service.py,_find_rhubarb,112,132,False,python,unreviewed
AuroraIA/application/python-services/voice_service.py,_run_rhubarb,135,177,False,python,unreviewed
AuroraIA/application/python-services/voice_service.py,pip_install,180,185,True,python,unreviewed
AuroraIA/application/python-services/voice_service.py,ensure_packages,188,197,True,python,unreviewed
AuroraIA/application/python-services/voice_service.py,_cuda_available,200,205,False,python,unreviewed
AuroraIA/application/python-services/voice_service.py,prepare_for_speech,320,435,True,python,unreviewed
AuroraIA/application/python-services/voice_service.py,prepare_for_speech._replace_chem,363,367,False,python,unreviewed
AuroraIA/application/python-services/voice_service.py,prepare_for_speech._replace_element_plus_digit,376,382,False,python,unreviewed
AuroraIA/application/python-services/voice_service.py,prepare_for_speech._replace_isolated_element,394,397,False,python,unreviewed
AuroraIA/application/python-services/voice_service.py,_strip_markdown,438,440,False,python,unreviewed
AuroraIA/application/python-services/voice_service.py,_try_voxtral,447,493,False,python,unreviewed
AuroraIA/application/python-services/voice_service.py,_is_hallucination,496,523,False,python,unreviewed
AuroraIA/application/python-services/voice_service.py,_load_audio_numpy,526,553,False,python,unreviewed
AuroraIA/application/python-services/voice_service.py,_transcribe_whisper,556,651,False,python,unreviewed
AuroraIA/application/python-services/voice_service.py,_convert_to_wav,654,691,False,python,unreviewed
AuroraIA/application/python-services/voice_service.py,run_stt,694,722,True,python,unreviewed
AuroraIA/application/python-services/voice_service.py,_run_tts_edge,729,806,False,python,unreviewed
AuroraIA/application/python-services/voice_service.py,_run_tts_edge._synthesize,756,789,False,python,unreviewed
AuroraIA/application/python-services/voice_service.py,_find_ffmpeg,809,823,False,python,unreviewed
AuroraIA/application/python-services/voice_service.py,_download_piper_voice,826,857,False,python,unreviewed
AuroraIA/application/python-services/voice_service.py,_run_tts_piper,860,905,False,python,unreviewed
AuroraIA/application/python-services/voice_service.py,maybe_generate_talking_video,908,953,True,python,unreviewed
AuroraIA/application/python-services/voice_service.py,run_tts,956,1062,True,python,unreviewed
AuroraIA/application/python-services/voice_service.py,main,1069,1110,True,python,unreviewed
AuroraIA/application/python-services/web_action_browser.py,run_action,6,76,True,python,unreviewed
AuroraIA/application/python-services/zone_mask_baker.py,_load_mesh,20,24,False,python,unreviewed
AuroraIA/application/python-services/zone_mask_baker.py,_camera,27,41,False,python,unreviewed
AuroraIA/application/python-services/zone_mask_baker.py,_project,44,52,False,python,unreviewed
AuroraIA/application/python-services/zone_mask_baker.py,bake_zone_masks,55,111,True,python,unreviewed
AuroraIA/application/python-services/zone_mask_baker.py,refine_water_masks,115,162,True,python,unreviewed
AuroraIA/application/python-services/zone_mask_baker.py,main,165,178,True,python,unreviewed
AuroraIA/application/routes/asset_bp_routes.py,_resoudre_chemin_workspace,12,27,False,python,unreviewed
AuroraIA/application/routes/asset_bp_routes.py,three_d_select_subject,31,68,True,python,unreviewed
AuroraIA/application/routes/asset_bp_routes.py,aurora_viewer_page,72,77,True,python,unreviewed
AuroraIA/application/routes/asset_bp_routes.py,serve_asset,81,101,True,python,unreviewed
AuroraIA/application/routes/asset_bp_routes.py,download_asset,105,116,True,python,unreviewed
AuroraIA/application/routes/asset_bp_routes.py,list_generated_files,120,145,True,python,unreviewed
AuroraIA/application/routes/asset_bp_routes.py,persist_generated_image,149,178,True,python,unreviewed
AuroraIA/application/routes/cinema_bp_routes.py,_run_cinema_script_sync,43,78,False,python,unreviewed
AuroraIA/application/routes/cinema_bp_routes.py,_strip_json_fence,210,219,False,python,unreviewed
AuroraIA/application/routes/cinema_bp_routes.py,_ollama_installed_models,222,230,False,python,unreviewed
AuroraIA/application/routes/cinema_bp_routes.py,_resolve_storyboard_model,233,273,False,python,unreviewed
AuroraIA/application/routes/cinema_bp_routes.py,cinema_storyboard,277,362,True,python,unreviewed
AuroraIA/application/routes/cinema_bp_routes.py,academy_parcours_latest,366,377,True,python,unreviewed
AuroraIA/application/routes/cinema_bp_routes.py,cinema_sample_render,381,430,True,python,unreviewed
AuroraIA/application/routes/cinema_bp_routes.py,cinema_regenerate_shot,434,523,True,python,unreviewed
AuroraIA/application/routes/cinema_bp_routes.py,cinema_selftest,527,606,True,python,unreviewed
AuroraIA/application/routes/cinema_bp_routes.py,cinema_video_benchmark,610,665,True,python,unreviewed
AuroraIA/application/routes/cinema_bp_routes.py,cinema_preview_keyframes,669,718,True,python,unreviewed
AuroraIA/application/routes/cinema_bp_routes.py,cinema_generate,722,773,True,python,unreviewed
AuroraIA/application/routes/cinema_bp_routes.py,video_render,788,889,True,python,unreviewed
AuroraIA/application/routes/cinema_bp_routes.py,_parse_eta_from_progress,892,902,False,python,unreviewed
AuroraIA/application/routes/cinema_bp_routes.py,_reload_lost_cinema_job,905,977,False,python,unreviewed
AuroraIA/application/routes/cinema_bp_routes.py,_job_eta_from_disk,980,994,False,python,unreviewed
AuroraIA/application/routes/cinema_bp_routes.py,cinema_films,1004,1046,True,python,unreviewed
AuroraIA/application/routes/cinema_bp_routes.py,cinema_film_video,1050,1060,True,python,unreviewed
AuroraIA/application/routes/cinema_bp_routes.py,cinema_film_rapport,1064,1075,True,python,unreviewed
AuroraIA/application/routes/cinema_bp_routes.py,cinema_job_status,1079,1125,True,python,unreviewed
AuroraIA/application/routes/cinema_bp_routes.py,cinema_job_cancel,1129,1131,True,python,unreviewed
AuroraIA/application/routes/cinema_bp_routes.py,video_gpu_queue_status,1135,1143,True,python,unreviewed
AuroraIA/application/routes/cinema_bp_routes.py,_storage_response,1146,1163,False,python,unreviewed
AuroraIA/application/routes/cinema_bp_routes.py,_video_model_strategy,1166,1180,False,python,unreviewed
AuroraIA/application/routes/cinema_bp_routes.py,storage_status,1184,1211,True,python,unreviewed
AuroraIA/application/routes/cinema_bp_routes.py,storage_status.status_with_strategy,1186,1209,True,python,unreviewed
AuroraIA/application/routes/cinema_bp_routes.py,storage_tier,1215,1221,True,python,unreviewed
AuroraIA/application/routes/cinema_bp_routes.py,storage_stage,1225,1229,True,python,unreviewed
AuroraIA/application/routes/cinema_bp_routes.py,storage_unstage,1233,1237,True,python,unreviewed
AuroraIA/application/routes/cinema_bp_routes.py,storage_gc,1241,1248,True,python,unreviewed
AuroraIA/application/routes/cinema_bp_routes.py,storage_purge,1252,1260,True,python,unreviewed
AuroraIA/application/routes/cinema_bp_routes.py,video_gallery,1264,1319,True,python,unreviewed
AuroraIA/application/routes/cinema_bp_routes.py,video_gallery.append_video,1273,1288,True,python,unreviewed
AuroraIA/application/routes/cinema_bp_routes.py,voice_library_list,1327,1330,True,python,unreviewed
AuroraIA/application/routes/cinema_bp_routes.py,voice_library_delete,1334,1347,True,python,unreviewed
AuroraIA/application/routes/cinema_bp_routes.py,voice_library_clear,1351,1364,True,python,unreviewed
AuroraIA/application/routes/cinema_bp_routes.py,voice_register,1368,1437,True,python,unreviewed
AuroraIA/application/routes/cinema_bp_routes.py,voice_extract_async,1441,1499,True,python,unreviewed
AuroraIA/application/routes/cinema_bp_routes.py,voice_synthesize,1503,1554,True,python,unreviewed
AuroraIA/application/routes/cinema_bp_routes.py,voice_clone_check,1558,1561,True,python,unreviewed
AuroraIA/application/routes/cinema_bp_routes.py,_guess_audio_ext_and_bytes,1568,1590,False,python,unreviewed
AuroraIA/application/routes/cinema_bp_routes.py,voice_studio_upload_sample,1594,1689,True,python,unreviewed
AuroraIA/application/routes/cinema_bp_routes.py,voice_studio_stream_sample,1693,1708,True,python,unreviewed
AuroraIA/application/routes/cinema_bp_routes.py,voice_studio_replicate,1712,1775,True,python,unreviewed
AuroraIA/application/routes/cinema_bp_routes.py,voice_studio_sing,1779,1847,True,python,unreviewed
AuroraIA/application/routes/cinema_bp_routes.py,voice_studio_music_search,1851,1861,True,python,unreviewed
AuroraIA/application/routes/cinema_bp_routes.py,voice_studio_stream_music,1865,1876,True,python,unreviewed
AuroraIA/application/routes/cinema_bp_routes.py,voice_studio_detect_emotion,1880,1890,True,python,unreviewed
AuroraIA/application/routes/cinema_bp_routes.py,voice_studio_calibrate,1894,1907,True,python,unreviewed
AuroraIA/application/routes/cinema_bp_routes.py,voice_studio_stream_generation,1911,1928,True,python,unreviewed
AuroraIA/application/routes/cinema_bp_routes.py,voice_studio_tree,1932,1940,True,python,unreviewed
AuroraIA/application/routes/cinema_bp_routes.py,voice_studio_profiles,1944,1955,True,python,unreviewed
AuroraIA/application/routes/cinema_bp_routes.py,voice_studio_delete_profile,1959,1971,True,python,unreviewed
AuroraIA/application/routes/cinema_bp_routes.py,voice_studio_clean_legacy,1975,1991,True,python,unreviewed
AuroraIA/application/routes/cinema_bp_routes.py,_music_headers,2007,2012,False,python,unreviewed
AuroraIA/application/routes/cinema_bp_routes.py,_music_engine_json,2015,2034,False,python,unreviewed
AuroraIA/application/routes/cinema_bp_routes.py,_music_safe_slug,2037,2039,False,python,unreviewed
AuroraIA/application/routes/cinema_bp_routes.py,_music_number,2042,2049,False,python,unreviewed
AuroraIA/application/routes/cinema_bp_routes.py,_music_choose_model,2052,2064,False,python,unreviewed
AuroraIA/application/routes/cinema_bp_routes.py,_music_status_payload,2067,2088,False,python,unreviewed
AuroraIA/application/routes/cinema_bp_routes.py,_music_result_audio_url,2091,2102,False,python,unreviewed
AuroraIA/application/routes/cinema_bp_routes.py,_music_store_result,2105,2148,False,python,unreviewed
AuroraIA/application/routes/cinema_bp_routes.py,_music_refresh_job,2151,2204,False,python,unreviewed
AuroraIA/application/routes/cinema_bp_routes.py,_music_public_job,2207,2208,False,python,unreviewed
AuroraIA/application/routes/cinema_bp_routes.py,music_status,2212,2213,True,python,unreviewed
AuroraIA/application/routes/cinema_bp_routes.py,music_voice_list,2217,2231,True,python,unreviewed
AuroraIA/application/routes/cinema_bp_routes.py,music_voice_import,2235,2295,True,python,unreviewed
AuroraIA/application/routes/cinema_bp_routes.py,music_create,2299,2379,True,python,unreviewed
AuroraIA/application/routes/cinema_bp_routes.py,music_job,2383,2387,True,python,unreviewed
AuroraIA/application/routes/cinema_bp_routes.py,music_exports,2391,2409,True,python,unreviewed
AuroraIA/application/routes/cinema_bp_routes.py,music_export_file,2413,2420,True,python,unreviewed
AuroraIA/application/routes/cli_bp_routes.py,_cli_auth_required,92,96,False,python,unreviewed
AuroraIA/application/routes/cli_bp_routes.py,_cli_auth_required.dec,95,95,False,python,unreviewed
AuroraIA/application/routes/cli_bp_routes.py,_old_cli_auth_required,98,108,False,python,unreviewed
AuroraIA/application/routes/cli_bp_routes.py,_old_cli_auth_required.wrapper,102,107,False,python,unreviewed
AuroraIA/application/routes/cli_bp_routes.py,_cli_load_json,111,116,False,python,unreviewed
AuroraIA/application/routes/cli_bp_routes.py,_cli_save_json,119,124,False,python,unreviewed
AuroraIA/application/routes/cli_bp_routes.py,cli_register,130,163,True,python,unreviewed
AuroraIA/application/routes/cli_bp_routes.py,cli_auth,167,173,True,python,unreviewed
AuroraIA/application/routes/cli_bp_routes.py,cli_version,178,181,True,python,unreviewed
AuroraIA/application/routes/cli_bp_routes.py,cli_status,186,228,True,python,unreviewed
AuroraIA/application/routes/cli_bp_routes.py,cli_doctor,233,278,True,python,unreviewed
AuroraIA/application/routes/cli_bp_routes.py,cli_session_create,285,303,True,python,unreviewed
AuroraIA/application/routes/cli_bp_routes.py,cli_session_list,308,320,True,python,unreviewed
AuroraIA/application/routes/cli_bp_routes.py,cli_session_get,325,330,True,python,unreviewed
AuroraIA/application/routes/cli_bp_routes.py,cli_session_resume,335,342,True,python,unreviewed
AuroraIA/application/routes/cli_bp_routes.py,cli_session_delete,347,352,True,python,unreviewed
AuroraIA/application/routes/cli_bp_routes.py,cli_chat,359,410,True,python,unreviewed
AuroraIA/application/routes/cli_bp_routes.py,cli_chat.generate,382,407,True,python,unreviewed
AuroraIA/application/routes/cli_bp_routes.py,_cli_session_append_message,413,422,False,python,unreviewed
AuroraIA/application/routes/cli_bp_routes.py,cli_permissions_get,429,431,True,python,unreviewed
AuroraIA/application/routes/cli_bp_routes.py,cli_permissions_set,436,449,True,python,unreviewed
AuroraIA/application/routes/cli_bp_routes.py,cli_workspace_get,456,457,True,python,unreviewed
AuroraIA/application/routes/cli_bp_routes.py,cli_workspace_set,462,467,True,python,unreviewed
AuroraIA/application/routes/cli_bp_routes.py,cli_tools,474,501,True,python,unreviewed
AuroraIA/application/routes/cli_bp_routes.py,cli_models,506,520,True,python,unreviewed
AuroraIA/application/routes/cli_bp_routes.py,_cli_list_official_agents,525,544,False,python,unreviewed
AuroraIA/application/routes/cli_bp_routes.py,cli_agents_official,549,556,True,python,unreviewed
AuroraIA/application/routes/cli_bp_routes.py,cli_agent_disable,561,567,True,python,unreviewed
AuroraIA/application/routes/cli_bp_routes.py,cli_agent_enable,572,576,True,python,unreviewed
AuroraIA/application/routes/cli_bp_routes.py,cli_dynamic_agents_list,583,585,True,python,unreviewed
AuroraIA/application/routes/cli_bp_routes.py,cli_dynamic_agent_create,590,610,True,python,unreviewed
AuroraIA/application/routes/cli_bp_routes.py,cli_dynamic_agent_get,615,620,True,python,unreviewed
AuroraIA/application/routes/cli_bp_routes.py,cli_dynamic_agent_modify,625,635,True,python,unreviewed
AuroraIA/application/routes/cli_bp_routes.py,cli_dynamic_agent_delete,640,645,True,python,unreviewed
AuroraIA/application/routes/cli_bp_routes.py,cli_dynamic_agent_save,650,657,True,python,unreviewed
AuroraIA/application/routes/cli_bp_routes.py,_cli_discover_mcp,662,687,False,python,unreviewed
AuroraIA/application/routes/cli_bp_routes.py,cli_mcp_list,692,695,True,python,unreviewed
AuroraIA/application/routes/cli_bp_routes.py,cli_mcp_tools,700,736,True,python,unreviewed
AuroraIA/application/routes/cli_bp_routes.py,cli_mcp_call,741,772,True,python,unreviewed
AuroraIA/application/routes/cli_bp_routes.py,_cli_discover_skills,777,817,False,python,unreviewed
AuroraIA/application/routes/cli_bp_routes.py,cli_skills_list,822,825,True,python,unreviewed
AuroraIA/application/routes/cli_bp_routes.py,cli_skills_read,830,843,True,python,unreviewed
AuroraIA/application/routes/cli_bp_routes.py,cli_skills_create,848,880,True,python,unreviewed
AuroraIA/application/routes/cli_bp_routes.py,cli_skills_discover,885,913,True,python,unreviewed
AuroraIA/application/routes/cli_bp_routes.py,cli_connections_list,920,929,True,python,unreviewed
AuroraIA/application/routes/cli_bp_routes.py,cli_connections_add,934,956,True,python,unreviewed
AuroraIA/application/routes/cli_bp_routes.py,cli_connections_remove,961,967,True,python,unreviewed
AuroraIA/application/routes/cli_bp_routes.py,cli_connections_test,972,998,True,python,unreviewed
AuroraIA/application/routes/cli_bp_routes.py,_cli_load_context_for_workspace,1003,1020,False,python,unreviewed
AuroraIA/application/routes/cli_bp_routes.py,cli_mission_start,1027,1058,True,python,unreviewed
AuroraIA/application/routes/cli_bp_routes.py,_ipc_mission_listener,1064,1085,False,python,unreviewed
AuroraIA/application/routes/cli_bp_routes.py,_cli_publish_ipc,1090,1098,False,python,unreviewed
AuroraIA/application/routes/cli_bp_routes.py,cli_mission_input,1102,1114,True,python,unreviewed
AuroraIA/application/routes/cli_bp_routes.py,cli_mission_stream,1119,1145,True,python,unreviewed
AuroraIA/application/routes/cli_bp_routes.py,cli_mission_stream.generate,1125,1142,True,python,unreviewed
AuroraIA/application/routes/cli_bp_routes.py,cli_mission_status,1150,1161,True,python,unreviewed
AuroraIA/application/routes/cli_bp_routes.py,cli_mission_stop,1166,1174,True,python,unreviewed
AuroraIA/application/routes/comfy_life_bp_routes.py,comfyui_status,13,15,True,python,unreviewed
AuroraIA/application/routes/comfy_life_bp_routes.py,comfyui_start,19,26,True,python,unreviewed
AuroraIA/application/routes/comfy_life_bp_routes.py,comfyui_image,30,61,True,python,unreviewed
AuroraIA/application/routes/comfy_proxy_bp_routes.py,comfyui_proxy,13,22,True,python,unreviewed
AuroraIA/application/routes/connect_bp_routes.py,_load_connect_targets,19,25,False,python,unreviewed
AuroraIA/application/routes/connect_bp_routes.py,_save_connect_targets,28,30,False,python,unreviewed
AuroraIA/application/routes/connect_bp_routes.py,_try_paramiko,33,38,False,python,unreviewed
AuroraIA/application/routes/connect_bp_routes.py,connect_targets_list,42,48,True,python,unreviewed
AuroraIA/application/routes/connect_bp_routes.py,connect_targets_save,52,73,True,python,unreviewed
AuroraIA/application/routes/connect_bp_routes.py,connect_targets_delete,77,84,True,python,unreviewed
AuroraIA/application/routes/connect_bp_routes.py,_ssh_connect_params,87,106,False,python,unreviewed
AuroraIA/application/routes/connect_bp_routes.py,connect_ssh_probe,110,151,True,python,unreviewed
AuroraIA/application/routes/connect_bp_routes.py,connect_ssh_run,155,196,True,python,unreviewed
AuroraIA/application/routes/connect_bp_routes.py,connect_ssh_upload,200,265,True,python,unreviewed
AuroraIA/application/routes/connect_bp_routes.py,connect_ssh_keygen,269,291,True,python,unreviewed
AuroraIA/application/routes/connect_bp_routes.py,connect_tcp_probe,295,313,True,python,unreviewed
AuroraIA/application/routes/cowork_ext_bp_routes.py,_ext_persist_save,35,41,False,python,unreviewed
AuroraIA/application/routes/cowork_ext_bp_routes.py,_ext_persist_load,43,59,False,python,unreviewed
AuroraIA/application/routes/cowork_ext_bp_routes.py,_ext_gc,66,73,False,python,unreviewed
AuroraIA/application/routes/cowork_ext_bp_routes.py,cowork_ext_poll,77,102,True,python,unreviewed
AuroraIA/application/routes/cowork_ext_bp_routes.py,cowork_ext_dispatch,106,127,True,python,unreviewed
AuroraIA/application/routes/cowork_ext_bp_routes.py,cowork_ext_result,131,141,True,python,unreviewed
AuroraIA/application/routes/cowork_ext_bp_routes.py,cowork_ext_await,145,157,True,python,unreviewed
AuroraIA/application/routes/cowork_ext_bp_routes.py,cowork_ext_inbound,161,168,True,python,unreviewed
AuroraIA/application/routes/cowork_ext_bp_routes.py,cowork_ext_inbound_list,172,174,True,python,unreviewed
AuroraIA/application/routes/cowork_ext_bp_routes.py,cowork_ext_download,178,199,True,python,unreviewed
AuroraIA/application/routes/cowork_ext_bp_routes.py,cowork_ext_list,203,211,True,python,unreviewed
AuroraIA/application/routes/cowork_ext_bp_routes.py,cowork_ext_status,215,232,True,python,unreviewed
AuroraIA/application/routes/cowork_ext_bp_routes.py,cowork_ext_version,236,270,True,python,unreviewed
AuroraIA/application/routes/cowork_ext_bp_routes.py,dev_status,294,307,True,python,unreviewed
AuroraIA/application/routes/cowork_ext_bp_routes.py,dev_reload_endpoint,311,332,True,python,unreviewed
AuroraIA/application/routes/cowork_ext_bp_routes.py,dev_reload_endpoint.do_exec,319,329,True,python,unreviewed
AuroraIA/application/routes/cowork_ext_bp_routes.py,_bridge_self_watch_loop,335,375,False,python,unreviewed
AuroraIA/application/routes/cowork_ext_bp_routes.py,_start_self_watch_once,378,386,False,python,unreviewed
AuroraIA/application/routes/cowork_ext_bp_routes.py,_ollama_warmup_loop,416,461,False,python,unreviewed
AuroraIA/application/routes/cowork_ext_bp_routes.py,warmup_status,465,486,True,python,unreviewed
AuroraIA/application/routes/cowork_ext_bp_routes.py,_start_ollama_warmup_once,489,500,False,python,unreviewed
AuroraIA/application/routes/cowork_ext_bp_routes.py,_run_warmup,503,520,False,python,unreviewed
AuroraIA/application/routes/cowork_ext_bp_routes.py,warmup_restart,524,601,True,python,unreviewed
AuroraIA/application/routes/cowork_ext_bp_routes.py,_query_free_vram_gb,617,637,False,python,unreviewed
AuroraIA/application/routes/cowork_ext_bp_routes.py,_pull_qwen3vl_if_useful,640,695,False,python,unreviewed
AuroraIA/application/routes/cowork_ext_bp_routes.py,_start_qwen3vl_pull_once,698,709,False,python,unreviewed
AuroraIA/application/routes/cowork_ext_bp_routes.py,cowork_ext_install_md,713,719,True,python,unreviewed
AuroraIA/application/routes/cowork_ext_bp_routes.py,_list_ollama_models,742,763,False,python,unreviewed
AuroraIA/application/routes/cowork_ext_bp_routes.py,_upscale_b64_if_degenerate,766,807,False,python,unreviewed
AuroraIA/application/routes/cowork_ext_bp_routes.py,_resolve_picker_history_delta_window,875,885,False,python,unreviewed
AuroraIA/application/routes/cowork_ext_bp_routes.py,_evict_stale_trend_hosts,984,1024,False,python,unreviewed
AuroraIA/application/routes/cowork_ext_bp_routes.py,_record_trend_signal_event,1027,1057,False,python,unreviewed
AuroraIA/application/routes/cowork_ext_bp_routes.py,_record_dual_signal_event,1060,1081,False,python,unreviewed
AuroraIA/application/routes/cowork_ext_bp_routes.py,_record_extraction_stat,1084,1107,False,python,unreviewed
AuroraIA/application/routes/cowork_ext_bp_routes.py,_compute_host_yield_delta_pct,1110,1147,False,python,unreviewed
AuroraIA/application/routes/cowork_ext_bp_routes.py,_record_host_yield,1150,1167,False,python,unreviewed
AuroraIA/application/routes/cowork_ext_bp_routes.py,_percentile,1170,1191,False,python,unreviewed
AuroraIA/application/routes/cowork_ext_bp_routes.py,_observe_installed_vision_models,1204,1231,False,python,unreviewed
AuroraIA/application/routes/cowork_ext_bp_routes.py,_record_picker_pick,1234,1260,False,python,unreviewed
AuroraIA/application/routes/cowork_ext_bp_routes.py,_get_free_vram_gb,1263,1282,False,python,unreviewed
AuroraIA/application/routes/cowork_ext_bp_routes.py,_pick_vision_model_or_default,1285,1352,False,python,unreviewed
AuroraIA/application/routes/cowork_ext_bp_routes.py,picker_explain,1356,1421,True,python,unreviewed
AuroraIA/application/routes/cowork_ext_bp_routes.py,warmup_health,1425,1509,True,python,unreviewed
AuroraIA/application/routes/cowork_ext_bp_routes.py,picker_history,1513,1526,True,python,unreviewed
AuroraIA/application/routes/cowork_ext_bp_routes.py,picker_history_clear,1530,1576,True,python,unreviewed
AuroraIA/application/routes/cowork_ext_bp_routes.py,picker_history_stats,1580,1738,True,python,unreviewed
AuroraIA/application/routes/cowork_ext_bp_routes.py,picker_history_kinds,1742,1775,True,python,unreviewed
AuroraIA/application/routes/cowork_ext_bp_routes.py,picker_history_distinct_models,1779,1852,True,python,unreviewed
AuroraIA/application/routes/cowork_ext_bp_routes.py,picker_history_by_model,1856,1936,True,python,unreviewed
AuroraIA/application/routes/cowork_ext_bp_routes.py,picker_history_by_reason,1940,2038,True,python,unreviewed
AuroraIA/application/routes/cowork_ext_bp_routes.py,picker_history_timeline,2042,2142,True,python,unreviewed
AuroraIA/application/routes/cowork_ext_bp_routes.py,_compute_history_summary,2145,2315,False,python,unreviewed
AuroraIA/application/routes/cowork_ext_bp_routes.py,_compute_dominant_kind,2318,2329,False,python,unreviewed
AuroraIA/application/routes/cowork_ext_bp_routes.py,_compute_span_seconds,2332,2342,False,python,unreviewed
AuroraIA/application/routes/cowork_ext_bp_routes.py,_apply_history_filters,2345,2405,False,python,unreviewed
AuroraIA/application/routes/cowork_ext_bp_routes.py,_parse_history_filter_args,2408,2451,False,python,unreviewed
AuroraIA/application/routes/cowork_ext_bp_routes.py,_compute_populated_cells,2454,2493,False,python,unreviewed
AuroraIA/application/routes/cowork_ext_bp_routes.py,_compute_coverage_view,2496,2565,False,python,unreviewed
AuroraIA/application/routes/cowork_ext_bp_routes.py,_emit_picker_headers,2568,2745,False,python,unreviewed
AuroraIA/application/routes/cowork_ext_bp_routes.py,picker_history_timeline_summary,2749,2815,True,python,unreviewed
AuroraIA/application/routes/cowork_ext_bp_routes.py,picker_history_by_model_and_reason,2819,2937,True,python,unreviewed
AuroraIA/application/routes/cowork_ext_bp_routes.py,picker_history_intersections,2941,3046,True,python,unreviewed
AuroraIA/application/routes/cowork_ext_bp_routes.py,picker_history_cells_empty,3050,3164,True,python,unreviewed
AuroraIA/application/routes/cowork_ext_bp_routes.py,picker_history_coverage,3168,3284,True,python,unreviewed
AuroraIA/application/routes/cowork_ext_bp_routes.py,picker_history_coverage_global,3288,3450,True,python,unreviewed
AuroraIA/application/routes/cowork_ext_bp_routes.py,picker_history_coverage_timeline,3454,3595,True,python,unreviewed
AuroraIA/application/routes/cowork_ext_bp_routes.py,picker_history_coverage_heatmap,3599,3750,True,python,unreviewed
AuroraIA/application/routes/cowork_ext_bp_routes.py,picker_history_replay,3754,3846,True,python,unreviewed
AuroraIA/application/routes/cowork_ext_bp_routes.py,cowork_extract_structured,3850,4249,True,python,unreviewed
AuroraIA/application/routes/cowork_ext_bp_routes.py,cowork_extraction_stats,4253,4442,True,python,unreviewed
AuroraIA/application/routes/cowork_ext_bp_routes.py,cowork_dual_signal_event,4450,4481,True,python,unreviewed
AuroraIA/application/routes/cowork_ext_bp_routes.py,cowork_dual_signal_stats,4485,4547,True,python,unreviewed
AuroraIA/application/routes/cowork_ext_bp_routes.py,cowork_dual_signal_effective,4563,4628,True,python,unreviewed
AuroraIA/application/routes/cowork_ext_bp_routes.py,cowork_dual_signal_reset,4636,4690,True,python,unreviewed
AuroraIA/application/routes/cowork_ext_bp_routes.py,cowork_trend_signal_reset,4698,4754,True,python,unreviewed
AuroraIA/application/routes/cowork_ext_bp_routes.py,cowork_trend_signal_event,4762,4791,True,python,unreviewed
AuroraIA/application/routes/cowork_ext_bp_routes.py,cowork_trend_signal_stats,4795,4851,True,python,unreviewed
AuroraIA/application/routes/cowork_ext_bp_routes.py,cowork_browsers_detect,4859,4915,True,python,unreviewed
AuroraIA/application/routes/cowork_ext_bp_routes.py,cowork_mobile_inbound,4953,4961,True,python,unreviewed
AuroraIA/application/routes/cowork_ext_bp_routes.py,cowork_mobile_events,4965,4968,True,python,unreviewed
AuroraIA/application/routes/cowork_ext_bp_routes.py,cowork_mobile_dispatch,4972,4982,True,python,unreviewed
AuroraIA/application/routes/cowork_ext_bp_routes.py,cowork_mobile_poll,4986,4996,True,python,unreviewed
AuroraIA/application/routes/cowork_ext_bp_routes.py,cowork_mobile_result,5000,5008,True,python,unreviewed
AuroraIA/application/routes/cowork_file_bp_routes.py,_cowork_resolve_path,24,40,False,python,unreviewed
AuroraIA/application/routes/cowork_file_bp_routes.py,_cowork_is_mobile,43,48,False,python,unreviewed
AuroraIA/application/routes/cowork_file_bp_routes.py,cowork_read_file,52,69,True,python,unreviewed
AuroraIA/application/routes/cowork_file_bp_routes.py,cowork_write_file,73,92,True,python,unreviewed
AuroraIA/application/routes/cowork_file_bp_routes.py,cowork_delete_path,96,116,True,python,unreviewed
AuroraIA/application/routes/cowork_file_bp_routes.py,_ensure_sessions_base,128,132,False,python,unreviewed
AuroraIA/application/routes/cowork_file_bp_routes.py,_safe_session_id,134,140,False,python,unreviewed
AuroraIA/application/routes/cowork_file_bp_routes.py,_session_dir,142,143,False,python,unreviewed
AuroraIA/application/routes/cowork_file_bp_routes.py,_audit_append,145,153,False,python,unreviewed
AuroraIA/application/routes/cowork_file_bp_routes.py,cowork_session_create,157,174,True,python,unreviewed
AuroraIA/application/routes/cowork_file_bp_routes.py,cowork_session_list,178,198,True,python,unreviewed
AuroraIA/application/routes/cowork_file_bp_routes.py,cowork_session_write,202,231,True,python,unreviewed
AuroraIA/application/routes/cowork_file_bp_routes.py,cowork_session_read,235,260,True,python,unreviewed
AuroraIA/application/routes/cowork_file_bp_routes.py,cowork_session_list_files,264,276,True,python,unreviewed
AuroraIA/application/routes/cowork_file_bp_routes.py,cowork_session_remove,280,296,True,python,unreviewed
AuroraIA/application/routes/cowork_file_bp_routes.py,cowork_session_cleanup,300,323,True,python,unreviewed
AuroraIA/application/routes/fs_bp_routes.py,fs_workspace_path,13,14,True,python,unreviewed
AuroraIA/application/routes/fs_bp_routes.py,fs_exists,18,20,True,python,unreviewed
AuroraIA/application/routes/fs_bp_routes.py,fs_mkdir,24,27,True,python,unreviewed
AuroraIA/application/routes/fs_bp_routes.py,fs_read_text,31,37,True,python,unreviewed
AuroraIA/application/routes/fs_bp_routes.py,fs_write_text,41,48,True,python,unreviewed
AuroraIA/application/routes/fs_bp_routes.py,fs_write_binary,52,59,True,python,unreviewed
AuroraIA/application/routes/fs_bp_routes.py,fs_read_binary,63,69,True,python,unreviewed
AuroraIA/application/routes/fs_bp_routes.py,fs_remove_dir,73,89,True,python,unreviewed
AuroraIA/application/routes/fs_bp_routes.py,fs_list_dir,93,102,True,python,unreviewed
AuroraIA/application/routes/hardware_bp_routes.py,hardware,13,41,True,python,unreviewed
AuroraIA/application/routes/hardware_bp_routes.py,runtime_inspect,45,76,True,python,unreviewed
AuroraIA/application/routes/hardware_bp_routes.py,runtime_privilege,80,81,True,python,unreviewed
AuroraIA/application/routes/hardware_bp_routes.py,prepare_model,85,86,True,python,unreviewed
AuroraIA/application/routes/iot_bp_routes.py,cowork_iot_mqtt,13,84,True,python,unreviewed
AuroraIA/application/routes/iot_bp_routes.py,cowork_iot_mqtt.on_message,68,69,True,python,unreviewed
AuroraIA/application/routes/iot_bp_routes.py,cowork_iot_tuya,88,159,True,python,unreviewed
AuroraIA/application/routes/iot_bp_routes.py,cowork_iot_tuya.sign,102,108,True,python,unreviewed
AuroraIA/application/routes/ollama_enh_bp_routes.py,ollama_models,13,31,True,python,unreviewed
AuroraIA/application/routes/ollama_enh_bp_routes.py,ollama_pull,35,61,True,python,unreviewed
AuroraIA/application/routes/ollama_enh_bp_routes.py,ollama_pull.generate,42,55,True,python,unreviewed
AuroraIA/application/routes/ollama_list_bp_routes.py,ollama_tags,13,19,True,python,unreviewed
AuroraIA/application/routes/postgres_bp_routes.py,cowork_db_sql,13,43,True,python,unreviewed
AuroraIA/application/routes/python_bp_routes.py,_resolve_script_path,12,15,False,python,unreviewed
AuroraIA/application/routes/python_bp_routes.py,_build_python_env,18,86,False,python,unreviewed
AuroraIA/application/routes/python_bp_routes.py,_build_python_env._hub_has_models,46,50,False,python,unreviewed
AuroraIA/application/routes/python_bp_routes.py,_build_python_env._hub_count,51,55,False,python,unreviewed
AuroraIA/application/routes/python_bp_routes.py,_clean_stderr,89,94,False,python,unreviewed
AuroraIA/application/routes/python_bp_routes.py,_FileVideoInerte.enqueue,126,126,False,python,unreviewed
AuroraIA/application/routes/python_bp_routes.py,_FileVideoInerte.cancel,127,127,False,python,unreviewed
AuroraIA/application/routes/python_bp_routes.py,_FileVideoInerte.wait_until_idle,128,128,False,python,unreviewed
AuroraIA/application/routes/python_bp_routes.py,_FileVideoInerte.is_cancelled,129,129,False,python,unreviewed
AuroraIA/application/routes/python_bp_routes.py,_FileVideoInerte.snapshot,130,130,False,python,unreviewed
AuroraIA/application/routes/python_bp_routes.py,_FileVideoInerte.acquire,131,131,False,python,unreviewed
AuroraIA/application/routes/python_bp_routes.py,_FileVideoInerte.release,132,132,False,python,unreviewed
AuroraIA/application/routes/python_bp_routes.py,_is_video_gpu_job,138,155,False,python,unreviewed
AuroraIA/application/routes/python_bp_routes.py,_queue_video_job,158,168,False,python,unreviewed
AuroraIA/application/routes/python_bp_routes.py,_update_video_queue_wait,171,181,False,python,unreviewed
AuroraIA/application/routes/python_bp_routes.py,_terminate_job_process,184,206,False,python,unreviewed
AuroraIA/application/routes/python_bp_routes.py,_persist_job_state,209,221,False,python,unreviewed
AuroraIA/application/routes/python_bp_routes.py,_finalize_cancelled_job,224,238,False,python,unreviewed
AuroraIA/application/routes/python_bp_routes.py,_cancel_video_job_response,241,290,False,python,unreviewed
AuroraIA/application/routes/python_bp_routes.py,_cancel_video_job_response._coup_de_grace,272,274,False,python,unreviewed
AuroraIA/application/routes/python_bp_routes.py,_cinema_bridge_timeout_seconds,293,316,False,python,unreviewed
AuroraIA/application/routes/python_bp_routes.py,_video_scratch_reservation_gb,319,337,False,python,unreviewed
AuroraIA/application/routes/python_bp_routes.py,_is_3d_generation_active,348,361,False,python,unreviewed
AuroraIA/application/routes/python_bp_routes.py,_run_python_job,364,801,False,python,unreviewed
AuroraIA/application/routes/python_bp_routes.py,_run_python_job._borner_stdout,390,393,False,python,unreviewed
AuroraIA/application/routes/python_bp_routes.py,_run_python_job._drain_stderr,587,593,False,python,unreviewed
AuroraIA/application/routes/python_bp_routes.py,_gc_old_jobs,804,823,False,python,unreviewed
AuroraIA/application/routes/python_bp_routes.py,python_run_async,827,856,True,python,unreviewed
AuroraIA/application/routes/python_bp_routes.py,python_bridge_ping,860,865,True,python,unreviewed
AuroraIA/application/routes/python_bp_routes.py,python_bridge_health,869,884,True,python,unreviewed
AuroraIA/application/routes/python_bp_routes.py,aurora_conformance,906,975,True,python,unreviewed
AuroraIA/application/routes/python_bp_routes.py,aurora_conformance.flag,915,921,True,python,unreviewed
AuroraIA/application/routes/python_bp_routes.py,_lance_outil,989,1000,False,python,unreviewed
AuroraIA/application/routes/python_bp_routes.py,_python_du_projet,1003,1007,False,python,unreviewed
AuroraIA/application/routes/python_bp_routes.py,aurora_architecture,1011,1031,True,python,unreviewed
AuroraIA/application/routes/python_bp_routes.py,aurora_expertise,1035,1084,True,python,unreviewed
AuroraIA/application/routes/python_bp_routes.py,_resolve_tunnel_url_path,1101,1110,False,python,unreviewed
AuroraIA/application/routes/python_bp_routes.py,_tunnel_url_etag,1113,1124,False,python,unreviewed
AuroraIA/application/routes/python_bp_routes.py,tunnel_url,1128,1209,True,python,unreviewed
AuroraIA/application/routes/python_bp_routes.py,python_job_status,1213,1227,True,python,unreviewed
AuroraIA/application/routes/python_bp_routes.py,python_job_cancel,1231,1233,True,python,unreviewed
AuroraIA/application/routes/python_bp_routes.py,python_run,1237,1259,True,python,unreviewed
AuroraIA/application/routes/python_bp_routes.py,command_run,1263,1282,True,python,unreviewed
AuroraIA/application/routes/python_bp_routes.py,command_spawn,1286,1310,True,python,unreviewed
AuroraIA/application/routes/python_prog_bp_routes.py,_update_job_progress_from_line,17,74,False,python,unreviewed
AuroraIA/application/routes/python_prog_bp_routes.py,python_progress,78,84,True,python,unreviewed
AuroraIA/application/routes/python_prog_bp_routes.py,_emit_progress,87,96,False,python,unreviewed
AuroraIA/application/routes/repo_bp_routes.py,_repo_lang,44,49,False,python,unreviewed
AuroraIA/application/routes/repo_bp_routes.py,_repo_git,52,62,False,python,unreviewed
AuroraIA/application/routes/repo_bp_routes.py,code_repo_pick,66,88,True,python,unreviewed
AuroraIA/application/routes/repo_bp_routes.py,code_repo_scan,92,180,True,python,unreviewed
AuroraIA/application/routes/repo_bp_routes.py,code_repo_scan._rank,132,140,False,python,unreviewed
AuroraIA/application/routes/repo_bp_routes.py,code_repo_write,184,238,True,python,unreviewed
AuroraIA/application/routes/repo_bp_routes.py,code_repo_git_info,242,260,True,python,unreviewed
AuroraIA/application/routes/repo_bp_routes.py,code_repo_install,264,312,True,python,unreviewed
AuroraIA/application/routes/repo_bp_routes.py,code_repo_install._has,276,277,False,python,unreviewed
AuroraIA/application/routes/repo_bp_routes.py,ollama_proxy,316,320,True,python,unreviewed
AuroraIA/application/routes/repo_bp_routes.py,ollama_chat,324,339,True,python,unreviewed
AuroraIA/application/routes/s3_bp_routes.py,cowork_storage_s3,13,66,True,python,unreviewed
AuroraIA/application/routes/status_bp_routes.py,services_status,13,26,True,python,unreviewed
AuroraIA/application/routes/sysinfo_bp_routes.py,system_info,13,47,True,python,unreviewed
AuroraIA/application/routes/upload_bp_routes.py,upload_file,13,38,True,python,unreviewed
AuroraIA/application/routes/vite_bp_routes.py,_vite_port_alive,48,55,False,python,unreviewed
AuroraIA/application/routes/vite_bp_routes.py,_vite_spawn,58,102,False,python,unreviewed
AuroraIA/application/routes/vite_bp_routes.py,_vite_supervisor_loop,105,134,False,python,unreviewed
AuroraIA/application/routes/vite_bp_routes.py,admin_status,149,181,True,python,unreviewed
AuroraIA/application/routes/vite_bp_routes.py,_respawn_bridge_async,184,251,False,python,unreviewed
AuroraIA/application/routes/vite_bp_routes.py,_respawn_bridge_async._delayed_exit,243,248,False,python,unreviewed
AuroraIA/application/routes/vite_bp_routes.py,admin_restart_bridge,255,268,True,python,unreviewed
AuroraIA/application/routes/vite_bp_routes.py,three_d_motion_compile,277,304,True,python,unreviewed
AuroraIA/application/routes/vite_bp_routes.py,three_d_motion_compile._coerce,299,302,False,python,unreviewed
AuroraIA/application/routes/vite_bp_routes.py,three_d_motion_resolve_prompt,308,335,True,python,unreviewed
AuroraIA/application/routes/vite_bp_routes.py,three_d_motion_parser_self_test,339,355,True,python,unreviewed
AuroraIA/application/routes/vite_bp_routes.py,three_d_motion_self_test,359,376,True,python,unreviewed
AuroraIA/application/routes/vite_bp_routes.py,three_d_pipeline_status,385,428,True,python,unreviewed
AuroraIA/application/routes/vite_bp_routes.py,three_d_pipeline_status._run,393,408,False,python,unreviewed
AuroraIA/application/routes/vite_bp_routes.py,three_d_regression_suite,432,535,True,python,unreviewed
AuroraIA/application/routes/vite_bp_routes.py,three_d_regression_suite.resolve_mesh_arg,470,482,True,python,unreviewed
AuroraIA/application/routes/vite_bp_routes.py,three_d_mesh_sharpen,545,611,True,python,unreviewed
AuroraIA/application/routes/vite_bp_routes.py,three_d_mesh_sharpen.resolve,567,576,True,python,unreviewed
AuroraIA/application/routes/vite_bp_routes.py,three_d_run_pipeline,615,726,True,python,unreviewed
AuroraIA/application/routes/vite_bp_routes.py,three_d_compose_scene,730,792,True,python,unreviewed
AuroraIA/application/routes/vite_bp_routes.py,three_d_compose_scene.resolve,743,747,True,python,unreviewed
AuroraIA/application/routes/vite_bp_routes.py,_aurora_last_json_line,804,818,False,python,unreviewed
AuroraIA/application/routes/vite_bp_routes.py,_stage_bridge_reference,821,865,False,python,unreviewed
AuroraIA/application/routes/vite_bp_routes.py,_aurora_image,868,959,False,python,unreviewed
AuroraIA/application/routes/vite_bp_routes.py,_aurora_3d,962,997,False,python,unreviewed
AuroraIA/application/routes/vite_bp_routes.py,_aurora_voice,1000,1020,False,python,unreviewed
AuroraIA/application/routes/vite_bp_routes.py,_aurora_code,1023,1077,False,python,unreviewed
AuroraIA/application/routes/vite_bp_routes.py,_code_stream_event,1084,1093,False,python,unreviewed
AuroraIA/application/routes/vite_bp_routes.py,_code_visual_audit_url_allowed,1096,1099,False,python,unreviewed
AuroraIA/application/routes/vite_bp_routes.py,_code_visual_parse_json_object,1102,1114,False,python,unreviewed
AuroraIA/application/routes/vite_bp_routes.py,_code_visual_clamp_score,1117,1122,False,python,unreviewed
AuroraIA/application/routes/vite_bp_routes.py,_code_visual_attach_vision,1125,1169,False,python,unreviewed
AuroraIA/application/routes/vite_bp_routes.py,code_visual_audit,1173,1225,True,python,unreviewed
AuroraIA/application/routes/vite_bp_routes.py,code_simulation_lab,1229,1275,True,python,unreviewed
AuroraIA/application/routes/vite_bp_routes.py,code_tooling_eval,1279,1321,True,python,unreviewed
AuroraIA/application/routes/vite_bp_routes.py,code_assets_generate,1325,1395,True,python,unreviewed
AuroraIA/application/routes/vite_bp_routes.py,code_assets_file,1399,1413,True,python,unreviewed
AuroraIA/application/routes/vite_bp_routes.py,code_generate_stream,1417,1506,True,python,unreviewed
AuroraIA/application/routes/vite_bp_routes.py,code_generate_stream.generate,1477,1500,True,python,unreviewed
AuroraIA/application/routes/vite_bp_routes.py,_aurora_video,1509,1538,False,python,unreviewed
AuroraIA/application/routes/vite_bp_routes.py,aurora_module_dispatch,1542,1571,True,python,unreviewed
AuroraIA/application/routes/vite_bp_routes.py,three_d_motion_parity,1575,1600,True,python,unreviewed
AuroraIA/application/routes/vite_bp_routes.py,three_d_run_index,1604,1636,True,python,unreviewed
AuroraIA/application/routes/vite_bp_routes.py,three_d_score_history,1640,1692,True,python,unreviewed
AuroraIA/application/routes/vite_bp_routes.py,three_d_mesh_compare,1696,1749,True,python,unreviewed
AuroraIA/application/routes/vite_bp_routes.py,three_d_mesh_compare.resolve,1712,1719,True,python,unreviewed
AuroraIA/application/routes/vite_bp_routes.py,three_d_viewer_html,1753,1806,True,python,unreviewed
AuroraIA/application/routes/vite_bp_routes.py,three_d_viewer_html.resolve,1768,1777,True,python,unreviewed
AuroraIA/application/routes/vite_bp_routes.py,serve_draco_static,1815,1839,True,python,unreviewed
AuroraIA/application/routes/vite_bp_routes.py,_parse_agent_frontmatter,1842,1858,False,python,unreviewed
AuroraIA/application/routes/vite_bp_routes.py,agents_list,1862,1900,True,python,unreviewed
AuroraIA/application/routes/vite_bp_routes.py,agents_get,1904,1926,True,python,unreviewed
AuroraIA/application/routes/vite_bp_routes.py,three_d_auto_rescue,1930,1997,True,python,unreviewed
AuroraIA/application/routes/vite_bp_routes.py,three_d_auto_rescue.resolve,1950,1959,True,python,unreviewed
AuroraIA/application/routes/vite_bp_routes.py,three_d_bake_colors,2001,2063,True,python,unreviewed
AuroraIA/application/routes/vite_bp_routes.py,three_d_bake_colors.resolve,2020,2029,True,python,unreviewed
AuroraIA/application/routes/vite_bp_routes.py,three_d_color_diagnostic,2067,2123,True,python,unreviewed
AuroraIA/application/routes/vite_bp_routes.py,three_d_color_diagnostic.resolve,2084,2091,True,python,unreviewed
AuroraIA/application/routes/vite_bp_routes.py,three_d_auto_validate,2127,2182,True,python,unreviewed
AuroraIA/application/routes/vite_bp_routes.py,three_d_mesh_score,2186,2232,True,python,unreviewed
AuroraIA/application/routes/vite_bp_routes.py,agents_watchdog,2236,2286,True,python,unreviewed
AuroraIA/application/routes/vite_bp_routes.py,agents_health,2290,2323,True,python,unreviewed
AuroraIA/application/routes/vite_bp_routes.py,agents_dispatches,2327,2371,True,python,unreviewed
AuroraIA/application/routes/vite_bp_routes.py,agents_coverage,2375,2401,True,python,unreviewed
AuroraIA/application/routes/vite_bp_routes.py,agents_metrics,2405,2433,True,python,unreviewed
AuroraIA/application/routes/vite_bp_routes.py,three_d_route_test,2437,2494,True,python,unreviewed
AuroraIA/application/routes/vite_bp_routes.py,three_d_motion_intent,2498,2552,True,python,unreviewed
AuroraIA/application/routes/vite_bp_routes.py,three_d_custom_motion,2556,2628,True,python,unreviewed
AuroraIA/application/routes/vite_bp_routes.py,three_d_auto_motion_bake,2632,2779,True,python,unreviewed
AuroraIA/application/routes/vite_bp_routes.py,admin_git_pull,2783,2915,True,python,unreviewed
AuroraIA/application/routes/vite_bp_routes.py,admin_restart_vite,2919,2944,True,python,unreviewed
AuroraIA/application/routes/vite_bp_routes.py,_serve_dist,3042,3071,False,python,unreviewed
AuroraIA/application/routes/vite_bp_routes.py,_vite_proxy,3074,3105,False,python,unreviewed
AuroraIA/application/routes/vite_bp_routes.py,vite_root,3109,3110,True,python,unreviewed
AuroraIA/application/routes/vite_bp_routes.py,_vite_path_blocked,3160,3212,False,python,unreviewed
AuroraIA/application/routes/vite_bp_routes.py,vite_catchall,3216,3225,True,python,unreviewed
AuroraIA/application/routes/voice_bp_routes.py,voice_stt,13,31,True,python,unreviewed
AuroraIA/application/routes/voice_bp_routes.py,voice_tts,35,121,True,python,unreviewed
AuroraIA/application/routes/voice_bp_routes.py,serve_tts_audio,125,145,True,python,unreviewed
AuroraIA/application/routes/voice_bp_routes.py,serve_tts_video,149,154,True,python,unreviewed
AuroraIA/application/routes/voice_bp_routes.py,talking_head_check,158,177,True,python,unreviewed
AuroraIA/application/routes/voice_bp_routes.py,talking_head_idle,181,223,True,python,unreviewed
AuroraIA/application/routes/voice_bp_routes.py,serve_idle_video,227,232,True,python,unreviewed
AuroraIA/application/routes/voice_bp_routes.py,calendar_fetch_ics,238,290,True,python,unreviewed
AuroraIA/application/routes/voice_bp_routes.py,_ent_dir,303,309,False,python,unreviewed
AuroraIA/application/routes/voice_bp_routes.py,ent_harvest,313,353,True,python,unreviewed
AuroraIA/application/routes/voice_bp_routes.py,ent_list,357,398,True,python,unreviewed
AuroraIA/application/routes/voice_bp_routes.py,ent_get,402,420,True,python,unreviewed
AuroraIA/application/routes/voice_bp_routes.py,_ent_fallback_items_from_snapshot,425,480,False,python,unreviewed
AuroraIA/application/routes/voice_bp_routes.py,ent_native_run,484,572,True,python,unreviewed
AuroraIA/application/routes/voice_bp_routes.py,ent_discover_pronote,577,781,True,python,unreviewed
AuroraIA/application/routes/voice_bp_routes.py,ent_discover_pronote._adapter_for_url,608,620,False,python,unreviewed
AuroraIA/application/routes/voice_bp_routes.py,ent_discover_pronote._allowed,622,623,False,python,unreviewed
AuroraIA/application/routes/voice_bp_routes.py,ent_discover_pronote._add_candidate,625,638,False,python,unreviewed
AuroraIA/application/routes/voice_bp_routes.py,ent_analyze_dom,785,916,True,python,unreviewed
AuroraIA/application/routes/voice_bp_routes.py,voice_stt_info,920,931,True,python,unreviewed
AuroraIA/application/routes/voice_bp_routes.py,voice_personas,935,954,True,python,unreviewed
AuroraIA/application/routes/web_action_bp_routes.py,web_action,13,42,True,python,unreviewed
AuroraIA/application/routes/web_search_bp_routes.py,web_search,13,52,True,python,unreviewed
AuroraIA/application/routes/web_search_bp_routes.py,_safe_web_filename,55,59,False,python,unreviewed
AuroraIA/application/routes/web_search_bp_routes.py,web_download,63,131,True,python,unreviewed
AuroraIA/application/routes/web_search_bp_routes.py,web_extract,135,153,True,python,unreviewed
AuroraIA/application/routes/web_search_bp_routes.py,web_images,157,175,True,python,unreviewed
AuroraIA/application/routes/web_search_bp_routes.py,_wikipedia_thumbnail,178,218,False,python,unreviewed
AuroraIA/application/routes/web_search_bp_routes.py,_wikipedia_thumbnail_single,221,266,False,python,unreviewed
AuroraIA/application/routes/web_search_bp_routes.py,_duckduckgo_image,269,332,False,python,unreviewed
AuroraIA/application/routes/web_search_bp_routes.py,_extract_dominant_color,335,383,False,python,unreviewed
AuroraIA/application/routes/web_search_bp_routes.py,_wikipedia_summary_text,386,422,False,python,unreviewed
AuroraIA/application/routes/web_search_bp_routes.py,_ollama_extract_brand_profile,425,514,False,python,unreviewed
AuroraIA/application/routes/web_search_bp_routes.py,_brand_cache_load,528,536,False,python,unreviewed
AuroraIA/application/routes/web_search_bp_routes.py,_brand_cache_save,539,548,False,python,unreviewed
AuroraIA/application/routes/web_search_bp_routes.py,_brand_cache_get,551,566,False,python,unreviewed
AuroraIA/application/routes/web_search_bp_routes.py,_brand_cache_put,569,585,False,python,unreviewed
AuroraIA/application/routes/web_search_bp_routes.py,brand_enrich,589,676,True,python,unreviewed
AuroraIA/application/routes/web_search_bp_routes.py,web_image_single,680,768,True,python,unreviewed
AuroraIA/application/scan_ports.py,scan_ports,5,23,True,python,unreviewed
AuroraIA/application/scripts/code_harness/verify_bridge_parity.py,check,41,43,True,python,unreviewed
AuroraIA/application/scripts/conformance_mesures.py,_humanoide,27,43,False,python,unreviewed
AuroraIA/application/scripts/conformance_mesures.py,_humanoide.cyl,29,34,False,python,unreviewed
AuroraIA/application/scripts/conformance_mesures.py,mesures,46,189,True,python,unreviewed
AuroraIA/application/scripts/conformance_mesures.py,mesures.ajoute,49,50,True,python,unreviewed
AuroraIA/application/scripts/conformance_mesures.py,mesures.prise,58,61,True,python,unreviewed
AuroraIA/application/scripts/conformance_mesures.py,mesures.amplitude_max,91,97,True,python,unreviewed
AuroraIA/application/scripts/expertise-artefacts.py,json_du_glb,41,59,True,python,unreviewed
AuroraIA/application/scripts/expertise-artefacts.py,expertise_glb,75,171,True,python,unreviewed
AuroraIA/application/scripts/expertise-artefacts.py,ffprobe,177,185,True,python,unreviewed
AuroraIA/application/scripts/expertise-artefacts.py,profil_de_mouvement,188,218,True,python,unreviewed
AuroraIA/application/scripts/expertise-artefacts.py,expertise_video,221,278,True,python,unreviewed
AuroraIA/application/scripts/expertise-artefacts.py,expertise_audio,284,317,True,python,unreviewed
AuroraIA/application/scripts/expertise-artefacts.py,expertise_image,323,341,True,python,unreviewed
AuroraIA/application/scripts/expertise-artefacts.py,main,345,409,True,python,unreviewed
AuroraIA/application/scripts/garde-architecture.py,hors_perimetre,66,68,True,python,unreviewed
AuroraIA/application/scripts/garde-architecture.py,controle_1_artefacts_egares,71,88,True,python,unreviewed
AuroraIA/application/scripts/garde-architecture.py,controle_2_destinations_dans_le_code,91,115,True,python,unreviewed
AuroraIA/application/scripts/garde-architecture.py,controle_3_racine_de_sortie,118,141,True,python,unreviewed
AuroraIA/application/scripts/garde-architecture.py,controle_4_collisions,144,171,True,python,unreviewed
AuroraIA/application/scripts/garde-architecture.py,inventaire,174,193,True,python,unreviewed
AuroraIA/application/scripts/garde-architecture.py,main,196,228,True,python,unreviewed
AuroraIA/application/scripts/route_test.py,detect_system_class,65,80,True,python,unreviewed
AuroraIA/application/scripts/route_test.py,route_pipeline,170,396,True,python,unreviewed
AuroraIA/application/scripts/route_test.py,evaluate,408,435,True,python,unreviewed
AuroraIA/application/scripts/route_test.py,main,438,471,True,python,unreviewed
AuroraIA/application/scripts/test-brand-e2e.py,build_system_prompt,36,115,True,python,unreviewed
AuroraIA/application/scripts/test-brand-e2e.py,call_ollama,118,161,True,python,unreviewed
AuroraIA/application/scripts/test-brand-e2e.py,evaluate_brand_fidelity,164,196,True,python,unreviewed
AuroraIA/application/scripts/test-brand-e2e.py,score_report,199,233,True,python,unreviewed
AuroraIA/application/scripts/test-brand-e2e.py,fetch_brand_enrich,236,255,True,python,unreviewed
AuroraIA/application/scripts/test-brand-e2e.py,build_shader_retry_prompt,258,313,True,python,unreviewed
AuroraIA/application/scripts/test-brand-e2e.py,main,316,432,True,python,unreviewed
AuroraIA/application/scripts/test-project-type-e2e.py,detect_project_type,35,205,True,python,unreviewed
AuroraIA/application/scripts/test-project-type-e2e.py,build_system_prompt,208,346,True,python,unreviewed
AuroraIA/application/scripts/test-project-type-e2e.py,call_ollama,349,382,True,python,unreviewed
AuroraIA/application/scripts/test-project-type-e2e.py,evaluate_output,385,451,True,python,unreviewed
AuroraIA/application/scripts/test-project-type-e2e.py,score_output,454,608,True,python,unreviewed
AuroraIA/application/scripts/test-project-type-e2e.py,main,611,660,True,python,unreviewed
AuroraIA/application/test_bridge_dual_signal.py,case,32,36,True,python,unreviewed
AuroraIA/application/test_bridge_dual_signal.py,case.deco,33,35,True,python,unreviewed
AuroraIA/application/test_bridge_dual_signal.py,reset_rings,39,41,True,python,unreviewed
AuroraIA/application/test_bridge_dual_signal.py,case_empty,45,54,True,python,unreviewed
AuroraIA/application/test_bridge_dual_signal.py,case_emitted_accepted,58,87,True,python,unreviewed
AuroraIA/application/test_bridge_dual_signal.py,case_zero_events,91,98,True,python,unreviewed
AuroraIA/application/test_bridge_dual_signal.py,case_multi_host,102,142,True,python,unreviewed
AuroraIA/application/test_bridge_dual_signal.py,case_post_malformed,146,160,True,python,unreviewed
AuroraIA/application/test_bridge_dual_signal.py,case_post_no_host,164,176,True,python,unreviewed
AuroraIA/application/test_bridge_dual_signal.py,case_ring_cap,180,191,True,python,unreviewed
AuroraIA/application/test_bridge_dual_signal.py,case_host_normalisation,195,203,True,python,unreviewed
AuroraIA/application/test_bridge_dual_signal.py,main,206,225,True,python,unreviewed
AuroraIA/application/test_bridge_dual_signal_effective.py,case,33,37,True,python,unreviewed
AuroraIA/application/test_bridge_dual_signal_effective.py,case.deco,34,36,True,python,unreviewed
AuroraIA/application/test_bridge_dual_signal_effective.py,reset_rings,40,42,True,python,unreviewed
AuroraIA/application/test_bridge_dual_signal_effective.py,emit_event,45,50,True,python,unreviewed
AuroraIA/application/test_bridge_dual_signal_effective.py,case_empty,59,69,True,python,unreviewed
AuroraIA/application/test_bridge_dual_signal_effective.py,case_ineffective,73,82,True,python,unreviewed
AuroraIA/application/test_bridge_dual_signal_effective.py,case_insufficient_data,86,95,True,python,unreviewed
AuroraIA/application/test_bridge_dual_signal_effective.py,case_some_acceptance,99,109,True,python,unreviewed
AuroraIA/application/test_bridge_dual_signal_effective.py,case_unknown_host,113,120,True,python,unreviewed
AuroraIA/application/test_bridge_dual_signal_effective.py,case_missing_host,124,128,True,python,unreviewed
AuroraIA/application/test_bridge_dual_signal_effective.py,case_empty_host,132,134,True,python,unreviewed
AuroraIA/application/test_bridge_dual_signal_effective.py,case_host_normalisation,138,148,True,python,unreviewed
AuroraIA/application/test_bridge_dual_signal_effective.py,case_host_isolation,152,164,True,python,unreviewed
AuroraIA/application/test_bridge_dual_signal_effective.py,case_response_shape,168,173,True,python,unreviewed
AuroraIA/application/test_bridge_dual_signal_effective.py,main,176,195,True,python,unreviewed
AuroraIA/application/test_bridge_extract_headers.py,case,29,34,True,python,unreviewed
AuroraIA/application/test_bridge_extract_headers.py,case.deco,31,33,True,python,unreviewed
AuroraIA/application/test_bridge_extract_headers.py,fake_ollama_response,37,45,True,python,unreviewed
AuroraIA/application/test_bridge_extract_headers.py,post,48,53,True,python,unreviewed
AuroraIA/application/test_bridge_extract_headers.py,case_two_extracted,57,73,True,python,unreviewed
AuroraIA/application/test_bridge_extract_headers.py,case_zero_extracted,77,90,True,python,unreviewed
AuroraIA/application/test_bridge_extract_headers.py,case_no_mode,94,102,True,python,unreviewed
AuroraIA/application/test_bridge_extract_headers.py,case_wrong_mode,106,117,True,python,unreviewed
AuroraIA/application/test_bridge_extract_headers.py,case_no_cards,121,131,True,python,unreviewed
AuroraIA/application/test_bridge_extract_headers.py,case_cors_exposed,135,166,True,python,unreviewed
AuroraIA/application/test_bridge_extract_headers.py,main,169,188,True,python,unreviewed
AuroraIA/application/test_bridge_extraction_stats.py,case,35,39,True,python,unreviewed
AuroraIA/application/test_bridge_extraction_stats.py,case.deco,36,38,True,python,unreviewed
AuroraIA/application/test_bridge_extraction_stats.py,reset_buffer,42,43,True,python,unreviewed
AuroraIA/application/test_bridge_extraction_stats.py,case_empty,47,60,True,python,unreviewed
AuroraIA/application/test_bridge_extraction_stats.py,case_five_mocks,64,109,True,python,unreviewed
AuroraIA/application/test_bridge_extraction_stats.py,case_top5_cap,113,120,True,python,unreviewed
AuroraIA/application/test_bridge_extraction_stats.py,case_since_filter,124,149,True,python,unreviewed
AuroraIA/application/test_bridge_extraction_stats.py,case_since_invalid,153,161,True,python,unreviewed
AuroraIA/application/test_bridge_extraction_stats.py,case_evict,165,172,True,python,unreviewed
AuroraIA/application/test_bridge_extraction_stats.py,case_under_extraction_flag,176,189,True,python,unreviewed
AuroraIA/application/test_bridge_extraction_stats.py,case_extract_appends,193,223,True,python,unreviewed
AuroraIA/application/test_bridge_extraction_stats.py,case_host_filter_known,227,247,True,python,unreviewed
AuroraIA/application/test_bridge_extraction_stats.py,case_host_filter_unknown,251,261,True,python,unreviewed
AuroraIA/application/test_bridge_extraction_stats.py,case_host_and_since,265,290,True,python,unreviewed
AuroraIA/application/test_bridge_extraction_stats.py,case_host_empty,294,303,True,python,unreviewed
AuroraIA/application/test_bridge_extraction_stats.py,case_host_only_no_since,307,313,True,python,unreviewed
AuroraIA/application/test_bridge_extraction_stats.py,case_last_delta_pct_field,317,344,True,python,unreviewed
AuroraIA/application/test_bridge_extraction_stats.py,case_delta_history_field,348,370,True,python,unreviewed
AuroraIA/application/test_bridge_extraction_stats.py,case_delta_history_empty,374,386,True,python,unreviewed
AuroraIA/application/test_bridge_extraction_stats.py,case_extract_no_cards_no_append,390,412,True,python,unreviewed
AuroraIA/application/test_bridge_extraction_stats.py,main,415,434,True,python,unreviewed
AuroraIA/application/test_bridge_host_yield_delta.py,case,41,45,True,python,unreviewed
AuroraIA/application/test_bridge_host_yield_delta.py,case.deco,42,44,True,python,unreviewed
AuroraIA/application/test_bridge_host_yield_delta.py,reset_state,48,50,True,python,unreviewed
AuroraIA/application/test_bridge_host_yield_delta.py,fake_ollama_response,53,60,True,python,unreviewed
AuroraIA/application/test_bridge_host_yield_delta.py,post_extract,63,80,True,python,unreviewed
AuroraIA/application/test_bridge_host_yield_delta.py,case_no_prior,84,91,True,python,unreviewed
AuroraIA/application/test_bridge_host_yield_delta.py,case_negative_delta,95,105,True,python,unreviewed
AuroraIA/application/test_bridge_host_yield_delta.py,case_positive_delta,109,117,True,python,unreviewed
AuroraIA/application/test_bridge_host_yield_delta.py,case_wrong_mode,121,140,True,python,unreviewed
AuroraIA/application/test_bridge_host_yield_delta.py,case_no_url,144,167,True,python,unreviewed
AuroraIA/application/test_bridge_host_yield_delta.py,case_too_few_cards,171,181,True,python,unreviewed
AuroraIA/application/test_bridge_host_yield_delta.py,case_independent_histories,185,201,True,python,unreviewed
AuroraIA/application/test_bridge_host_yield_delta.py,case_www_prefix,205,214,True,python,unreviewed
AuroraIA/application/test_bridge_host_yield_delta.py,case_cors_exposed,218,251,True,python,unreviewed
AuroraIA/application/test_bridge_host_yield_delta.py,main,254,273,True,python,unreviewed
AuroraIA/application/test_bridge_v82m7_trend_and_reset.py,case,28,32,True,python,unreviewed
AuroraIA/application/test_bridge_v82m7_trend_and_reset.py,case.deco,29,31,True,python,unreviewed
AuroraIA/application/test_bridge_v82m7_trend_and_reset.py,reset_dual_rings,35,37,True,python,unreviewed
AuroraIA/application/test_bridge_v82m7_trend_and_reset.py,reset_trend_rings,40,42,True,python,unreviewed
AuroraIA/application/test_bridge_v82m7_trend_and_reset.py,emit_dual,45,50,True,python,unreviewed
AuroraIA/application/test_bridge_v82m7_trend_and_reset.py,emit_trend,53,58,True,python,unreviewed
AuroraIA/application/test_bridge_v82m7_trend_and_reset.py,case_reset_clears,66,84,True,python,unreviewed
AuroraIA/application/test_bridge_v82m7_trend_and_reset.py,case_reset_accepted,88,97,True,python,unreviewed
AuroraIA/application/test_bridge_v82m7_trend_and_reset.py,case_reset_missing_host,101,103,True,python,unreviewed
AuroraIA/application/test_bridge_v82m7_trend_and_reset.py,case_reset_empty_host,107,109,True,python,unreviewed
AuroraIA/application/test_bridge_v82m7_trend_and_reset.py,case_reset_norm,113,120,True,python,unreviewed
AuroraIA/application/test_bridge_v82m7_trend_and_reset.py,case_reset_unknown,124,130,True,python,unreviewed
AuroraIA/application/test_bridge_v82m7_trend_and_reset.py,case_trend_emit,138,149,True,python,unreviewed
AuroraIA/application/test_bridge_v82m7_trend_and_reset.py,case_trend_accept,153,160,True,python,unreviewed
AuroraIA/application/test_bridge_v82m7_trend_and_reset.py,case_trend_bad_kind,164,170,True,python,unreviewed
AuroraIA/application/test_bridge_v82m7_trend_and_reset.py,case_trend_stats_empty,174,182,True,python,unreviewed
AuroraIA/application/test_bridge_v82m7_trend_and_reset.py,case_trend_stats_per_host,186,201,True,python,unreviewed
AuroraIA/application/test_bridge_v82m7_trend_and_reset.py,case_trend_isolation,205,217,True,python,unreviewed
AuroraIA/application/test_bridge_v82m7_trend_and_reset.py,case_trend_host_norm,221,230,True,python,unreviewed
AuroraIA/application/test_bridge_v82m7_trend_and_reset.py,main,233,252,True,python,unreviewed
AuroraIA/application/test_bridge_v82m9_trend_reset_and_ttl.py,case,25,29,True,python,unreviewed
AuroraIA/application/test_bridge_v82m9_trend_reset_and_ttl.py,case.deco,26,28,True,python,unreviewed
AuroraIA/application/test_bridge_v82m9_trend_reset_and_ttl.py,reset_trend_state,32,35,True,python,unreviewed
AuroraIA/application/test_bridge_v82m9_trend_reset_and_ttl.py,emit_trend,38,43,True,python,unreviewed
AuroraIA/application/test_bridge_v82m9_trend_reset_and_ttl.py,case_trend_reset_clears,51,66,True,python,unreviewed
AuroraIA/application/test_bridge_v82m9_trend_reset_and_ttl.py,case_trend_reset_accepted,70,81,True,python,unreviewed
AuroraIA/application/test_bridge_v82m9_trend_reset_and_ttl.py,case_trend_reset_missing_host,85,87,True,python,unreviewed
AuroraIA/application/test_bridge_v82m9_trend_reset_and_ttl.py,case_trend_reset_empty_host,91,93,True,python,unreviewed
AuroraIA/application/test_bridge_v82m9_trend_reset_and_ttl.py,case_trend_reset_norm,97,104,True,python,unreviewed
AuroraIA/application/test_bridge_v82m9_trend_reset_and_ttl.py,case_trend_reset_unknown,108,114,True,python,unreviewed
AuroraIA/application/test_bridge_v82m9_trend_reset_and_ttl.py,case_ttl_evicts_stale,122,137,True,python,unreviewed
AuroraIA/application/test_bridge_v82m9_trend_reset_and_ttl.py,case_ttl_preserves_fresh,141,152,True,python,unreviewed
AuroraIA/application/test_bridge_v82m9_trend_reset_and_ttl.py,case_ttl_configurable,156,172,True,python,unreviewed
AuroraIA/application/test_bridge_v82m9_trend_reset_and_ttl.py,case_ttl_disabled,176,189,True,python,unreviewed
AuroraIA/application/test_bridge_v82m9_trend_reset_and_ttl.py,case_ttl_isolation,193,206,True,python,unreviewed
AuroraIA/application/test_bridge_v82m9_trend_reset_and_ttl.py,case_ttl_reset_clears_lastts,210,216,True,python,unreviewed
AuroraIA/application/test_bridge_v82m9_trend_reset_and_ttl.py,main,219,238,True,python,unreviewed
AuroraIA/aurora_agi_daemon.py,check_for_previous_crashes,13,36,True,python,unreviewed
AuroraIA/aurora_agi_daemon.py,check_for_previous_crashes._heal_and_learn,23,30,False,python,unreviewed
AuroraIA/aurora_agi_daemon.py,main,41,68,True,python,unreviewed
AuroraIA/aurora_agi_daemon.py,main.on_mission_start,50,60,True,python,unreviewed
AuroraIA/aurora_cli.py,main,10,27,True,python,unreviewed
AuroraIA/auto_rl/adapters.py,WeightSubspace.__init__,15,40,False,python,unreviewed
AuroraIA/auto_rl/adapters.py,WeightSubspace._hook,42,58,False,python,unreviewed
AuroraIA/auto_rl/adapters.py,WeightSubspace._hook.apply,43,57,False,python,unreviewed
AuroraIA/auto_rl/adapters.py,WeightSubspace.vector,60,61,True,python,unreviewed
AuroraIA/auto_rl/adapters.py,WeightSubspace.set_vector,63,69,True,python,unreviewed
AuroraIA/auto_rl/adapters.py,WeightSubspace.reset_drift,71,72,True,python,unreviewed
AuroraIA/auto_rl/adapters.py,WeightSubspace.drift,75,76,True,python,unreviewed
AuroraIA/auto_rl/adapters.py,WeightSubspace.save,78,90,True,python,unreviewed
AuroraIA/auto_rl/adapters.py,WeightSubspace.load,92,106,True,python,unreviewed
AuroraIA/auto_rl/adapters.py,WeightSubspace.close,108,110,True,python,unreviewed
AuroraIA/auto_rl/adapters.py,es_gradient,113,117,True,python,unreviewed
AuroraIA/auto_rl/adapters.py,project,120,121,True,python,unreviewed
AuroraIA/auto_rl/autonomous_session.py,run,13,108,True,python,unreviewed
AuroraIA/auto_rl/autonomous_session.py,run.check,32,37,True,python,unreviewed
AuroraIA/auto_rl/autonomous_session.py,main,111,124,True,python,unreviewed
AuroraIA/auto_rl/autonomous_train.py,diagnose,20,32,True,python,unreviewed
AuroraIA/auto_rl/autonomous_train.py,correction,35,43,True,python,unreviewed
AuroraIA/auto_rl/autonomous_train.py,stop_child,46,53,True,python,unreviewed
AuroraIA/auto_rl/autonomous_train.py,supervise,56,164,True,python,unreviewed
AuroraIA/auto_rl/autonomous_train.py,main,167,175,True,python,unreviewed
AuroraIA/auto_rl/autonomous_train.py,main.progress,173,174,True,python,unreviewed
AuroraIA/auto_rl/backends.py,local_snapshot,19,30,True,python,unreviewed
AuroraIA/auto_rl/backends.py,resolve_paths,33,62,True,python,unreviewed
AuroraIA/auto_rl/backends.py,seed_all,65,71,True,python,unreviewed
AuroraIA/auto_rl/backends.py,extract_code,74,77,True,python,unreviewed
AuroraIA/auto_rl/backends.py,Backend.attach,83,88,True,python,unreviewed
AuroraIA/auto_rl/backends.py,Backend.close,90,95,True,python,unreviewed
AuroraIA/auto_rl/backends.py,CodeBackend.__init__,101,110,False,python,unreviewed
AuroraIA/auto_rl/backends.py,CodeBackend.chat,112,124,True,python,unreviewed
AuroraIA/auto_rl/backends.py,CodeBackend.generate,126,133,True,python,unreviewed
AuroraIA/auto_rl/backends.py,CodeBackend.kl_to_base,135,145,True,python,unreviewed
AuroraIA/auto_rl/backends.py,CodeBackend.prepare_tasks,147,156,True,python,unreviewed
AuroraIA/auto_rl/backends.py,ConversationBackend.generate,162,168,True,python,unreviewed
AuroraIA/auto_rl/backends.py,ImageBackend.__init__,174,183,False,python,unreviewed
AuroraIA/auto_rl/backends.py,ImageBackend.generate,185,193,True,python,unreviewed
AuroraIA/auto_rl/backends.py,AudioBackend.__init__,199,209,False,python,unreviewed
AuroraIA/auto_rl/backends.py,AudioBackend.generate,211,220,True,python,unreviewed
AuroraIA/auto_rl/backends.py,TrellisBackend.__init__,226,248,False,python,unreviewed
AuroraIA/auto_rl/backends.py,TrellisBackend.__init__.capture,243,247,False,python,unreviewed
AuroraIA/auto_rl/backends.py,TrellisBackend.generate,250,272,True,python,unreviewed
AuroraIA/auto_rl/backends.py,make_backend,275,282,True,python,unreviewed
AuroraIA/auto_rl/backends.py,visual_tasks,285,287,True,python,unreviewed
AuroraIA/auto_rl/backends.py,audio_tasks,290,325,True,python,unreviewed
AuroraIA/auto_rl/backups/aurora-universal-trainer.pre_auto_rl.py,Aurora3DGenerator.__init__,24,34,False,python,unreviewed
AuroraIA/auto_rl/backups/aurora-universal-trainer.pre_auto_rl.py,Aurora3DGenerator.forward,35,36,True,python,unreviewed
AuroraIA/auto_rl/backups/aurora-universal-trainer.pre_auto_rl.py,chamfer_distance,41,43,True,python,unreviewed
AuroraIA/auto_rl/backups/cycle_app.pre_auto_rl.py,AuroraCycleApp.__init__,12,24,False,python,unreviewed
AuroraIA/auto_rl/backups/cycle_app.pre_auto_rl.py,AuroraCycleApp.build_ui,26,149,True,python,unreviewed
AuroraIA/auto_rl/backups/cycle_app.pre_auto_rl.py,AuroraCycleApp.open_comparison,151,170,True,python,unreviewed
AuroraIA/auto_rl/backups/cycle_app.pre_auto_rl.py,AuroraCycleApp.accept_model,172,178,True,python,unreviewed
AuroraIA/auto_rl/backups/cycle_app.pre_auto_rl.py,AuroraCycleApp.reject_model,180,185,True,python,unreviewed
AuroraIA/auto_rl/backups/cycle_app.pre_auto_rl.py,AuroraCycleApp.update_version_dropdown,186,206,True,python,unreviewed
AuroraIA/auto_rl/backups/cycle_app.pre_auto_rl.py,AuroraCycleApp.toggle_cycle,208,232,True,python,unreviewed
AuroraIA/auto_rl/backups/cycle_app.pre_auto_rl.py,AuroraCycleApp.check_process_status,234,246,True,python,unreviewed
AuroraIA/auto_rl/backups/cycle_app.pre_auto_rl.py,AuroraCycleApp.update_local_stats,248,268,True,python,unreviewed
AuroraIA/auto_rl/backups/cycle_app.pre_auto_rl.py,AuroraCycleApp.update_cloud_stats,270,319,True,python,unreviewed
AuroraIA/auto_rl/backups/cycle_generator_universal.pre_auto_rl.py,update_status,12,26,True,python,unreviewed
AuroraIA/auto_rl/backups/cycle_generator_universal.pre_auto_rl.py,trigger_kaggle,28,42,True,python,unreviewed
AuroraIA/auto_rl/backups/cycle_generator_universal.pre_auto_rl.py,wait_for_kaggle_and_download,44,65,True,python,unreviewed
AuroraIA/auto_rl/backups/cycle_generator_universal.pre_auto_rl.py,evaluate_and_keep,67,156,True,python,unreviewed
AuroraIA/auto_rl/backups/cycle_generator_universal.pre_auto_rl.py,main,158,194,True,python,unreviewed
AuroraIA/auto_rl/backups/repair-20260912-115413/adapters.py,WeightSubspace.__init__,15,40,False,python,unreviewed
AuroraIA/auto_rl/backups/repair-20260912-115413/adapters.py,WeightSubspace._hook,42,58,False,python,unreviewed
AuroraIA/auto_rl/backups/repair-20260912-115413/adapters.py,WeightSubspace._hook.apply,43,57,False,python,unreviewed
AuroraIA/auto_rl/backups/repair-20260912-115413/adapters.py,WeightSubspace.vector,60,61,True,python,unreviewed
AuroraIA/auto_rl/backups/repair-20260912-115413/adapters.py,WeightSubspace.set_vector,63,69,True,python,unreviewed
AuroraIA/auto_rl/backups/repair-20260912-115413/adapters.py,WeightSubspace.reset_drift,71,72,True,python,unreviewed
AuroraIA/auto_rl/backups/repair-20260912-115413/adapters.py,WeightSubspace.drift,75,76,True,python,unreviewed
AuroraIA/auto_rl/backups/repair-20260912-115413/adapters.py,WeightSubspace.save,78,90,True,python,unreviewed
AuroraIA/auto_rl/backups/repair-20260912-115413/adapters.py,WeightSubspace.load,92,106,True,python,unreviewed
AuroraIA/auto_rl/backups/repair-20260912-115413/adapters.py,WeightSubspace.close,108,110,True,python,unreviewed
AuroraIA/auto_rl/backups/repair-20260912-115413/adapters.py,es_gradient,113,117,True,python,unreviewed
AuroraIA/auto_rl/backups/repair-20260912-115413/adapters.py,project,120,121,True,python,unreviewed
AuroraIA/auto_rl/backups/repair-20260912-115413/aurora_trellis_wrapper.py,_try_import,75,88,False,python,unreviewed
AuroraIA/auto_rl/backups/repair-20260912-115413/aurora_trellis_wrapper.py,is_available,94,95,True,python,unreviewed
AuroraIA/auto_rl/backups/repair-20260912-115413/aurora_trellis_wrapper.py,import_error,98,99,True,python,unreviewed
AuroraIA/auto_rl/backups/repair-20260912-115413/aurora_trellis_wrapper.py,_load_pipe,105,145,False,python,unreviewed
AuroraIA/auto_rl/backups/repair-20260912-115413/aurora_trellis_wrapper.py,_load_pipe._decode_latent_lowmem,121,138,False,python,unreviewed
AuroraIA/auto_rl/backups/repair-20260912-115413/aurora_trellis_wrapper.py,_auto_expose_glb_texture,158,181,False,python,unreviewed
AuroraIA/auto_rl/backups/repair-20260912-115413/aurora_trellis_wrapper.py,_remplacer_image_glb,184,230,False,python,unreviewed
AuroraIA/auto_rl/backups/repair-20260912-115413/aurora_trellis_wrapper.py,_remplacer_image_glb._repack,206,219,False,python,unreviewed
AuroraIA/auto_rl/backups/repair-20260912-115413/aurora_trellis_wrapper.py,_upscale_glb_texture,233,309,False,python,unreviewed
AuroraIA/auto_rl/backups/repair-20260912-115413/aurora_trellis_wrapper.py,generate_glb,312,522,True,python,unreviewed
AuroraIA/auto_rl/backups/repair-20260912-115413/aurora_trellis_wrapper.py,generate_glb._ouvrir,342,353,False,python,unreviewed
AuroraIA/auto_rl/backups/repair-20260912-115413/aurora_trellis_wrapper.py,main,525,557,True,python,unreviewed
AuroraIA/auto_rl/backups/repair-20260912-115413/backends.py,local_snapshot,18,29,True,python,unreviewed
AuroraIA/auto_rl/backups/repair-20260912-115413/backends.py,resolve_paths,32,48,True,python,unreviewed
AuroraIA/auto_rl/backups/repair-20260912-115413/backends.py,seed_all,51,57,True,python,unreviewed
AuroraIA/auto_rl/backups/repair-20260912-115413/backends.py,extract_code,60,63,True,python,unreviewed
AuroraIA/auto_rl/backups/repair-20260912-115413/backends.py,Backend.attach,69,74,True,python,unreviewed
AuroraIA/auto_rl/backups/repair-20260912-115413/backends.py,Backend.close,76,79,True,python,unreviewed
AuroraIA/auto_rl/backups/repair-20260912-115413/backends.py,CodeBackend.__init__,85,94,False,python,unreviewed
AuroraIA/auto_rl/backups/repair-20260912-115413/backends.py,CodeBackend.chat,96,106,True,python,unreviewed
AuroraIA/auto_rl/backups/repair-20260912-115413/backends.py,CodeBackend.generate,108,115,True,python,unreviewed
AuroraIA/auto_rl/backups/repair-20260912-115413/backends.py,CodeBackend.kl_to_base,117,127,True,python,unreviewed
AuroraIA/auto_rl/backups/repair-20260912-115413/backends.py,CodeBackend.prepare_tasks,129,157,True,python,unreviewed
AuroraIA/auto_rl/backups/repair-20260912-115413/backends.py,ImageBackend.__init__,162,171,False,python,unreviewed
AuroraIA/auto_rl/backups/repair-20260912-115413/backends.py,ImageBackend.generate,173,181,True,python,unreviewed
AuroraIA/auto_rl/backups/repair-20260912-115413/backends.py,AudioBackend.__init__,187,197,False,python,unreviewed
AuroraIA/auto_rl/backups/repair-20260912-115413/backends.py,AudioBackend.generate,199,208,True,python,unreviewed
AuroraIA/auto_rl/backups/repair-20260912-115413/backends.py,TrellisBackend.__init__,214,236,False,python,unreviewed
AuroraIA/auto_rl/backups/repair-20260912-115413/backends.py,TrellisBackend.__init__.capture,231,235,False,python,unreviewed
AuroraIA/auto_rl/backups/repair-20260912-115413/backends.py,TrellisBackend.generate,238,260,True,python,unreviewed
AuroraIA/auto_rl/backups/repair-20260912-115413/backends.py,make_backend,263,264,True,python,unreviewed
AuroraIA/auto_rl/backups/repair-20260912-115413/backends.py,visual_tasks,267,269,True,python,unreviewed
AuroraIA/auto_rl/backups/repair-20260912-115413/backends.py,audio_tasks,272,283,True,python,unreviewed
AuroraIA/auto_rl/backups/repair-20260912-115413/bridge_server.py,_req_start,44,45,False,python,unreviewed
AuroraIA/auto_rl/backups/repair-20260912-115413/bridge_server.py,_req_log,49,55,False,python,unreviewed
AuroraIA/auto_rl/backups/repair-20260912-115413/bridge_server.py,sortie_module,65,82,True,python,unreviewed
AuroraIA/auto_rl/backups/repair-20260912-115413/bridge_server.py,resolve_node_exe,85,134,True,python,unreviewed
AuroraIA/auto_rl/backups/repair-20260912-115413/bridge_server.py,resolve_node_exe.cle,116,121,True,python,unreviewed
AuroraIA/auto_rl/backups/repair-20260912-115413/bridge_server.py,_find_comfyui_path,136,185,False,python,unreviewed
AuroraIA/auto_rl/backups/repair-20260912-115413/bridge_server.py,_find_comfyui_path._is_comfyui,146,147,False,python,unreviewed
AuroraIA/auto_rl/backups/repair-20260912-115413/bridge_server.py,_comfyui_is_ready,199,208,False,python,unreviewed
AuroraIA/auto_rl/backups/repair-20260912-115413/bridge_server.py,_start_comfyui,211,249,False,python,unreviewed
AuroraIA/auto_rl/backups/repair-20260912-115413/bridge_server.py,_clean_headers,256,259,False,python,unreviewed
AuroraIA/auto_rl/backups/repair-20260912-115413/bridge_server.py,_proxy,262,278,False,python,unreviewed
AuroraIA/auto_rl/backups/repair-20260912-115413/bridge_server.py,voice_stt,286,304,True,python,unreviewed
AuroraIA/auto_rl/backups/repair-20260912-115413/bridge_server.py,voice_tts,308,394,True,python,unreviewed
AuroraIA/auto_rl/backups/repair-20260912-115413/bridge_server.py,serve_tts_audio,398,418,True,python,unreviewed
AuroraIA/auto_rl/backups/repair-20260912-115413/bridge_server.py,serve_tts_video,422,427,True,python,unreviewed
AuroraIA/auto_rl/backups/repair-20260912-115413/bridge_server.py,talking_head_check,431,450,True,python,unreviewed
AuroraIA/auto_rl/backups/repair-20260912-115413/bridge_server.py,talking_head_idle,454,496,True,python,unreviewed
AuroraIA/auto_rl/backups/repair-20260912-115413/bridge_server.py,serve_idle_video,500,505,True,python,unreviewed
AuroraIA/auto_rl/backups/repair-20260912-115413/bridge_server.py,calendar_fetch_ics,511,563,True,python,unreviewed
AuroraIA/auto_rl/backups/repair-20260912-115413/bridge_server.py,_ent_dir,576,582,False,python,unreviewed
AuroraIA/auto_rl/backups/repair-20260912-115413/bridge_server.py,ent_harvest,586,626,True,python,unreviewed
AuroraIA/auto_rl/backups/repair-20260912-115413/bridge_server.py,ent_list,630,671,True,python,unreviewed
AuroraIA/auto_rl/backups/repair-20260912-115413/bridge_server.py,ent_get,675,693,True,python,unreviewed
AuroraIA/auto_rl/backups/repair-20260912-115413/bridge_server.py,_ent_fallback_items_from_snapshot,698,753,False,python,unreviewed
AuroraIA/auto_rl/backups/repair-20260912-115413/bridge_server.py,ent_native_run,757,845,True,python,unreviewed
AuroraIA/auto_rl/backups/repair-20260912-115413/bridge_server.py,ent_discover_pronote,850,1054,True,python,unreviewed
AuroraIA/auto_rl/backups/repair-20260912-115413/bridge_server.py,ent_discover_pronote._adapter_for_url,881,893,False,python,unreviewed
AuroraIA/auto_rl/backups/repair-20260912-115413/bridge_server.py,ent_discover_pronote._allowed,895,896,False,python,unreviewed
AuroraIA/auto_rl/backups/repair-20260912-115413/bridge_server.py,ent_discover_pronote._add_candidate,898,911,False,python,unreviewed
AuroraIA/auto_rl/backups/repair-20260912-115413/bridge_server.py,ent_analyze_dom,1058,1189,True,python,unreviewed
AuroraIA/auto_rl/backups/repair-20260912-115413/bridge_server.py,voice_stt_info,1193,1204,True,python,unreviewed
AuroraIA/auto_rl/backups/repair-20260912-115413/bridge_server.py,voice_personas,1208,1227,True,python,unreviewed
AuroraIA/auto_rl/backups/repair-20260912-115413/bridge_server.py,_detect_code_editor,1237,1259,False,python,unreviewed
AuroraIA/auto_rl/backups/repair-20260912-115413/bridge_server.py,code_install_model,1263,1297,True,python,unreviewed
AuroraIA/auto_rl/backups/repair-20260912-115413/bridge_server.py,code_detect_editor,1301,1307,True,python,unreviewed
AuroraIA/auto_rl/backups/repair-20260912-115413/bridge_server.py,code_open_folder,1311,1392,True,python,unreviewed
AuroraIA/auto_rl/backups/repair-20260912-115413/bridge_server.py,_repo_lang,1431,1436,False,python,unreviewed
AuroraIA/auto_rl/backups/repair-20260912-115413/bridge_server.py,_repo_git,1439,1449,False,python,unreviewed
AuroraIA/auto_rl/backups/repair-20260912-115413/bridge_server.py,code_repo_pick,1453,1475,True,python,unreviewed
AuroraIA/auto_rl/backups/repair-20260912-115413/bridge_server.py,code_repo_scan,1479,1567,True,python,unreviewed
AuroraIA/auto_rl/backups/repair-20260912-115413/bridge_server.py,code_repo_scan._rank,1519,1527,False,python,unreviewed
AuroraIA/auto_rl/backups/repair-20260912-115413/bridge_server.py,code_repo_write,1571,1625,True,python,unreviewed
AuroraIA/auto_rl/backups/repair-20260912-115413/bridge_server.py,code_repo_git_info,1629,1647,True,python,unreviewed
AuroraIA/auto_rl/backups/repair-20260912-115413/bridge_server.py,code_repo_install,1651,1699,True,python,unreviewed
AuroraIA/auto_rl/backups/repair-20260912-115413/bridge_server.py,code_repo_install._has,1663,1664,False,python,unreviewed
AuroraIA/auto_rl/backups/repair-20260912-115413/bridge_server.py,ollama_proxy,1703,1707,True,python,unreviewed
AuroraIA/auto_rl/backups/repair-20260912-115413/bridge_server.py,ollama_chat,1711,1726,True,python,unreviewed
AuroraIA/auto_rl/backups/repair-20260912-115413/bridge_server.py,_ext_load,1745,1751,False,python,unreviewed
AuroraIA/auto_rl/backups/repair-20260912-115413/bridge_server.py,_ext_save,1754,1759,False,python,unreviewed
AuroraIA/auto_rl/backups/repair-20260912-115413/bridge_server.py,_ext_hash,1762,1763,False,python,unreviewed
AuroraIA/auto_rl/backups/repair-20260912-115413/bridge_server.py,_ext_admin_ok,1766,1774,False,python,unreviewed
AuroraIA/auto_rl/backups/repair-20260912-115413/bridge_server.py,_ext_get_raw_key,1777,1793,False,python,unreviewed
AuroraIA/auto_rl/backups/repair-20260912-115413/bridge_server.py,_ext_auth,1796,1808,False,python,unreviewed
AuroraIA/auto_rl/backups/repair-20260912-115413/bridge_server.py,_ext_origin_for,1811,1825,False,python,unreviewed
AuroraIA/auto_rl/backups/repair-20260912-115413/bridge_server.py,_ext_cors,1828,1836,False,python,unreviewed
AuroraIA/auto_rl/backups/repair-20260912-115413/bridge_server.py,_ext_rate_ok,1839,1847,False,python,unreviewed
AuroraIA/auto_rl/backups/repair-20260912-115413/bridge_server.py,_ext_default_model,1850,1863,False,python,unreviewed
AuroraIA/auto_rl/backups/repair-20260912-115413/bridge_server.py,_ext_key_public,1868,1870,False,python,unreviewed
AuroraIA/auto_rl/backups/repair-20260912-115413/bridge_server.py,ext_key_status,1874,1884,True,python,unreviewed
AuroraIA/auto_rl/backups/repair-20260912-115413/bridge_server.py,ext_key_generate,1888,1911,True,python,unreviewed
AuroraIA/auto_rl/backups/repair-20260912-115413/bridge_server.py,ext_key_revoke,1915,1928,True,python,unreviewed
AuroraIA/auto_rl/backups/repair-20260912-115413/bridge_server.py,ext_ping,1933,1941,True,python,unreviewed
AuroraIA/auto_rl/backups/repair-20260912-115413/bridge_server.py,ext_chat,1945,1997,True,python,unreviewed
AuroraIA/auto_rl/backups/repair-20260912-115413/bridge_server.py,_ext_3d_pick_glb,2013,2026,False,python,unreviewed
AuroraIA/auto_rl/backups/repair-20260912-115413/bridge_server.py,_ext_3d_score,2029,2044,False,python,unreviewed
AuroraIA/auto_rl/backups/repair-20260912-115413/bridge_server.py,_ext_3d_worker,2047,2112,False,python,unreviewed
AuroraIA/auto_rl/backups/repair-20260912-115413/bridge_server.py,ext_3d_generate,2117,2143,True,python,unreviewed
AuroraIA/auto_rl/backups/repair-20260912-115413/bridge_server.py,ext_3d_status,2147,2173,True,python,unreviewed
AuroraIA/auto_rl/backups/repair-20260912-115413/bridge_server.py,ext_do,2205,2283,True,python,unreviewed
AuroraIA/auto_rl/backups/repair-20260912-115413/bridge_server.py,_chemin_3d_sur,2287,2300,False,python,unreviewed
AuroraIA/auto_rl/backups/repair-20260912-115413/bridge_server.py,three_d_list,2304,2340,True,python,unreviewed
AuroraIA/auto_rl/backups/repair-20260912-115413/bridge_server.py,three_d_file,2344,2361,True,python,unreviewed
AuroraIA/auto_rl/backups/repair-20260912-115413/bridge_server.py,aurora_api_doc,2367,2377,True,python,unreviewed
AuroraIA/auto_rl/backups/repair-20260912-115413/bridge_server.py,comfyui_proxy,2385,2389,True,python,unreviewed
AuroraIA/auto_rl/backups/repair-20260912-115413/bridge_server.py,hardware,2397,2425,True,python,unreviewed
AuroraIA/auto_rl/backups/repair-20260912-115413/bridge_server.py,runtime_inspect,2429,2460,True,python,unreviewed
AuroraIA/auto_rl/backups/repair-20260912-115413/bridge_server.py,runtime_privilege,2464,2465,True,python,unreviewed
AuroraIA/auto_rl/backups/repair-20260912-115413/bridge_server.py,prepare_model,2469,2470,True,python,unreviewed
AuroraIA/auto_rl/backups/repair-20260912-115413/bridge_server.py,services_status,2478,2491,True,python,unreviewed
AuroraIA/auto_rl/backups/repair-20260912-115413/bridge_server.py,web_action,2499,2528,True,python,unreviewed
AuroraIA/auto_rl/backups/repair-20260912-115413/bridge_server.py,web_search,2536,2575,True,python,unreviewed
AuroraIA/auto_rl/backups/repair-20260912-115413/bridge_server.py,_safe_web_filename,2578,2582,False,python,unreviewed
AuroraIA/auto_rl/backups/repair-20260912-115413/bridge_server.py,web_download,2586,2654,True,python,unreviewed
AuroraIA/auto_rl/backups/repair-20260912-115413/bridge_server.py,web_extract,2658,2676,True,python,unreviewed
AuroraIA/auto_rl/backups/repair-20260912-115413/bridge_server.py,web_images,2680,2698,True,python,unreviewed
AuroraIA/auto_rl/backups/repair-20260912-115413/bridge_server.py,_wikipedia_thumbnail,2701,2741,False,python,unreviewed
AuroraIA/auto_rl/backups/repair-20260912-115413/bridge_server.py,_wikipedia_thumbnail_single,2744,2789,False,python,unreviewed
AuroraIA/auto_rl/backups/repair-20260912-115413/bridge_server.py,_duckduckgo_image,2792,2855,False,python,unreviewed
AuroraIA/auto_rl/backups/repair-20260912-115413/bridge_server.py,_extract_dominant_color,2858,2906,False,python,unreviewed
AuroraIA/auto_rl/backups/repair-20260912-115413/bridge_server.py,_wikipedia_summary_text,2909,2945,False,python,unreviewed
AuroraIA/auto_rl/backups/repair-20260912-115413/bridge_server.py,_ollama_extract_brand_profile,2948,3037,False,python,unreviewed
AuroraIA/auto_rl/backups/repair-20260912-115413/bridge_server.py,_brand_cache_load,3051,3059,False,python,unreviewed
AuroraIA/auto_rl/backups/repair-20260912-115413/bridge_server.py,_brand_cache_save,3062,3071,False,python,unreviewed
AuroraIA/auto_rl/backups/repair-20260912-115413/bridge_server.py,_brand_cache_get,3074,3089,False,python,unreviewed
AuroraIA/auto_rl/backups/repair-20260912-115413/bridge_server.py,_brand_cache_put,3092,3108,False,python,unreviewed
AuroraIA/auto_rl/backups/repair-20260912-115413/bridge_server.py,brand_enrich,3112,3199,True,python,unreviewed
AuroraIA/auto_rl/backups/repair-20260912-115413/bridge_server.py,web_image_single,3203,3291,True,python,unreviewed
AuroraIA/auto_rl/backups/repair-20260912-115413/bridge_server.py,_update_job_progress_from_line,3303,3360,False,python,unreviewed
AuroraIA/auto_rl/backups/repair-20260912-115413/bridge_server.py,python_progress,3364,3370,True,python,unreviewed
AuroraIA/auto_rl/backups/repair-20260912-115413/bridge_server.py,_emit_progress,3373,3382,False,python,unreviewed
AuroraIA/auto_rl/backups/repair-20260912-115413/bridge_server.py,_resolve_script_path,3389,3392,False,python,unreviewed
AuroraIA/auto_rl/backups/repair-20260912-115413/bridge_server.py,_build_python_env,3395,3463,False,python,unreviewed
AuroraIA/auto_rl/backups/repair-20260912-115413/bridge_server.py,_build_python_env._hub_has_models,3423,3427,False,python,unreviewed
AuroraIA/auto_rl/backups/repair-20260912-115413/bridge_server.py,_build_python_env._hub_count,3428,3432,False,python,unreviewed
AuroraIA/auto_rl/backups/repair-20260912-115413/bridge_server.py,_clean_stderr,3466,3471,False,python,unreviewed
AuroraIA/auto_rl/backups/repair-20260912-115413/bridge_server.py,_FileVideoInerte.enqueue,3503,3503,False,python,unreviewed
AuroraIA/auto_rl/backups/repair-20260912-115413/bridge_server.py,_FileVideoInerte.cancel,3504,3504,False,python,unreviewed
AuroraIA/auto_rl/backups/repair-20260912-115413/bridge_server.py,_FileVideoInerte.wait_until_idle,3505,3505,False,python,unreviewed
AuroraIA/auto_rl/backups/repair-20260912-115413/bridge_server.py,_FileVideoInerte.is_cancelled,3506,3506,False,python,unreviewed
AuroraIA/auto_rl/backups/repair-20260912-115413/bridge_server.py,_FileVideoInerte.snapshot,3507,3507,False,python,unreviewed
AuroraIA/auto_rl/backups/repair-20260912-115413/bridge_server.py,_FileVideoInerte.acquire,3508,3508,False,python,unreviewed
AuroraIA/auto_rl/backups/repair-20260912-115413/bridge_server.py,_FileVideoInerte.release,3509,3509,False,python,unreviewed
AuroraIA/auto_rl/backups/repair-20260912-115413/bridge_server.py,_is_video_gpu_job,3515,3532,False,python,unreviewed
AuroraIA/auto_rl/backups/repair-20260912-115413/bridge_server.py,_queue_video_job,3535,3545,False,python,unreviewed
AuroraIA/auto_rl/backups/repair-20260912-115413/bridge_server.py,_update_video_queue_wait,3548,3558,False,python,unreviewed
AuroraIA/auto_rl/backups/repair-20260912-115413/bridge_server.py,_terminate_job_process,3561,3583,False,python,unreviewed
AuroraIA/auto_rl/backups/repair-20260912-115413/bridge_server.py,_persist_job_state,3586,3598,False,python,unreviewed
AuroraIA/auto_rl/backups/repair-20260912-115413/bridge_server.py,_finalize_cancelled_job,3601,3615,False,python,unreviewed
AuroraIA/auto_rl/backups/repair-20260912-115413/bridge_server.py,_cancel_video_job_response,3618,3667,False,python,unreviewed
AuroraIA/auto_rl/backups/repair-20260912-115413/bridge_server.py,_cancel_video_job_response._coup_de_grace,3649,3651,False,python,unreviewed
AuroraIA/auto_rl/backups/repair-20260912-115413/bridge_server.py,_cinema_bridge_timeout_seconds,3670,3693,False,python,unreviewed
AuroraIA/auto_rl/backups/repair-20260912-115413/bridge_server.py,_video_scratch_reservation_gb,3696,3714,False,python,unreviewed
AuroraIA/auto_rl/backups/repair-20260912-115413/bridge_server.py,_is_3d_generation_active,3725,3738,False,python,unreviewed
AuroraIA/auto_rl/backups/repair-20260912-115413/bridge_server.py,_run_python_job,3741,4178,False,python,unreviewed
AuroraIA/auto_rl/backups/repair-20260912-115413/bridge_server.py,_run_python_job._borner_stdout,3767,3770,False,python,unreviewed
AuroraIA/auto_rl/backups/repair-20260912-115413/bridge_server.py,_run_python_job._drain_stderr,3964,3970,False,python,unreviewed
AuroraIA/auto_rl/backups/repair-20260912-115413/bridge_server.py,_gc_old_jobs,4181,4200,False,python,unreviewed
AuroraIA/auto_rl/backups/repair-20260912-115413/bridge_server.py,python_run_async,4204,4233,True,python,unreviewed
AuroraIA/auto_rl/backups/repair-20260912-115413/bridge_server.py,python_bridge_ping,4237,4242,True,python,unreviewed
AuroraIA/auto_rl/backups/repair-20260912-115413/bridge_server.py,python_bridge_health,4246,4261,True,python,unreviewed
AuroraIA/auto_rl/backups/repair-20260912-115413/bridge_server.py,aurora_conformance,4283,4352,True,python,unreviewed
AuroraIA/auto_rl/backups/repair-20260912-115413/bridge_server.py,aurora_conformance.flag,4292,4298,True,python,unreviewed
AuroraIA/auto_rl/backups/repair-20260912-115413/bridge_server.py,_lance_outil,4366,4377,False,python,unreviewed
AuroraIA/auto_rl/backups/repair-20260912-115413/bridge_server.py,_python_du_projet,4380,4384,False,python,unreviewed
AuroraIA/auto_rl/backups/repair-20260912-115413/bridge_server.py,aurora_architecture,4388,4408,True,python,unreviewed
AuroraIA/auto_rl/backups/repair-20260912-115413/bridge_server.py,aurora_expertise,4412,4461,True,python,unreviewed
AuroraIA/auto_rl/backups/repair-20260912-115413/bridge_server.py,_resolve_tunnel_url_path,4478,4487,False,python,unreviewed
AuroraIA/auto_rl/backups/repair-20260912-115413/bridge_server.py,_tunnel_url_etag,4490,4501,False,python,unreviewed
AuroraIA/auto_rl/backups/repair-20260912-115413/bridge_server.py,tunnel_url,4505,4586,True,python,unreviewed
AuroraIA/auto_rl/backups/repair-20260912-115413/bridge_server.py,python_job_status,4590,4604,True,python,unreviewed
AuroraIA/auto_rl/backups/repair-20260912-115413/bridge_server.py,python_job_cancel,4608,4610,True,python,unreviewed
AuroraIA/auto_rl/backups/repair-20260912-115413/bridge_server.py,python_run,4614,4636,True,python,unreviewed
AuroraIA/auto_rl/backups/repair-20260912-115413/bridge_server.py,command_run,4640,4659,True,python,unreviewed
AuroraIA/auto_rl/backups/repair-20260912-115413/bridge_server.py,command_spawn,4663,4687,True,python,unreviewed
AuroraIA/auto_rl/backups/repair-20260912-115413/bridge_server.py,fs_workspace_path,4695,4696,True,python,unreviewed
AuroraIA/auto_rl/backups/repair-20260912-115413/bridge_server.py,fs_exists,4700,4702,True,python,unreviewed
AuroraIA/auto_rl/backups/repair-20260912-115413/bridge_server.py,fs_mkdir,4706,4709,True,python,unreviewed
AuroraIA/auto_rl/backups/repair-20260912-115413/bridge_server.py,fs_read_text,4713,4719,True,python,unreviewed
AuroraIA/auto_rl/backups/repair-20260912-115413/bridge_server.py,fs_write_text,4723,4730,True,python,unreviewed
AuroraIA/auto_rl/backups/repair-20260912-115413/bridge_server.py,fs_write_binary,4734,4741,True,python,unreviewed
AuroraIA/auto_rl/backups/repair-20260912-115413/bridge_server.py,fs_read_binary,4745,4751,True,python,unreviewed
AuroraIA/auto_rl/backups/repair-20260912-115413/bridge_server.py,fs_remove_dir,4755,4771,True,python,unreviewed
AuroraIA/auto_rl/backups/repair-20260912-115413/bridge_server.py,fs_list_dir,4775,4784,True,python,unreviewed
AuroraIA/auto_rl/backups/repair-20260912-115413/bridge_server.py,_resoudre_chemin_workspace,4791,4806,False,python,unreviewed
AuroraIA/auto_rl/backups/repair-20260912-115413/bridge_server.py,three_d_select_subject,4810,4847,True,python,unreviewed
AuroraIA/auto_rl/backups/repair-20260912-115413/bridge_server.py,aurora_viewer_page,4851,4856,True,python,unreviewed
AuroraIA/auto_rl/backups/repair-20260912-115413/bridge_server.py,serve_asset,4860,4880,True,python,unreviewed
AuroraIA/auto_rl/backups/repair-20260912-115413/bridge_server.py,download_asset,4884,4895,True,python,unreviewed
AuroraIA/auto_rl/backups/repair-20260912-115413/bridge_server.py,list_generated_files,4899,4924,True,python,unreviewed
AuroraIA/auto_rl/backups/repair-20260912-115413/bridge_server.py,persist_generated_image,4928,4957,True,python,unreviewed
AuroraIA/auto_rl/backups/repair-20260912-115413/bridge_server.py,ollama_tags,4965,4971,True,python,unreviewed
AuroraIA/auto_rl/backups/repair-20260912-115413/bridge_server.py,upload_file,4979,5004,True,python,unreviewed
AuroraIA/auto_rl/backups/repair-20260912-115413/bridge_server.py,comfyui_status,5012,5014,True,python,unreviewed
AuroraIA/auto_rl/backups/repair-20260912-115413/bridge_server.py,comfyui_start,5018,5025,True,python,unreviewed
AuroraIA/auto_rl/backups/repair-20260912-115413/bridge_server.py,comfyui_image,5029,5060,True,python,unreviewed
AuroraIA/auto_rl/backups/repair-20260912-115413/bridge_server.py,ollama_models,5068,5086,True,python,unreviewed
AuroraIA/auto_rl/backups/repair-20260912-115413/bridge_server.py,ollama_pull,5090,5116,True,python,unreviewed
AuroraIA/auto_rl/backups/repair-20260912-115413/bridge_server.py,ollama_pull.generate,5097,5110,True,python,unreviewed
AuroraIA/auto_rl/backups/repair-20260912-115413/bridge_server.py,system_info,5124,5158,True,python,unreviewed
AuroraIA/auto_rl/backups/repair-20260912-115413/bridge_server.py,_run_cinema_script_sync,5196,5231,False,python,unreviewed
AuroraIA/auto_rl/backups/repair-20260912-115413/bridge_server.py,_strip_json_fence,5363,5372,False,python,unreviewed
AuroraIA/auto_rl/backups/repair-20260912-115413/bridge_server.py,_ollama_installed_models,5375,5383,False,python,unreviewed
AuroraIA/auto_rl/backups/repair-20260912-115413/bridge_server.py,_resolve_storyboard_model,5386,5426,False,python,unreviewed
AuroraIA/auto_rl/backups/repair-20260912-115413/bridge_server.py,cinema_storyboard,5430,5515,True,python,unreviewed
AuroraIA/auto_rl/backups/repair-20260912-115413/bridge_server.py,academy_parcours_latest,5519,5530,True,python,unreviewed
AuroraIA/auto_rl/backups/repair-20260912-115413/bridge_server.py,cinema_sample_render,5534,5583,True,python,unreviewed
AuroraIA/auto_rl/backups/repair-20260912-115413/bridge_server.py,cinema_regenerate_shot,5587,5676,True,python,unreviewed
AuroraIA/auto_rl/backups/repair-20260912-115413/bridge_server.py,cinema_selftest,5680,5759,True,python,unreviewed
AuroraIA/auto_rl/backups/repair-20260912-115413/bridge_server.py,cinema_video_benchmark,5763,5818,True,python,unreviewed
AuroraIA/auto_rl/backups/repair-20260912-115413/bridge_server.py,cinema_preview_keyframes,5822,5871,True,python,unreviewed
AuroraIA/auto_rl/backups/repair-20260912-115413/bridge_server.py,cinema_generate,5875,5926,True,python,unreviewed
AuroraIA/auto_rl/backups/repair-20260912-115413/bridge_server.py,video_render,5941,6042,True,python,unreviewed
AuroraIA/auto_rl/backups/repair-20260912-115413/bridge_server.py,_parse_eta_from_progress,6045,6055,False,python,unreviewed
AuroraIA/auto_rl/backups/repair-20260912-115413/bridge_server.py,_reload_lost_cinema_job,6058,6130,False,python,unreviewed
AuroraIA/auto_rl/backups/repair-20260912-115413/bridge_server.py,_job_eta_from_disk,6133,6147,False,python,unreviewed
AuroraIA/auto_rl/backups/repair-20260912-115413/bridge_server.py,cinema_films,6157,6199,True,python,unreviewed
AuroraIA/auto_rl/backups/repair-20260912-115413/bridge_server.py,cinema_film_video,6203,6213,True,python,unreviewed
AuroraIA/auto_rl/backups/repair-20260912-115413/bridge_server.py,cinema_film_rapport,6217,6228,True,python,unreviewed
AuroraIA/auto_rl/backups/repair-20260912-115413/bridge_server.py,cinema_job_status,6232,6278,True,python,unreviewed
AuroraIA/auto_rl/backups/repair-20260912-115413/bridge_server.py,cinema_job_cancel,6282,6284,True,python,unreviewed
AuroraIA/auto_rl/backups/repair-20260912-115413/bridge_server.py,video_gpu_queue_status,6288,6296,True,python,unreviewed
AuroraIA/auto_rl/backups/repair-20260912-115413/bridge_server.py,_storage_response,6299,6316,False,python,unreviewed
AuroraIA/auto_rl/backups/repair-20260912-115413/bridge_server.py,_video_model_strategy,6319,6333,False,python,unreviewed
AuroraIA/auto_rl/backups/repair-20260912-115413/bridge_server.py,storage_status,6337,6364,True,python,unreviewed
AuroraIA/auto_rl/backups/repair-20260912-115413/bridge_server.py,storage_status.status_with_strategy,6339,6362,True,python,unreviewed
AuroraIA/auto_rl/backups/repair-20260912-115413/bridge_server.py,storage_tier,6368,6374,True,python,unreviewed
AuroraIA/auto_rl/backups/repair-20260912-115413/bridge_server.py,storage_stage,6378,6382,True,python,unreviewed
AuroraIA/auto_rl/backups/repair-20260912-115413/bridge_server.py,storage_unstage,6386,6390,True,python,unreviewed
AuroraIA/auto_rl/backups/repair-20260912-115413/bridge_server.py,storage_gc,6394,6401,True,python,unreviewed
AuroraIA/auto_rl/backups/repair-20260912-115413/bridge_server.py,storage_purge,6405,6413,True,python,unreviewed
AuroraIA/auto_rl/backups/repair-20260912-115413/bridge_server.py,video_gallery,6417,6472,True,python,unreviewed
AuroraIA/auto_rl/backups/repair-20260912-115413/bridge_server.py,video_gallery.append_video,6426,6441,True,python,unreviewed
AuroraIA/auto_rl/backups/repair-20260912-115413/bridge_server.py,voice_library_list,6480,6483,True,python,unreviewed
AuroraIA/auto_rl/backups/repair-20260912-115413/bridge_server.py,voice_library_delete,6487,6500,True,python,unreviewed
AuroraIA/auto_rl/backups/repair-20260912-115413/bridge_server.py,voice_library_clear,6504,6517,True,python,unreviewed
AuroraIA/auto_rl/backups/repair-20260912-115413/bridge_server.py,voice_register,6521,6590,True,python,unreviewed
AuroraIA/auto_rl/backups/repair-20260912-115413/bridge_server.py,voice_extract_async,6594,6652,True,python,unreviewed
AuroraIA/auto_rl/backups/repair-20260912-115413/bridge_server.py,voice_synthesize,6656,6707,True,python,unreviewed
AuroraIA/auto_rl/backups/repair-20260912-115413/bridge_server.py,voice_clone_check,6711,6714,True,python,unreviewed
AuroraIA/auto_rl/backups/repair-20260912-115413/bridge_server.py,_guess_audio_ext_and_bytes,6721,6743,False,python,unreviewed
AuroraIA/auto_rl/backups/repair-20260912-115413/bridge_server.py,voice_studio_upload_sample,6747,6842,True,python,unreviewed
AuroraIA/auto_rl/backups/repair-20260912-115413/bridge_server.py,voice_studio_stream_sample,6846,6861,True,python,unreviewed
AuroraIA/auto_rl/backups/repair-20260912-115413/bridge_server.py,voice_studio_replicate,6865,6928,True,python,unreviewed
AuroraIA/auto_rl/backups/repair-20260912-115413/bridge_server.py,voice_studio_sing,6932,7000,True,python,unreviewed
AuroraIA/auto_rl/backups/repair-20260912-115413/bridge_server.py,voice_studio_music_search,7004,7014,True,python,unreviewed
AuroraIA/auto_rl/backups/repair-20260912-115413/bridge_server.py,voice_studio_stream_music,7018,7029,True,python,unreviewed
AuroraIA/auto_rl/backups/repair-20260912-115413/bridge_server.py,voice_studio_detect_emotion,7033,7043,True,python,unreviewed
AuroraIA/auto_rl/backups/repair-20260912-115413/bridge_server.py,voice_studio_calibrate,7047,7060,True,python,unreviewed
AuroraIA/auto_rl/backups/repair-20260912-115413/bridge_server.py,voice_studio_stream_generation,7064,7081,True,python,unreviewed
AuroraIA/auto_rl/backups/repair-20260912-115413/bridge_server.py,voice_studio_tree,7085,7093,True,python,unreviewed
AuroraIA/auto_rl/backups/repair-20260912-115413/bridge_server.py,voice_studio_profiles,7097,7108,True,python,unreviewed
AuroraIA/auto_rl/backups/repair-20260912-115413/bridge_server.py,voice_studio_delete_profile,7112,7124,True,python,unreviewed
AuroraIA/auto_rl/backups/repair-20260912-115413/bridge_server.py,voice_studio_clean_legacy,7128,7144,True,python,unreviewed
AuroraIA/auto_rl/backups/repair-20260912-115413/bridge_server.py,_music_headers,7160,7165,False,python,unreviewed
AuroraIA/auto_rl/backups/repair-20260912-115413/bridge_server.py,_music_engine_json,7168,7187,False,python,unreviewed
AuroraIA/auto_rl/backups/repair-20260912-115413/bridge_server.py,_music_safe_slug,7190,7192,False,python,unreviewed
AuroraIA/auto_rl/backups/repair-20260912-115413/bridge_server.py,_music_number,7195,7202,False,python,unreviewed
AuroraIA/auto_rl/backups/repair-20260912-115413/bridge_server.py,_music_choose_model,7205,7217,False,python,unreviewed
AuroraIA/auto_rl/backups/repair-20260912-115413/bridge_server.py,_music_status_payload,7220,7241,False,python,unreviewed
AuroraIA/auto_rl/backups/repair-20260912-115413/bridge_server.py,_music_result_audio_url,7244,7255,False,python,unreviewed
AuroraIA/auto_rl/backups/repair-20260912-115413/bridge_server.py,_music_store_result,7258,7301,False,python,unreviewed
AuroraIA/auto_rl/backups/repair-20260912-115413/bridge_server.py,_music_refresh_job,7304,7357,False,python,unreviewed
AuroraIA/auto_rl/backups/repair-20260912-115413/bridge_server.py,_music_public_job,7360,7361,False,python,unreviewed
AuroraIA/auto_rl/backups/repair-20260912-115413/bridge_server.py,music_status,7365,7366,True,python,unreviewed
AuroraIA/auto_rl/backups/repair-20260912-115413/bridge_server.py,music_voice_list,7370,7384,True,python,unreviewed
AuroraIA/auto_rl/backups/repair-20260912-115413/bridge_server.py,music_voice_import,7388,7448,True,python,unreviewed
AuroraIA/auto_rl/backups/repair-20260912-115413/bridge_server.py,music_create,7452,7532,True,python,unreviewed
AuroraIA/auto_rl/backups/repair-20260912-115413/bridge_server.py,music_job,7536,7540,True,python,unreviewed
AuroraIA/auto_rl/backups/repair-20260912-115413/bridge_server.py,music_exports,7544,7562,True,python,unreviewed
AuroraIA/auto_rl/backups/repair-20260912-115413/bridge_server.py,music_export_file,7566,7573,True,python,unreviewed
AuroraIA/auto_rl/backups/repair-20260912-115413/bridge_server.py,_cowork_resolve_path,7592,7608,False,python,unreviewed
AuroraIA/auto_rl/backups/repair-20260912-115413/bridge_server.py,_cowork_is_mobile,7611,7616,False,python,unreviewed
AuroraIA/auto_rl/backups/repair-20260912-115413/bridge_server.py,cowork_read_file,7620,7637,True,python,unreviewed
AuroraIA/auto_rl/backups/repair-20260912-115413/bridge_server.py,cowork_write_file,7641,7660,True,python,unreviewed
AuroraIA/auto_rl/backups/repair-20260912-115413/bridge_server.py,cowork_delete_path,7664,7684,True,python,unreviewed
AuroraIA/auto_rl/backups/repair-20260912-115413/bridge_server.py,_ensure_sessions_base,7696,7700,False,python,unreviewed
AuroraIA/auto_rl/backups/repair-20260912-115413/bridge_server.py,_safe_session_id,7702,7708,False,python,unreviewed
AuroraIA/auto_rl/backups/repair-20260912-115413/bridge_server.py,_session_dir,7710,7711,False,python,unreviewed
AuroraIA/auto_rl/backups/repair-20260912-115413/bridge_server.py,_audit_append,7713,7721,False,python,unreviewed
AuroraIA/auto_rl/backups/repair-20260912-115413/bridge_server.py,cowork_session_create,7725,7742,True,python,unreviewed
AuroraIA/auto_rl/backups/repair-20260912-115413/bridge_server.py,cowork_session_list,7746,7766,True,python,unreviewed
AuroraIA/auto_rl/backups/repair-20260912-115413/bridge_server.py,cowork_session_write,7770,7799,True,python,unreviewed
AuroraIA/auto_rl/backups/repair-20260912-115413/bridge_server.py,cowork_session_read,7803,7828,True,python,unreviewed
AuroraIA/auto_rl/backups/repair-20260912-115413/bridge_server.py,cowork_session_list_files,7832,7844,True,python,unreviewed
AuroraIA/auto_rl/backups/repair-20260912-115413/bridge_server.py,cowork_session_remove,7848,7864,True,python,unreviewed
AuroraIA/auto_rl/backups/repair-20260912-115413/bridge_server.py,cowork_session_cleanup,7868,7891,True,python,unreviewed
AuroraIA/auto_rl/backups/repair-20260912-115413/bridge_server.py,_ext_persist_save,7921,7927,False,python,unreviewed
AuroraIA/auto_rl/backups/repair-20260912-115413/bridge_server.py,_ext_persist_load,7929,7945,False,python,unreviewed
AuroraIA/auto_rl/backups/repair-20260912-115413/bridge_server.py,_ext_gc,7952,7959,False,python,unreviewed
AuroraIA/auto_rl/backups/repair-20260912-115413/bridge_server.py,cowork_ext_poll,7963,7988,True,python,unreviewed
AuroraIA/auto_rl/backups/repair-20260912-115413/bridge_server.py,cowork_ext_dispatch,7992,8013,True,python,unreviewed
AuroraIA/auto_rl/backups/repair-20260912-115413/bridge_server.py,cowork_ext_result,8017,8027,True,python,unreviewed
AuroraIA/auto_rl/backups/repair-20260912-115413/bridge_server.py,cowork_ext_await,8031,8043,True,python,unreviewed
AuroraIA/auto_rl/backups/repair-20260912-115413/bridge_server.py,cowork_ext_inbound,8047,8054,True,python,unreviewed
AuroraIA/auto_rl/backups/repair-20260912-115413/bridge_server.py,cowork_ext_inbound_list,8058,8060,True,python,unreviewed
AuroraIA/auto_rl/backups/repair-20260912-115413/bridge_server.py,cowork_ext_download,8064,8085,True,python,unreviewed
AuroraIA/auto_rl/backups/repair-20260912-115413/bridge_server.py,cowork_ext_list,8089,8097,True,python,unreviewed
AuroraIA/auto_rl/backups/repair-20260912-115413/bridge_server.py,cowork_ext_status,8101,8118,True,python,unreviewed
AuroraIA/auto_rl/backups/repair-20260912-115413/bridge_server.py,cowork_ext_version,8122,8156,True,python,unreviewed
AuroraIA/auto_rl/backups/repair-20260912-115413/bridge_server.py,dev_status,8180,8193,True,python,unreviewed
AuroraIA/auto_rl/backups/repair-20260912-115413/bridge_server.py,dev_reload_endpoint,8197,8218,True,python,unreviewed
AuroraIA/auto_rl/backups/repair-20260912-115413/bridge_server.py,dev_reload_endpoint.do_exec,8205,8215,True,python,unreviewed
AuroraIA/auto_rl/backups/repair-20260912-115413/bridge_server.py,_bridge_self_watch_loop,8221,8261,False,python,unreviewed
AuroraIA/auto_rl/backups/repair-20260912-115413/bridge_server.py,_start_self_watch_once,8264,8272,False,python,unreviewed
AuroraIA/auto_rl/backups/repair-20260912-115413/bridge_server.py,_ollama_warmup_loop,8302,8347,False,python,unreviewed
AuroraIA/auto_rl/backups/repair-20260912-115413/bridge_server.py,warmup_status,8351,8372,True,python,unreviewed
AuroraIA/auto_rl/backups/repair-20260912-115413/bridge_server.py,_start_ollama_warmup_once,8375,8386,False,python,unreviewed
AuroraIA/auto_rl/backups/repair-20260912-115413/bridge_server.py,_run_warmup,8389,8406,False,python,unreviewed
AuroraIA/auto_rl/backups/repair-20260912-115413/bridge_server.py,warmup_restart,8410,8487,True,python,unreviewed
AuroraIA/auto_rl/backups/repair-20260912-115413/bridge_server.py,_query_free_vram_gb,8503,8523,False,python,unreviewed
AuroraIA/auto_rl/backups/repair-20260912-115413/bridge_server.py,_pull_qwen3vl_if_useful,8526,8581,False,python,unreviewed
AuroraIA/auto_rl/backups/repair-20260912-115413/bridge_server.py,_start_qwen3vl_pull_once,8584,8595,False,python,unreviewed
AuroraIA/auto_rl/backups/repair-20260912-115413/bridge_server.py,cowork_ext_install_md,8599,8605,True,python,unreviewed
AuroraIA/auto_rl/backups/repair-20260912-115413/bridge_server.py,_list_ollama_models,8628,8649,False,python,unreviewed
AuroraIA/auto_rl/backups/repair-20260912-115413/bridge_server.py,_upscale_b64_if_degenerate,8652,8693,False,python,unreviewed
AuroraIA/auto_rl/backups/repair-20260912-115413/bridge_server.py,_resolve_picker_history_delta_window,8761,8771,False,python,unreviewed
AuroraIA/auto_rl/backups/repair-20260912-115413/bridge_server.py,_evict_stale_trend_hosts,8870,8910,False,python,unreviewed
AuroraIA/auto_rl/backups/repair-20260912-115413/bridge_server.py,_record_trend_signal_event,8913,8943,False,python,unreviewed
AuroraIA/auto_rl/backups/repair-20260912-115413/bridge_server.py,_record_dual_signal_event,8946,8967,False,python,unreviewed
AuroraIA/auto_rl/backups/repair-20260912-115413/bridge_server.py,_record_extraction_stat,8970,8993,False,python,unreviewed
AuroraIA/auto_rl/backups/repair-20260912-115413/bridge_server.py,_compute_host_yield_delta_pct,8996,9033,False,python,unreviewed
AuroraIA/auto_rl/backups/repair-20260912-115413/bridge_server.py,_record_host_yield,9036,9053,False,python,unreviewed
AuroraIA/auto_rl/backups/repair-20260912-115413/bridge_server.py,_percentile,9056,9077,False,python,unreviewed
AuroraIA/auto_rl/backups/repair-20260912-115413/bridge_server.py,_observe_installed_vision_models,9090,9117,False,python,unreviewed
AuroraIA/auto_rl/backups/repair-20260912-115413/bridge_server.py,_record_picker_pick,9120,9146,False,python,unreviewed
AuroraIA/auto_rl/backups/repair-20260912-115413/bridge_server.py,_get_free_vram_gb,9149,9168,False,python,unreviewed
AuroraIA/auto_rl/backups/repair-20260912-115413/bridge_server.py,_pick_vision_model_or_default,9171,9238,False,python,unreviewed
AuroraIA/auto_rl/backups/repair-20260912-115413/bridge_server.py,picker_explain,9242,9307,True,python,unreviewed
AuroraIA/auto_rl/backups/repair-20260912-115413/bridge_server.py,warmup_health,9311,9395,True,python,unreviewed
AuroraIA/auto_rl/backups/repair-20260912-115413/bridge_server.py,picker_history,9399,9412,True,python,unreviewed
AuroraIA/auto_rl/backups/repair-20260912-115413/bridge_server.py,picker_history_clear,9416,9462,True,python,unreviewed
AuroraIA/auto_rl/backups/repair-20260912-115413/bridge_server.py,picker_history_stats,9466,9624,True,python,unreviewed
AuroraIA/auto_rl/backups/repair-20260912-115413/bridge_server.py,picker_history_kinds,9628,9661,True,python,unreviewed
AuroraIA/auto_rl/backups/repair-20260912-115413/bridge_server.py,picker_history_distinct_models,9665,9738,True,python,unreviewed
AuroraIA/auto_rl/backups/repair-20260912-115413/bridge_server.py,picker_history_by_model,9742,9822,True,python,unreviewed
AuroraIA/auto_rl/backups/repair-20260912-115413/bridge_server.py,picker_history_by_reason,9826,9924,True,python,unreviewed
AuroraIA/auto_rl/backups/repair-20260912-115413/bridge_server.py,picker_history_timeline,9928,10028,True,python,unreviewed
AuroraIA/auto_rl/backups/repair-20260912-115413/bridge_server.py,_compute_history_summary,10031,10201,False,python,unreviewed
AuroraIA/auto_rl/backups/repair-20260912-115413/bridge_server.py,_compute_dominant_kind,10204,10215,False,python,unreviewed
AuroraIA/auto_rl/backups/repair-20260912-115413/bridge_server.py,_compute_span_seconds,10218,10228,False,python,unreviewed
AuroraIA/auto_rl/backups/repair-20260912-115413/bridge_server.py,_apply_history_filters,10231,10291,False,python,unreviewed
AuroraIA/auto_rl/backups/repair-20260912-115413/bridge_server.py,_parse_history_filter_args,10294,10337,False,python,unreviewed
AuroraIA/auto_rl/backups/repair-20260912-115413/bridge_server.py,_compute_populated_cells,10340,10379,False,python,unreviewed
AuroraIA/auto_rl/backups/repair-20260912-115413/bridge_server.py,_compute_coverage_view,10382,10451,False,python,unreviewed
AuroraIA/auto_rl/backups/repair-20260912-115413/bridge_server.py,_emit_picker_headers,10454,10631,False,python,unreviewed
AuroraIA/auto_rl/backups/repair-20260912-115413/bridge_server.py,picker_history_timeline_summary,10635,10701,True,python,unreviewed
AuroraIA/auto_rl/backups/repair-20260912-115413/bridge_server.py,picker_history_by_model_and_reason,10705,10823,True,python,unreviewed
AuroraIA/auto_rl/backups/repair-20260912-115413/bridge_server.py,picker_history_intersections,10827,10932,True,python,unreviewed
AuroraIA/auto_rl/backups/repair-20260912-115413/bridge_server.py,picker_history_cells_empty,10936,11050,True,python,unreviewed
AuroraIA/auto_rl/backups/repair-20260912-115413/bridge_server.py,picker_history_coverage,11054,11170,True,python,unreviewed
AuroraIA/auto_rl/backups/repair-20260912-115413/bridge_server.py,picker_history_coverage_global,11174,11336,True,python,unreviewed
AuroraIA/auto_rl/backups/repair-20260912-115413/bridge_server.py,picker_history_coverage_timeline,11340,11481,True,python,unreviewed
AuroraIA/auto_rl/backups/repair-20260912-115413/bridge_server.py,picker_history_coverage_heatmap,11485,11636,True,python,unreviewed
AuroraIA/auto_rl/backups/repair-20260912-115413/bridge_server.py,picker_history_replay,11640,11732,True,python,unreviewed
AuroraIA/auto_rl/backups/repair-20260912-115413/bridge_server.py,cowork_extract_structured,11736,12135,True,python,unreviewed
AuroraIA/auto_rl/backups/repair-20260912-115413/bridge_server.py,cowork_extraction_stats,12139,12328,True,python,unreviewed
AuroraIA/auto_rl/backups/repair-20260912-115413/bridge_server.py,cowork_dual_signal_event,12336,12367,True,python,unreviewed
AuroraIA/auto_rl/backups/repair-20260912-115413/bridge_server.py,cowork_dual_signal_stats,12371,12433,True,python,unreviewed
AuroraIA/auto_rl/backups/repair-20260912-115413/bridge_server.py,cowork_dual_signal_effective,12449,12514,True,python,unreviewed
AuroraIA/auto_rl/backups/repair-20260912-115413/bridge_server.py,cowork_dual_signal_reset,12522,12576,True,python,unreviewed
AuroraIA/auto_rl/backups/repair-20260912-115413/bridge_server.py,cowork_trend_signal_reset,12584,12640,True,python,unreviewed
AuroraIA/auto_rl/backups/repair-20260912-115413/bridge_server.py,cowork_trend_signal_event,12648,12677,True,python,unreviewed
AuroraIA/auto_rl/backups/repair-20260912-115413/bridge_server.py,cowork_trend_signal_stats,12681,12737,True,python,unreviewed
AuroraIA/auto_rl/backups/repair-20260912-115413/bridge_server.py,cowork_browsers_detect,12745,12801,True,python,unreviewed
AuroraIA/auto_rl/backups/repair-20260912-115413/bridge_server.py,cowork_mobile_inbound,12839,12847,True,python,unreviewed
AuroraIA/auto_rl/backups/repair-20260912-115413/bridge_server.py,cowork_mobile_events,12851,12854,True,python,unreviewed
AuroraIA/auto_rl/backups/repair-20260912-115413/bridge_server.py,cowork_mobile_dispatch,12858,12868,True,python,unreviewed
AuroraIA/auto_rl/backups/repair-20260912-115413/bridge_server.py,cowork_mobile_poll,12872,12882,True,python,unreviewed
AuroraIA/auto_rl/backups/repair-20260912-115413/bridge_server.py,cowork_mobile_result,12886,12894,True,python,unreviewed
AuroraIA/auto_rl/backups/repair-20260912-115413/bridge_server.py,cowork_db_sql,12902,12932,True,python,unreviewed
AuroraIA/auto_rl/backups/repair-20260912-115413/bridge_server.py,cowork_storage_s3,12940,12993,True,python,unreviewed
AuroraIA/auto_rl/backups/repair-20260912-115413/bridge_server.py,cowork_iot_mqtt,13001,13072,True,python,unreviewed
AuroraIA/auto_rl/backups/repair-20260912-115413/bridge_server.py,cowork_iot_mqtt.on_message,13056,13057,True,python,unreviewed
AuroraIA/auto_rl/backups/repair-20260912-115413/bridge_server.py,cowork_iot_tuya,13076,13147,True,python,unreviewed
AuroraIA/auto_rl/backups/repair-20260912-115413/bridge_server.py,cowork_iot_tuya.sign,13090,13096,True,python,unreviewed
AuroraIA/auto_rl/backups/repair-20260912-115413/bridge_server.py,_vite_port_alive,13187,13194,False,python,unreviewed
AuroraIA/auto_rl/backups/repair-20260912-115413/bridge_server.py,_vite_spawn,13197,13241,False,python,unreviewed
AuroraIA/auto_rl/backups/repair-20260912-115413/bridge_server.py,_vite_supervisor_loop,13244,13273,False,python,unreviewed
AuroraIA/auto_rl/backups/repair-20260912-115413/bridge_server.py,admin_status,13288,13320,True,python,unreviewed
AuroraIA/auto_rl/backups/repair-20260912-115413/bridge_server.py,_respawn_bridge_async,13323,13390,False,python,unreviewed
AuroraIA/auto_rl/backups/repair-20260912-115413/bridge_server.py,_respawn_bridge_async._delayed_exit,13382,13387,False,python,unreviewed
AuroraIA/auto_rl/backups/repair-20260912-115413/bridge_server.py,admin_restart_bridge,13394,13407,True,python,unreviewed
AuroraIA/auto_rl/backups/repair-20260912-115413/bridge_server.py,three_d_motion_compile,13416,13443,True,python,unreviewed
AuroraIA/auto_rl/backups/repair-20260912-115413/bridge_server.py,three_d_motion_compile._coerce,13438,13441,False,python,unreviewed
AuroraIA/auto_rl/backups/repair-20260912-115413/bridge_server.py,three_d_motion_resolve_prompt,13447,13474,True,python,unreviewed
AuroraIA/auto_rl/backups/repair-20260912-115413/bridge_server.py,three_d_motion_parser_self_test,13478,13494,True,python,unreviewed
AuroraIA/auto_rl/backups/repair-20260912-115413/bridge_server.py,three_d_motion_self_test,13498,13515,True,python,unreviewed
AuroraIA/auto_rl/backups/repair-20260912-115413/bridge_server.py,three_d_pipeline_status,13524,13567,True,python,unreviewed
AuroraIA/auto_rl/backups/repair-20260912-115413/bridge_server.py,three_d_pipeline_status._run,13532,13547,False,python,unreviewed
AuroraIA/auto_rl/backups/repair-20260912-115413/bridge_server.py,three_d_regression_suite,13571,13674,True,python,unreviewed
AuroraIA/auto_rl/backups/repair-20260912-115413/bridge_server.py,three_d_regression_suite.resolve_mesh_arg,13609,13621,True,python,unreviewed
AuroraIA/auto_rl/backups/repair-20260912-115413/bridge_server.py,three_d_mesh_sharpen,13684,13750,True,python,unreviewed
AuroraIA/auto_rl/backups/repair-20260912-115413/bridge_server.py,three_d_mesh_sharpen.resolve,13706,13715,True,python,unreviewed
AuroraIA/auto_rl/backups/repair-20260912-115413/bridge_server.py,three_d_run_pipeline,13754,13865,True,python,unreviewed
AuroraIA/auto_rl/backups/repair-20260912-115413/bridge_server.py,three_d_compose_scene,13869,13931,True,python,unreviewed
AuroraIA/auto_rl/backups/repair-20260912-115413/bridge_server.py,three_d_compose_scene.resolve,13882,13886,True,python,unreviewed
AuroraIA/auto_rl/backups/repair-20260912-115413/bridge_server.py,_aurora_last_json_line,13943,13957,False,python,unreviewed
AuroraIA/auto_rl/backups/repair-20260912-115413/bridge_server.py,_stage_bridge_reference,13960,14004,False,python,unreviewed
AuroraIA/auto_rl/backups/repair-20260912-115413/bridge_server.py,_aurora_image,14007,14098,False,python,unreviewed
AuroraIA/auto_rl/backups/repair-20260912-115413/bridge_server.py,_aurora_3d,14101,14136,False,python,unreviewed
AuroraIA/auto_rl/backups/repair-20260912-115413/bridge_server.py,_aurora_voice,14139,14159,False,python,unreviewed
AuroraIA/auto_rl/backups/repair-20260912-115413/bridge_server.py,_aurora_code,14162,14216,False,python,unreviewed
AuroraIA/auto_rl/backups/repair-20260912-115413/bridge_server.py,_code_stream_event,14223,14232,False,python,unreviewed
AuroraIA/auto_rl/backups/repair-20260912-115413/bridge_server.py,_code_visual_audit_url_allowed,14235,14238,False,python,unreviewed
AuroraIA/auto_rl/backups/repair-20260912-115413/bridge_server.py,_code_visual_parse_json_object,14241,14253,False,python,unreviewed
AuroraIA/auto_rl/backups/repair-20260912-115413/bridge_server.py,_code_visual_clamp_score,14256,14261,False,python,unreviewed
AuroraIA/auto_rl/backups/repair-20260912-115413/bridge_server.py,_code_visual_attach_vision,14264,14308,False,python,unreviewed
AuroraIA/auto_rl/backups/repair-20260912-115413/bridge_server.py,code_visual_audit,14312,14364,True,python,unreviewed
AuroraIA/auto_rl/backups/repair-20260912-115413/bridge_server.py,code_simulation_lab,14368,14414,True,python,unreviewed
AuroraIA/auto_rl/backups/repair-20260912-115413/bridge_server.py,code_tooling_eval,14418,14460,True,python,unreviewed
AuroraIA/auto_rl/backups/repair-20260912-115413/bridge_server.py,code_assets_generate,14464,14534,True,python,unreviewed
AuroraIA/auto_rl/backups/repair-20260912-115413/bridge_server.py,code_assets_file,14538,14552,True,python,unreviewed
AuroraIA/auto_rl/backups/repair-20260912-115413/bridge_server.py,code_generate_stream,14556,14645,True,python,unreviewed
AuroraIA/auto_rl/backups/repair-20260912-115413/bridge_server.py,code_generate_stream.generate,14616,14639,True,python,unreviewed
AuroraIA/auto_rl/backups/repair-20260912-115413/bridge_server.py,_aurora_video,14648,14677,False,python,unreviewed
AuroraIA/auto_rl/backups/repair-20260912-115413/bridge_server.py,aurora_module_dispatch,14681,14710,True,python,unreviewed
AuroraIA/auto_rl/backups/repair-20260912-115413/bridge_server.py,three_d_motion_parity,14714,14739,True,python,unreviewed
AuroraIA/auto_rl/backups/repair-20260912-115413/bridge_server.py,three_d_run_index,14743,14775,True,python,unreviewed
AuroraIA/auto_rl/backups/repair-20260912-115413/bridge_server.py,three_d_score_history,14779,14831,True,python,unreviewed
AuroraIA/auto_rl/backups/repair-20260912-115413/bridge_server.py,three_d_mesh_compare,14835,14888,True,python,unreviewed
AuroraIA/auto_rl/backups/repair-20260912-115413/bridge_server.py,three_d_mesh_compare.resolve,14851,14858,True,python,unreviewed
AuroraIA/auto_rl/backups/repair-20260912-115413/bridge_server.py,three_d_viewer_html,14892,14945,True,python,unreviewed
AuroraIA/auto_rl/backups/repair-20260912-115413/bridge_server.py,three_d_viewer_html.resolve,14907,14916,True,python,unreviewed
AuroraIA/auto_rl/backups/repair-20260912-115413/bridge_server.py,serve_draco_static,14954,14978,True,python,unreviewed
AuroraIA/auto_rl/backups/repair-20260912-115413/bridge_server.py,_parse_agent_frontmatter,14981,14997,False,python,unreviewed
AuroraIA/auto_rl/backups/repair-20260912-115413/bridge_server.py,agents_list,15001,15039,True,python,unreviewed
AuroraIA/auto_rl/backups/repair-20260912-115413/bridge_server.py,agents_get,15043,15065,True,python,unreviewed
AuroraIA/auto_rl/backups/repair-20260912-115413/bridge_server.py,three_d_auto_rescue,15069,15136,True,python,unreviewed
AuroraIA/auto_rl/backups/repair-20260912-115413/bridge_server.py,three_d_auto_rescue.resolve,15089,15098,True,python,unreviewed
AuroraIA/auto_rl/backups/repair-20260912-115413/bridge_server.py,three_d_bake_colors,15140,15202,True,python,unreviewed
AuroraIA/auto_rl/backups/repair-20260912-115413/bridge_server.py,three_d_bake_colors.resolve,15159,15168,True,python,unreviewed
AuroraIA/auto_rl/backups/repair-20260912-115413/bridge_server.py,three_d_color_diagnostic,15206,15262,True,python,unreviewed
AuroraIA/auto_rl/backups/repair-20260912-115413/bridge_server.py,three_d_color_diagnostic.resolve,15223,15230,True,python,unreviewed
AuroraIA/auto_rl/backups/repair-20260912-115413/bridge_server.py,three_d_auto_validate,15266,15321,True,python,unreviewed
AuroraIA/auto_rl/backups/repair-20260912-115413/bridge_server.py,three_d_mesh_score,15325,15371,True,python,unreviewed
AuroraIA/auto_rl/backups/repair-20260912-115413/bridge_server.py,agents_watchdog,15375,15425,True,python,unreviewed
AuroraIA/auto_rl/backups/repair-20260912-115413/bridge_server.py,agents_health,15429,15462,True,python,unreviewed
AuroraIA/auto_rl/backups/repair-20260912-115413/bridge_server.py,agents_dispatches,15466,15510,True,python,unreviewed
AuroraIA/auto_rl/backups/repair-20260912-115413/bridge_server.py,agents_coverage,15514,15540,True,python,unreviewed
AuroraIA/auto_rl/backups/repair-20260912-115413/bridge_server.py,agents_metrics,15544,15572,True,python,unreviewed
AuroraIA/auto_rl/backups/repair-20260912-115413/bridge_server.py,three_d_route_test,15576,15633,True,python,unreviewed
AuroraIA/auto_rl/backups/repair-20260912-115413/bridge_server.py,three_d_motion_intent,15637,15691,True,python,unreviewed
AuroraIA/auto_rl/backups/repair-20260912-115413/bridge_server.py,three_d_custom_motion,15695,15767,True,python,unreviewed
AuroraIA/auto_rl/backups/repair-20260912-115413/bridge_server.py,three_d_auto_motion_bake,15771,15918,True,python,unreviewed
AuroraIA/auto_rl/backups/repair-20260912-115413/bridge_server.py,admin_git_pull,15922,16054,True,python,unreviewed
AuroraIA/auto_rl/backups/repair-20260912-115413/bridge_server.py,admin_restart_vite,16058,16083,True,python,unreviewed
AuroraIA/auto_rl/backups/repair-20260912-115413/bridge_server.py,_serve_dist,16181,16210,False,python,unreviewed
AuroraIA/auto_rl/backups/repair-20260912-115413/bridge_server.py,_vite_proxy,16213,16244,False,python,unreviewed
AuroraIA/auto_rl/backups/repair-20260912-115413/bridge_server.py,vite_root,16248,16249,True,python,unreviewed
AuroraIA/auto_rl/backups/repair-20260912-115413/bridge_server.py,_vite_path_blocked,16299,16351,False,python,unreviewed
AuroraIA/auto_rl/backups/repair-20260912-115413/bridge_server.py,vite_catchall,16355,16364,True,python,unreviewed
AuroraIA/auto_rl/backups/repair-20260912-115413/bridge_server.py,_load_connect_targets,16377,16383,False,python,unreviewed
AuroraIA/auto_rl/backups/repair-20260912-115413/bridge_server.py,_save_connect_targets,16386,16388,False,python,unreviewed
AuroraIA/auto_rl/backups/repair-20260912-115413/bridge_server.py,_try_paramiko,16391,16396,False,python,unreviewed
AuroraIA/auto_rl/backups/repair-20260912-115413/bridge_server.py,connect_targets_list,16400,16406,True,python,unreviewed
AuroraIA/auto_rl/backups/repair-20260912-115413/bridge_server.py,connect_targets_save,16410,16431,True,python,unreviewed
AuroraIA/auto_rl/backups/repair-20260912-115413/bridge_server.py,connect_targets_delete,16435,16442,True,python,unreviewed
AuroraIA/auto_rl/backups/repair-20260912-115413/bridge_server.py,_ssh_connect_params,16445,16464,False,python,unreviewed
AuroraIA/auto_rl/backups/repair-20260912-115413/bridge_server.py,connect_ssh_probe,16468,16509,True,python,unreviewed
AuroraIA/auto_rl/backups/repair-20260912-115413/bridge_server.py,connect_ssh_run,16513,16554,True,python,unreviewed
AuroraIA/auto_rl/backups/repair-20260912-115413/bridge_server.py,connect_ssh_upload,16558,16623,True,python,unreviewed
AuroraIA/auto_rl/backups/repair-20260912-115413/bridge_server.py,connect_ssh_keygen,16627,16649,True,python,unreviewed
AuroraIA/auto_rl/backups/repair-20260912-115413/bridge_server.py,connect_tcp_probe,16653,16671,True,python,unreviewed
AuroraIA/auto_rl/backups/repair-20260912-115413/cli.py,doctor,12,46,True,python,unreviewed
AuroraIA/auto_rl/backups/repair-20260912-115413/cli.py,main,49,98,True,python,unreviewed
AuroraIA/auto_rl/backups/repair-20260912-115413/cloud.py,quota_error,25,26,True,python,unreviewed
AuroraIA/auto_rl/backups/repair-20260912-115413/cloud.py,command,29,36,True,python,unreviewed
AuroraIA/auto_rl/backups/repair-20260912-115413/cloud.py,quota,39,40,True,python,unreviewed
AuroraIA/auto_rl/backups/repair-20260912-115413/cloud.py,safe_extract,43,53,True,python,unreviewed
AuroraIA/auto_rl/backups/repair-20260912-115413/cloud.py,build_kernel,56,88,True,python,unreviewed
AuroraIA/auto_rl/backups/repair-20260912-115413/cloud.py,train_on_kaggle,91,230,True,python,unreviewed
AuroraIA/auto_rl/backups/repair-20260912-115413/cloud_worker.py,main,16,169,True,python,unreviewed
AuroraIA/auto_rl/backups/repair-20260912-115413/cloud_worker.py,main.callback,63,67,True,python,unreviewed
AuroraIA/auto_rl/backups/repair-20260912-115413/config.py,defaults,13,50,True,python,unreviewed
AuroraIA/auto_rl/backups/repair-20260912-115413/config.py,validate,53,78,True,python,unreviewed
AuroraIA/auto_rl/backups/repair-20260912-115413/config.py,read_config,81,91,True,python,unreviewed
AuroraIA/auto_rl/backups/repair-20260912-115413/cycle_app.py,AuroraCycleApp.__init__,19,29,False,python,unreviewed
AuroraIA/auto_rl/backups/repair-20260912-115413/cycle_app.py,AuroraCycleApp.build_ui,31,100,True,python,unreviewed
AuroraIA/auto_rl/backups/repair-20260912-115413/cycle_app.py,AuroraCycleApp.key,102,103,True,python,unreviewed
AuroraIA/auto_rl/backups/repair-20260912-115413/cycle_app.py,AuroraCycleApp.module_changed,105,108,True,python,unreviewed
AuroraIA/auto_rl/backups/repair-20260912-115413/cycle_app.py,AuroraCycleApp.pick_image,110,114,True,python,unreviewed
AuroraIA/auto_rl/backups/repair-20260912-115413/cycle_app.py,AuroraCycleApp.start,116,138,True,python,unreviewed
AuroraIA/auto_rl/backups/repair-20260912-115413/cycle_app.py,AuroraCycleApp.stop,140,145,True,python,unreviewed
AuroraIA/auto_rl/backups/repair-20260912-115413/cycle_app.py,AuroraCycleApp.decide,147,153,True,python,unreviewed
AuroraIA/auto_rl/backups/repair-20260912-115413/cycle_app.py,AuroraCycleApp.open_path,155,157,True,python,unreviewed
AuroraIA/auto_rl/backups/repair-20260912-115413/cycle_app.py,AuroraCycleApp.compare,159,160,True,python,unreviewed
AuroraIA/auto_rl/backups/repair-20260912-115413/cycle_app.py,AuroraCycleApp.open_artifacts,162,171,True,python,unreviewed
AuroraIA/auto_rl/backups/repair-20260912-115413/cycle_app.py,AuroraCycleApp.run_doctor,173,178,True,python,unreviewed
AuroraIA/auto_rl/backups/repair-20260912-115413/cycle_app.py,AuroraCycleApp.refresh,180,226,True,python,unreviewed
AuroraIA/auto_rl/backups/repair-20260912-115413/cycle_app.py,AuroraCycleApp.close_window,228,234,True,python,unreviewed
AuroraIA/auto_rl/backups/repair-20260912-115413/cycle_app.py,AuroraCycleApp.force_close_worker,236,239,True,python,unreviewed
AuroraIA/auto_rl/backups/repair-20260912-115413/cycle_app.py,AuroraCycleApp.kill_worker,241,243,True,python,unreviewed
AuroraIA/auto_rl/backups/repair-20260912-115413/evaluation.py,promotion_gate,11,55,True,python,unreviewed
AuroraIA/auto_rl/backups/repair-20260912-115413/evaluation.py,write_html,58,106,True,python,unreviewed
AuroraIA/auto_rl/backups/repair-20260912-115413/evaluation.py,write_html.link,61,64,True,python,unreviewed
AuroraIA/auto_rl/backups/repair-20260912-115413/evaluation.py,write_html.cell,65,81,True,python,unreviewed
AuroraIA/auto_rl/backups/repair-20260912-115413/judges.py,result,16,21,True,python,unreviewed
AuroraIA/auto_rl/backups/repair-20260912-115413/judges.py,ClipJudge.__init__,25,36,False,python,unreviewed
AuroraIA/auto_rl/backups/repair-20260912-115413/judges.py,ClipJudge.scores,38,45,True,python,unreviewed
AuroraIA/auto_rl/backups/repair-20260912-115413/judges.py,ImageJudge.__init__,49,50,False,python,unreviewed
AuroraIA/auto_rl/backups/repair-20260912-115413/judges.py,ImageJudge.score,52,70,True,python,unreviewed
AuroraIA/auto_rl/backups/repair-20260912-115413/judges.py,MeshJudge.__init__,74,75,False,python,unreviewed
AuroraIA/auto_rl/backups/repair-20260912-115413/judges.py,MeshJudge.score,77,124,True,python,unreviewed
AuroraIA/auto_rl/backups/repair-20260912-115413/judges.py,normalize_text,127,128,True,python,unreviewed
AuroraIA/auto_rl/backups/repair-20260912-115413/judges.py,word_error_rate,131,139,True,python,unreviewed
AuroraIA/auto_rl/backups/repair-20260912-115413/judges.py,AudioJudge.__init__,143,146,False,python,unreviewed
AuroraIA/auto_rl/backups/repair-20260912-115413/judges.py,AudioJudge.score,148,172,True,python,unreviewed
AuroraIA/auto_rl/backups/repair-20260912-115413/judges.py,values_equal,175,184,True,python,unreviewed
AuroraIA/auto_rl/backups/repair-20260912-115413/judges.py,CodeJudge.__init__,188,189,False,python,unreviewed
AuroraIA/auto_rl/backups/repair-20260912-115413/judges.py,CodeJudge.score,191,206,True,python,unreviewed
AuroraIA/auto_rl/backups/repair-20260912-115413/judges.py,AgentJudge.__init__,210,211,False,python,unreviewed
AuroraIA/auto_rl/backups/repair-20260912-115413/judges.py,AgentJudge.score,213,232,True,python,unreviewed
AuroraIA/auto_rl/backups/repair-20260912-115413/judges.py,make_judge,235,248,True,python,unreviewed
AuroraIA/auto_rl/backups/repair-20260912-115413/kaggle_bridge.py,main,7,39,True,python,unreviewed
AuroraIA/auto_rl/backups/repair-20260912-115413/lora.py,LowRankAdapter.__init__,11,30,False,python,unreviewed
AuroraIA/auto_rl/backups/repair-20260912-115413/lora.py,LowRankAdapter._hook,32,42,False,python,unreviewed
AuroraIA/auto_rl/backups/repair-20260912-115413/lora.py,LowRankAdapter._hook.hook,33,41,False,python,unreviewed
AuroraIA/auto_rl/backups/repair-20260912-115413/lora.py,LowRankAdapter.reset_drift,44,45,True,python,unreviewed
AuroraIA/auto_rl/backups/repair-20260912-115413/lora.py,LowRankAdapter.drift,48,49,True,python,unreviewed
AuroraIA/auto_rl/backups/repair-20260912-115413/lora.py,LowRankAdapter.save,51,56,True,python,unreviewed
AuroraIA/auto_rl/backups/repair-20260912-115413/lora.py,LowRankAdapter.load,58,67,True,python,unreviewed
AuroraIA/auto_rl/backups/repair-20260912-115413/lora.py,LowRankAdapter.close,69,71,True,python,unreviewed
AuroraIA/auto_rl/backups/repair-20260912-115413/lora.py,is_lora,74,77,True,python,unreviewed
AuroraIA/auto_rl/backups/repair-20260912-115413/photo_queue.py,folders,20,24,True,python,unreviewed
AuroraIA/auto_rl/backups/repair-20260912-115413/photo_queue.py,local_brief,27,46,True,python,unreviewed
AuroraIA/auto_rl/backups/repair-20260912-115413/photo_queue.py,refill,49,107,True,python,unreviewed
AuroraIA/auto_rl/backups/repair-20260912-115413/photo_queue.py,tasks_from_queue,110,165,True,python,unreviewed
AuroraIA/auto_rl/backups/repair-20260912-115413/photo_queue.py,tasks_from_queue.draw_complex_structure,116,152,True,python,unreviewed
AuroraIA/auto_rl/backups/repair-20260912-115413/photo_queue.py,tasks_from_queue.draw_complex_structure.branch,136,142,True,python,unreviewed
AuroraIA/auto_rl/backups/repair-20260912-115413/photo_queue.py,mark_validated,168,195,True,python,unreviewed
AuroraIA/auto_rl/backups/repair-20260912-115413/preference_cycle.py,execute_preference_cycle,15,338,True,python,unreviewed
AuroraIA/auto_rl/backups/repair-20260912-115413/preference_cycle.py,execute_preference_cycle.check,35,39,True,python,unreviewed
AuroraIA/auto_rl/backups/repair-20260912-115413/preference_cycle.py,execute_preference_cycle.unload,41,47,True,python,unreviewed
AuroraIA/auto_rl/backups/repair-20260912-115413/preference_cycle.py,execute_preference_cycle.generate,159,180,True,python,unreviewed
AuroraIA/auto_rl/backups/repair-20260912-115413/preference_cycle.py,execute_preference_cycle.callback,253,256,True,python,unreviewed
AuroraIA/auto_rl/backups/repair-20260912-115413/preference_train.py,dense_trellis,21,47,True,python,unreviewed
AuroraIA/auto_rl/backups/repair-20260912-115413/preference_train.py,dense_trellis.convert_module_to,32,35,True,python,unreviewed
AuroraIA/auto_rl/backups/repair-20260912-115413/preference_train.py,train_preferences,50,192,True,python,unreviewed
AuroraIA/auto_rl/backups/repair-20260912-115413/preference_train.py,train_preferences.code_logp,81,92,True,python,unreviewed
AuroraIA/auto_rl/backups/repair-20260912-115413/preference_train.py,train_preferences.loss_for,94,132,True,python,unreviewed
AuroraIA/auto_rl/backups/repair-20260912-115413/preference_train.py,train_preferences.loss_for.sample,113,116,True,python,unreviewed
AuroraIA/auto_rl/backups/repair-20260912-115413/preference_train.py,train_preferences.validate_current,134,136,True,python,unreviewed
AuroraIA/auto_rl/backups/repair-20260912-115413/render_mesh.py,main,12,61,True,python,unreviewed
AuroraIA/auto_rl/backups/repair-20260912-115413/results.py,publish_shortcuts,9,30,True,python,unreviewed
AuroraIA/auto_rl/backups/repair-20260912-115413/runner.py,execute_cycle,20,391,True,python,unreviewed
AuroraIA/auto_rl/backups/repair-20260912-115413/runner.py,execute_cycle.check,43,49,True,python,unreviewed
AuroraIA/auto_rl/backups/repair-20260912-115413/runner.py,execute_cycle.heartbeat,51,61,True,python,unreviewed
AuroraIA/auto_rl/backups/repair-20260912-115413/runner.py,execute_cycle.evaluate,217,269,True,python,unreviewed
AuroraIA/auto_rl/backups/repair-20260912-115413/runner.py,run_cycles,394,412,True,python,unreviewed
AuroraIA/auto_rl/backups/repair-20260912-115413/sandbox.py,Sandbox.__init__,29,30,False,python,unreviewed
AuroraIA/auto_rl/backups/repair-20260912-115413/sandbox.py,Sandbox.check,32,37,True,python,unreviewed
AuroraIA/auto_rl/backups/repair-20260912-115413/sandbox.py,Sandbox.execute,39,87,True,python,unreviewed
AuroraIA/auto_rl/backups/repair-20260912-115413/sandbox.py,Sandbox.python,89,99,True,python,unreviewed
AuroraIA/auto_rl/backups/repair-20260912-115413/sandbox.py,Sandbox.cpp,101,104,True,python,unreviewed
AuroraIA/auto_rl/backups/repair-20260912-115413/sandbox.py,Sandbox.bash,106,116,True,python,unreviewed
AuroraIA/auto_rl/backups/repair-20260912-115413/storage.py,atomic_json,14,25,True,python,unreviewed
AuroraIA/auto_rl/backups/repair-20260912-115413/storage.py,read_json,28,32,True,python,unreviewed
AuroraIA/auto_rl/backups/repair-20260912-115413/storage.py,digest,35,36,True,python,unreviewed
AuroraIA/auto_rl/backups/repair-20260912-115413/storage.py,file_hash,39,44,True,python,unreviewed
AuroraIA/auto_rl/backups/repair-20260912-115413/storage.py,fingerprint,47,66,True,python,unreviewed
AuroraIA/auto_rl/backups/repair-20260912-115413/storage.py,assert_unchanged,69,76,True,python,unreviewed
AuroraIA/auto_rl/backups/repair-20260912-115413/storage.py,exclusive_lock,80,90,True,python,unreviewed
AuroraIA/auto_rl/backups/repair-20260912-115413/storage.py,Status.__init__,94,100,False,python,unreviewed
AuroraIA/auto_rl/backups/repair-20260912-115413/storage.py,Status.update,102,111,True,python,unreviewed
AuroraIA/auto_rl/backups/repair-20260912-115413/storage.py,Status.flush,113,117,True,python,unreviewed
AuroraIA/auto_rl/backups/repair-20260912-115413/storage.py,submit_decision,120,130,True,python,unreviewed
AuroraIA/auto_rl/backups/repair-20260912-115413/storage.py,promote,133,154,True,python,unreviewed
AuroraIA/auto_rl/backups/repair-20260912-115413/voice_service.py,emit,104,105,True,python,unreviewed
AuroraIA/auto_rl/backups/repair-20260912-115413/voice_service.py,_find_rhubarb,112,132,False,python,unreviewed
AuroraIA/auto_rl/backups/repair-20260912-115413/voice_service.py,_run_rhubarb,135,177,False,python,unreviewed
AuroraIA/auto_rl/backups/repair-20260912-115413/voice_service.py,pip_install,180,185,True,python,unreviewed
AuroraIA/auto_rl/backups/repair-20260912-115413/voice_service.py,ensure_packages,188,197,True,python,unreviewed
AuroraIA/auto_rl/backups/repair-20260912-115413/voice_service.py,_cuda_available,200,205,False,python,unreviewed
AuroraIA/auto_rl/backups/repair-20260912-115413/voice_service.py,prepare_for_speech,320,435,True,python,unreviewed
AuroraIA/auto_rl/backups/repair-20260912-115413/voice_service.py,prepare_for_speech._replace_chem,363,367,False,python,unreviewed
AuroraIA/auto_rl/backups/repair-20260912-115413/voice_service.py,prepare_for_speech._replace_element_plus_digit,376,382,False,python,unreviewed
AuroraIA/auto_rl/backups/repair-20260912-115413/voice_service.py,prepare_for_speech._replace_isolated_element,394,397,False,python,unreviewed
AuroraIA/auto_rl/backups/repair-20260912-115413/voice_service.py,_strip_markdown,438,440,False,python,unreviewed
AuroraIA/auto_rl/backups/repair-20260912-115413/voice_service.py,_try_voxtral,447,493,False,python,unreviewed
AuroraIA/auto_rl/backups/repair-20260912-115413/voice_service.py,_is_hallucination,496,523,False,python,unreviewed
AuroraIA/auto_rl/backups/repair-20260912-115413/voice_service.py,_load_audio_numpy,526,553,False,python,unreviewed
AuroraIA/auto_rl/backups/repair-20260912-115413/voice_service.py,_transcribe_whisper,556,651,False,python,unreviewed
AuroraIA/auto_rl/backups/repair-20260912-115413/voice_service.py,_convert_to_wav,654,691,False,python,unreviewed
AuroraIA/auto_rl/backups/repair-20260912-115413/voice_service.py,run_stt,694,722,True,python,unreviewed
AuroraIA/auto_rl/backups/repair-20260912-115413/voice_service.py,_run_tts_edge,729,806,False,python,unreviewed
AuroraIA/auto_rl/backups/repair-20260912-115413/voice_service.py,_run_tts_edge._synthesize,756,789,False,python,unreviewed
AuroraIA/auto_rl/backups/repair-20260912-115413/voice_service.py,_find_ffmpeg,809,823,False,python,unreviewed
AuroraIA/auto_rl/backups/repair-20260912-115413/voice_service.py,_download_piper_voice,826,857,False,python,unreviewed
AuroraIA/auto_rl/backups/repair-20260912-115413/voice_service.py,_run_tts_piper,860,905,False,python,unreviewed
AuroraIA/auto_rl/backups/repair-20260912-115413/voice_service.py,maybe_generate_talking_video,908,953,True,python,unreviewed
AuroraIA/auto_rl/backups/repair-20260912-115413/voice_service.py,run_tts,956,1046,True,python,unreviewed
AuroraIA/auto_rl/backups/repair-20260912-115413/voice_service.py,main,1053,1094,True,python,unreviewed
AuroraIA/auto_rl/campaign.py,run_campaign,14,95,True,python,unreviewed
AuroraIA/auto_rl/campaign.py,recover_campaign,98,119,True,python,unreviewed
AuroraIA/auto_rl/campaign.py,main,122,130,True,python,unreviewed
AuroraIA/auto_rl/challenge_curriculum.py,harder_inputs,7,32,True,python,unreviewed
AuroraIA/auto_rl/challenge_curriculum.py,oracle_program,35,41,True,python,unreviewed
AuroraIA/auto_rl/challenge_curriculum.py,visual_briefs,79,93,True,python,unreviewed
AuroraIA/auto_rl/challenge_curriculum.py,prepare_visual,96,103,True,python,unreviewed
AuroraIA/auto_rl/challenge_curriculum.py,materialize_references,106,139,True,python,unreviewed
AuroraIA/auto_rl/challenge_curriculum.py,audio_briefs,142,181,True,python,unreviewed
AuroraIA/auto_rl/cli.py,doctor,12,49,True,python,unreviewed
AuroraIA/auto_rl/cli.py,main,52,131,True,python,unreviewed
AuroraIA/auto_rl/cloud.py,quota_error,25,26,True,python,unreviewed
AuroraIA/auto_rl/cloud.py,command,29,36,True,python,unreviewed
AuroraIA/auto_rl/cloud.py,quota,39,40,True,python,unreviewed
AuroraIA/auto_rl/cloud.py,safe_extract,43,53,True,python,unreviewed
AuroraIA/auto_rl/cloud.py,build_kernel,56,96,True,python,unreviewed
AuroraIA/auto_rl/cloud.py,train_on_kaggle,99,261,True,python,unreviewed
AuroraIA/auto_rl/cloud_worker.py,main,16,178,True,python,unreviewed
AuroraIA/auto_rl/cloud_worker.py,main.callback,49,57,True,python,unreviewed
AuroraIA/auto_rl/cloud_worker.py,main.training_seconds,58,64,True,python,unreviewed
AuroraIA/auto_rl/comfy_backend.py,tensor_shapes,21,37,True,python,unreviewed
AuroraIA/auto_rl/comfy_backend.py,shape_model,40,49,True,python,unreviewed
AuroraIA/auto_rl/comfy_backend.py,export_comfy_lora,52,62,True,python,unreviewed
AuroraIA/auto_rl/comfy_backend.py,ComfyImageBackend.__init__,67,72,False,python,unreviewed
AuroraIA/auto_rl/comfy_backend.py,ComfyImageBackend.generate,74,125,True,python,unreviewed
AuroraIA/auto_rl/comfy_backend.py,ComfyImageBackend.close,127,130,True,python,unreviewed
AuroraIA/auto_rl/config.py,defaults,15,70,True,python,unreviewed
AuroraIA/auto_rl/config.py,validate,73,120,True,python,unreviewed
AuroraIA/auto_rl/config.py,read_config,123,133,True,python,unreviewed
AuroraIA/auto_rl/control.py,cleanup_transients,24,40,True,python,unreviewed
AuroraIA/auto_rl/control.py,failure_details,43,68,True,python,unreviewed
AuroraIA/auto_rl/control.py,control_lock,72,77,True,python,unreviewed
AuroraIA/auto_rl/control.py,process_identity,80,85,True,python,unreviewed
AuroraIA/auto_rl/control.py,alive,88,90,True,python,unreviewed
AuroraIA/auto_rl/control.py,snapshot,93,117,True,python,unreviewed
AuroraIA/auto_rl/control.py,options,120,134,True,python,unreviewed
AuroraIA/auto_rl/control.py,launch,137,147,True,python,unreviewed
AuroraIA/auto_rl/control.py,start,150,178,True,python,unreviewed
AuroraIA/auto_rl/control.py,request,181,193,True,python,unreviewed
AuroraIA/auto_rl/control.py,cycle_config,196,237,True,python,unreviewed
AuroraIA/auto_rl/control.py,pending,240,244,True,python,unreviewed
AuroraIA/auto_rl/control.py,apply_boundary,247,262,True,python,unreviewed
AuroraIA/auto_rl/control.py,worker,265,405,True,python,unreviewed
AuroraIA/auto_rl/control.py,worker.save,274,276,True,python,unreviewed
AuroraIA/auto_rl/control.py,worker.on_signal,278,282,True,python,unreviewed
AuroraIA/auto_rl/control.py,main,408,423,True,python,unreviewed
AuroraIA/auto_rl/curriculum.py,merge_intervals,20,27,True,python,unreviewed
AuroraIA/auto_rl/curriculum.py,shortest_paths,30,43,True,python,unreviewed
AuroraIA/auto_rl/curriculum.py,topo,46,56,True,python,unreviewed
AuroraIA/auto_rl/curriculum.py,lru,59,68,True,python,unreviewed
AuroraIA/auto_rl/curriculum.py,windows,71,75,True,python,unreviewed
AuroraIA/auto_rl/curriculum.py,csv_totals,78,82,True,python,unreviewed
AuroraIA/auto_rl/curriculum.py,cidr,85,94,True,python,unreviewed
AuroraIA/auto_rl/curriculum.py,log_totals,97,105,True,python,unreviewed
AuroraIA/auto_rl/curriculum.py,flatten,108,120,True,python,unreviewed
AuroraIA/auto_rl/curriculum.py,flatten.walk,110,118,True,python,unreviewed
AuroraIA/auto_rl/curriculum.py,edit_distance,123,131,True,python,unreviewed
AuroraIA/auto_rl/curriculum.py,weighted_intervals,134,150,True,python,unreviewed
AuroraIA/auto_rl/curriculum.py,inversion_count,153,154,True,python,unreviewed
AuroraIA/auto_rl/curriculum.py,components,157,162,True,python,unreviewed
AuroraIA/auto_rl/curriculum.py,word_counts,165,167,True,python,unreviewed
AuroraIA/auto_rl/curriculum.py,permissions,170,171,True,python,unreviewed
AuroraIA/auto_rl/curriculum.py,decimal_round,174,176,True,python,unreviewed
AuroraIA/auto_rl/curriculum.py,sliding_limit,179,185,True,python,unreviewed
AuroraIA/auto_rl/curriculum.py,closure,188,194,True,python,unreviewed
AuroraIA/auto_rl/curriculum.py,inputs,242,286,True,python,unreviewed
AuroraIA/auto_rl/curriculum.py,build_tasks,289,325,True,python,unreviewed
AuroraIA/auto_rl/curriculum.py,validate_tasks,328,347,True,python,unreviewed
AuroraIA/auto_rl/diagnose_3d.py,main,13,37,True,python,unreviewed
AuroraIA/auto_rl/evaluation.py,promotion_gate,11,105,True,python,unreviewed
AuroraIA/auto_rl/evaluation.py,promotion_gate.interval,59,68,True,python,unreviewed
AuroraIA/auto_rl/evaluation.py,write_html,108,166,True,python,unreviewed
AuroraIA/auto_rl/evaluation.py,write_html.link,111,115,True,python,unreviewed
AuroraIA/auto_rl/evaluation.py,write_html.cell,116,138,True,python,unreviewed
AuroraIA/auto_rl/failure_memory.py,_json_safe,16,24,False,python,unreviewed
AuroraIA/auto_rl/failure_memory.py,_signature,27,34,False,python,unreviewed
AuroraIA/auto_rl/failure_memory.py,_score_key,37,39,False,python,unreviewed
AuroraIA/auto_rl/failure_memory.py,_path,42,45,False,python,unreviewed
AuroraIA/auto_rl/failure_memory.py,record_failure,48,98,True,python,unreviewed
AuroraIA/auto_rl/failure_memory.py,replay_tasks,101,135,True,python,unreviewed
AuroraIA/auto_rl/hymotion_infer.py,load,17,30,True,python,unreviewed
AuroraIA/auto_rl/image_runtime.py,apply_validated_workflow,10,70,True,python,unreviewed
AuroraIA/auto_rl/integration.py,register_routes,7,250,True,python,unreviewed
AuroraIA/auto_rl/integration.py,register_routes.same_origin,16,23,True,python,unreviewed
AuroraIA/auto_rl/integration.py,register_routes.authorized,25,26,True,python,unreviewed
AuroraIA/auto_rl/integration.py,register_routes.training_status,29,44,True,python,unreviewed
AuroraIA/auto_rl/integration.py,register_routes.training_ui,47,49,True,python,unreviewed
AuroraIA/auto_rl/integration.py,register_routes.training_dashboard_extras,52,53,True,python,unreviewed
AuroraIA/auto_rl/integration.py,register_routes.training_control,56,64,True,python,unreviewed
AuroraIA/auto_rl/integration.py,register_routes.training_selection,67,72,True,python,unreviewed
AuroraIA/auto_rl/integration.py,register_routes.training_samples,75,78,True,python,unreviewed
AuroraIA/auto_rl/integration.py,register_routes.training_sample,81,93,True,python,unreviewed
AuroraIA/auto_rl/integration.py,register_routes.training_viewer_lib,96,102,True,python,unreviewed
AuroraIA/auto_rl/integration.py,register_routes.training_diagnostic,105,137,True,python,unreviewed
AuroraIA/auto_rl/integration.py,register_routes.training_run_artifact,140,147,True,python,unreviewed
AuroraIA/auto_rl/integration.py,register_routes.training_media,150,150,True,python,unreviewed
AuroraIA/auto_rl/integration.py,register_routes.training_parents,153,161,True,python,unreviewed
AuroraIA/auto_rl/integration.py,register_routes.training_reference,164,182,True,python,unreviewed
AuroraIA/auto_rl/integration.py,register_routes.review_report,184,189,True,python,unreviewed
AuroraIA/auto_rl/integration.py,register_routes.training_review,192,202,True,python,unreviewed
AuroraIA/auto_rl/integration.py,register_routes.training_review_asset,205,220,True,python,unreviewed
AuroraIA/auto_rl/integration.py,register_routes.training_artifact,223,230,True,python,unreviewed
AuroraIA/auto_rl/integration.py,register_routes.training_models,233,233,True,python,unreviewed
AuroraIA/auto_rl/integration.py,register_routes.image_workflow,236,244,True,python,unreviewed
AuroraIA/auto_rl/integration.py,register_routes.trained_proxy,247,250,True,python,unreviewed
AuroraIA/auto_rl/judges.py,result,16,21,True,python,unreviewed
AuroraIA/auto_rl/judges.py,ClipJudge.__init__,25,36,False,python,unreviewed
AuroraIA/auto_rl/judges.py,ClipJudge.scores,38,45,True,python,unreviewed
AuroraIA/auto_rl/judges.py,ImageJudge.__init__,49,50,False,python,unreviewed
AuroraIA/auto_rl/judges.py,ImageJudge.score,52,70,True,python,unreviewed
AuroraIA/auto_rl/judges.py,MeshJudge.__init__,74,75,False,python,unreviewed
AuroraIA/auto_rl/judges.py,MeshJudge.score,77,138,True,python,unreviewed
AuroraIA/auto_rl/judges.py,normalize_text,141,142,True,python,unreviewed
AuroraIA/auto_rl/judges.py,word_error_rate,145,153,True,python,unreviewed
AuroraIA/auto_rl/judges.py,AudioJudge.__init__,157,160,False,python,unreviewed
AuroraIA/auto_rl/judges.py,AudioJudge.score,162,186,True,python,unreviewed
AuroraIA/auto_rl/judges.py,values_equal,189,198,True,python,unreviewed
AuroraIA/auto_rl/judges.py,CodeJudge.__init__,202,203,False,python,unreviewed
AuroraIA/auto_rl/judges.py,CodeJudge.score,205,223,True,python,unreviewed
AuroraIA/auto_rl/judges.py,ConversationJudge.score,227,245,True,python,unreviewed
AuroraIA/auto_rl/judges.py,AgentJudge.__init__,249,250,False,python,unreviewed
AuroraIA/auto_rl/judges.py,AgentJudge.score,252,271,True,python,unreviewed
AuroraIA/auto_rl/judges.py,make_judge,274,288,True,python,unreviewed
AuroraIA/auto_rl/kaggle_bridge.py,main,7,39,True,python,unreviewed
AuroraIA/auto_rl/learning_curriculum.py,exercise,12,53,True,python,unreviewed
AuroraIA/auto_rl/learning_curriculum.py,build_tasks,56,79,True,python,unreviewed
AuroraIA/auto_rl/lineage.py,candidate_record,8,48,True,python,unreviewed
AuroraIA/auto_rl/lineage.py,choices,51,58,True,python,unreviewed
AuroraIA/auto_rl/lineage.py,choose,61,86,True,python,unreviewed
AuroraIA/auto_rl/lineage.py,prepare,89,111,True,python,unreviewed
AuroraIA/auto_rl/lora.py,LowRankAdapter.__init__,12,33,False,python,unreviewed
AuroraIA/auto_rl/lora.py,LowRankAdapter._hook,35,46,False,python,unreviewed
AuroraIA/auto_rl/lora.py,LowRankAdapter._hook.hook,36,45,False,python,unreviewed
AuroraIA/auto_rl/lora.py,LowRankAdapter.reset_drift,48,49,True,python,unreviewed
AuroraIA/auto_rl/lora.py,LowRankAdapter.capture_reference,51,52,True,python,unreviewed
AuroraIA/auto_rl/lora.py,LowRankAdapter.frozen_reference,55,59,True,python,unreviewed
AuroraIA/auto_rl/lora.py,LowRankAdapter.drift,62,63,True,python,unreviewed
AuroraIA/auto_rl/lora.py,LowRankAdapter.save,65,70,True,python,unreviewed
AuroraIA/auto_rl/lora.py,LowRankAdapter.load,72,82,True,python,unreviewed
AuroraIA/auto_rl/lora.py,LowRankAdapter.close,84,86,True,python,unreviewed
AuroraIA/auto_rl/lora.py,is_lora,89,92,True,python,unreviewed
AuroraIA/auto_rl/media.py,export_mp4,12,23,True,python,unreviewed
AuroraIA/auto_rl/media.py,generate,26,96,True,python,unreviewed
AuroraIA/auto_rl/media.py,main,99,103,True,python,unreviewed
AuroraIA/auto_rl/motion_viewer.py,write_viewer,7,25,True,python,unreviewed
AuroraIA/auto_rl/parallel_preferences.py,select_result,14,18,True,python,unreviewed
AuroraIA/auto_rl/parallel_preferences.py,train,21,80,True,python,unreviewed
AuroraIA/auto_rl/parallel_preferences.py,main,83,93,True,python,unreviewed
AuroraIA/auto_rl/photo_queue.py,folders,21,25,True,python,unreviewed
AuroraIA/auto_rl/photo_queue.py,local_brief,28,62,True,python,unreviewed
AuroraIA/auto_rl/photo_queue.py,refill,65,124,True,python,unreviewed
AuroraIA/auto_rl/photo_queue.py,tasks_from_queue,127,210,True,python,unreviewed
AuroraIA/auto_rl/photo_queue.py,tasks_from_queue.collect,160,181,True,python,unreviewed
AuroraIA/auto_rl/photo_queue.py,mark_validated,213,240,True,python,unreviewed
AuroraIA/auto_rl/preference_cycle.py,execute_preference_cycle,16,484,True,python,unreviewed
AuroraIA/auto_rl/preference_cycle.py,execute_preference_cycle.check,41,47,True,python,unreviewed
AuroraIA/auto_rl/preference_cycle.py,execute_preference_cycle.unload,49,55,True,python,unreviewed
AuroraIA/auto_rl/preference_cycle.py,execute_preference_cycle.generate,148,185,True,python,unreviewed
AuroraIA/auto_rl/preference_cycle.py,execute_preference_cycle.callback,356,359,True,python,unreviewed
AuroraIA/auto_rl/preference_train.py,dense_trellis,23,53,True,python,unreviewed
AuroraIA/auto_rl/preference_train.py,dense_trellis.convert_module_to,34,37,True,python,unreviewed
AuroraIA/auto_rl/preference_train.py,train_preferences,56,242,True,python,unreviewed
AuroraIA/auto_rl/preference_train.py,train_preferences.code_logp,96,113,True,python,unreviewed
AuroraIA/auto_rl/preference_train.py,train_preferences.loss_for,115,156,True,python,unreviewed
AuroraIA/auto_rl/preference_train.py,train_preferences.loss_for.sample,136,139,True,python,unreviewed
AuroraIA/auto_rl/preference_train.py,train_preferences.validate_current,158,160,True,python,unreviewed
AuroraIA/auto_rl/previews.py,run_folder,10,13,True,python,unreviewed
AuroraIA/auto_rl/previews.py,sample_path,16,22,True,python,unreviewed
AuroraIA/auto_rl/previews.py,samples,25,39,True,python,unreviewed
AuroraIA/auto_rl/previews.py,mesh_page,42,59,True,python,unreviewed
AuroraIA/auto_rl/render_mesh.py,main,12,61,True,python,unreviewed
AuroraIA/auto_rl/resources.py,configure_torch_memory,17,27,True,python,unreviewed
AuroraIA/auto_rl/resources.py,suspend_inference_service,30,59,True,python,unreviewed
AuroraIA/auto_rl/resources.py,restore_inference_service,62,69,True,python,unreviewed
AuroraIA/auto_rl/resources.py,recover_inference_service,72,75,True,python,unreviewed
AuroraIA/auto_rl/resources.py,reclaim_comfy_ram,78,116,True,python,unreviewed
AuroraIA/auto_rl/resources.py,start_heartbeat,119,136,True,python,unreviewed
AuroraIA/auto_rl/resources.py,start_heartbeat.monitor,121,130,True,python,unreviewed
AuroraIA/auto_rl/resources.py,start_heartbeat.stop,133,135,True,python,unreviewed
AuroraIA/auto_rl/resources.py,release_idle_comfy,139,152,True,python,unreviewed
AuroraIA/auto_rl/results.py,publish_shortcuts,9,30,True,python,unreviewed
AuroraIA/auto_rl/rollout_cache.py,key,8,10,True,python,unreviewed
AuroraIA/auto_rl/rollout_cache.py,lookup,13,24,True,python,unreviewed
AuroraIA/auto_rl/rollout_cache.py,save,27,30,True,python,unreviewed
AuroraIA/auto_rl/rollout_cache.py,materialize,33,43,True,python,unreviewed
AuroraIA/auto_rl/runner.py,execute_cycle,20,410,True,python,unreviewed
AuroraIA/auto_rl/runner.py,execute_cycle.check,46,52,True,python,unreviewed
AuroraIA/auto_rl/runner.py,execute_cycle.heartbeat,54,64,True,python,unreviewed
AuroraIA/auto_rl/runner.py,execute_cycle.evaluate,178,249,True,python,unreviewed
AuroraIA/auto_rl/runner.py,run_cycles,413,436,True,python,unreviewed
AuroraIA/auto_rl/runtime.py,validated_record,9,33,True,python,unreviewed
AuroraIA/auto_rl/runtime.py,catalog,36,62,True,python,unreviewed
AuroraIA/auto_rl/runtime.py,attach_validated,65,92,True,python,unreviewed
AuroraIA/auto_rl/sandbox.py,Sandbox.__init__,29,30,False,python,unreviewed
AuroraIA/auto_rl/sandbox.py,Sandbox.check,32,37,True,python,unreviewed
AuroraIA/auto_rl/sandbox.py,Sandbox.execute,39,87,True,python,unreviewed
AuroraIA/auto_rl/sandbox.py,Sandbox.python,89,99,True,python,unreviewed
AuroraIA/auto_rl/sandbox.py,Sandbox.cpp,101,104,True,python,unreviewed
AuroraIA/auto_rl/sandbox.py,Sandbox.bash,106,116,True,python,unreviewed
AuroraIA/auto_rl/serve.py,tags,22,22,True,python,unreviewed
AuroraIA/auto_rl/serve.py,health,26,26,True,python,unreviewed
AuroraIA/auto_rl/serve.py,media_generate,30,53,True,python,unreviewed
AuroraIA/auto_rl/serve.py,media_generate.worker,36,43,True,python,unreviewed
AuroraIA/auto_rl/serve.py,media_generate.stream,45,52,True,python,unreviewed
AuroraIA/auto_rl/serve.py,show,57,60,True,python,unreviewed
AuroraIA/auto_rl/serve.py,generate,63,102,True,python,unreviewed
AuroraIA/auto_rl/serve.py,chat,107,124,True,python,unreviewed
AuroraIA/auto_rl/serve.py,chat.stream,116,123,True,python,unreviewed
AuroraIA/auto_rl/serve.py,main,127,130,True,python,unreviewed
AuroraIA/auto_rl/storage.py,atomic_json,14,25,True,python,unreviewed
AuroraIA/auto_rl/storage.py,read_json,28,32,True,python,unreviewed
AuroraIA/auto_rl/storage.py,digest,35,36,True,python,unreviewed
AuroraIA/auto_rl/storage.py,file_hash,39,44,True,python,unreviewed
AuroraIA/auto_rl/storage.py,fingerprint,47,66,True,python,unreviewed
AuroraIA/auto_rl/storage.py,assert_unchanged,69,76,True,python,unreviewed
AuroraIA/auto_rl/storage.py,exclusive_lock,80,90,True,python,unreviewed
AuroraIA/auto_rl/storage.py,Status.__init__,94,100,False,python,unreviewed
AuroraIA/auto_rl/storage.py,Status.update,102,115,True,python,unreviewed
AuroraIA/auto_rl/storage.py,Status.flush,117,121,True,python,unreviewed
AuroraIA/auto_rl/storage.py,submit_decision,124,134,True,python,unreviewed
AuroraIA/auto_rl/storage.py,promote,137,159,True,python,unreviewed
AuroraIA/auto_rl/strategy.py,apply,58,105,True,python,unreviewed
AuroraIA/auto_rl/surrogate.py,optimize,15,66,True,python,unreviewed
AuroraIA/auto_rl/temporal_backend.py,temporal_paths,14,28,True,python,unreviewed
AuroraIA/auto_rl/temporal_backend.py,video_workflow,31,46,True,python,unreviewed
AuroraIA/auto_rl/temporal_backend.py,TemporalTasks.prepare_tasks,50,55,True,python,unreviewed
AuroraIA/auto_rl/temporal_backend.py,VideoBackend.__init__,60,64,False,python,unreviewed
AuroraIA/auto_rl/temporal_backend.py,VideoBackend.build_workflow,66,66,True,python,unreviewed
AuroraIA/auto_rl/temporal_backend.py,AnimationBackend.__init__,71,107,False,python,unreviewed
AuroraIA/auto_rl/temporal_backend.py,AnimationBackend.generate,109,129,True,python,unreviewed
AuroraIA/auto_rl/temporal_backend.py,AnimationBackend.close,131,136,True,python,unreviewed
AuroraIA/auto_rl/temporal_judges.py,VideoJudge.__init__,7,7,False,python,unreviewed
AuroraIA/auto_rl/temporal_judges.py,VideoJudge.score,9,35,True,python,unreviewed
AuroraIA/auto_rl/temporal_judges.py,AnimationJudge.score,39,72,True,python,unreviewed
AuroraIA/auto_rl/temporal_tasks.py,build_tasks,40,54,True,python,unreviewed
AuroraIA/auto_rl/temporal_tasks.py,complex_tasks,57,87,True,python,unreviewed
AuroraIA/auto_rl/versions.py,preference,8,11,True,python,unreviewed
AuroraIA/auto_rl/versions.py,select,14,24,True,python,unreviewed
AuroraIA/auto_rl/versions.py,summary,27,52,True,python,unreviewed
AuroraIA/auto_rl/versions.py,summary.mean_seconds,36,38,True,python,unreviewed
AuroraIA/auto_rl/versions.py,modules,55,78,True,python,unreviewed
AuroraIA/bridge_doctor.py,log,62,71,True,python,unreviewed
AuroraIA/bridge_doctor.py,run,74,83,True,python,unreviewed
AuroraIA/bridge_doctor.py,is_clean_or_only_session_artifacts,86,103,True,python,unreviewed
AuroraIA/bridge_doctor.py,head_is_pushed,106,114,True,python,unreviewed
AuroraIA/bridge_doctor.py,find_bridge_pids,117,132,True,python,unreviewed
AuroraIA/bridge_doctor.py,kill_pid,135,140,True,python,unreviewed
AuroraIA/bridge_doctor.py,port_listeners,143,161,True,python,unreviewed
AuroraIA/bridge_doctor.py,port_free,164,172,True,python,unreviewed
AuroraIA/bridge_doctor.py,health_ok,175,181,True,python,unreviewed
AuroraIA/bridge_doctor.py,respawn_bridge,184,203,True,python,unreviewed
AuroraIA/bridge_doctor.py,diagnose,206,212,True,python,unreviewed
AuroraIA/bridge_doctor.py,main,215,280,True,python,unreviewed
AuroraIA/cycle_app.py,AuroraCycleApp.__init__,19,29,False,python,unreviewed
AuroraIA/cycle_app.py,AuroraCycleApp.build_ui,31,104,True,python,unreviewed
AuroraIA/cycle_app.py,AuroraCycleApp.key,106,107,True,python,unreviewed
AuroraIA/cycle_app.py,AuroraCycleApp.module_changed,109,112,True,python,unreviewed
AuroraIA/cycle_app.py,AuroraCycleApp.pick_image,114,118,True,python,unreviewed
AuroraIA/cycle_app.py,AuroraCycleApp.start,120,146,True,python,unreviewed
AuroraIA/cycle_app.py,AuroraCycleApp.start_campaign,148,161,True,python,unreviewed
AuroraIA/cycle_app.py,AuroraCycleApp.stop_campaign,163,165,True,python,unreviewed
AuroraIA/cycle_app.py,AuroraCycleApp.stop,167,172,True,python,unreviewed
AuroraIA/cycle_app.py,AuroraCycleApp.decide,174,180,True,python,unreviewed
AuroraIA/cycle_app.py,AuroraCycleApp.open_path,182,184,True,python,unreviewed
AuroraIA/cycle_app.py,AuroraCycleApp.compare,186,187,True,python,unreviewed
AuroraIA/cycle_app.py,AuroraCycleApp.open_artifacts,189,198,True,python,unreviewed
AuroraIA/cycle_app.py,AuroraCycleApp.run_doctor,200,205,True,python,unreviewed
AuroraIA/cycle_app.py,AuroraCycleApp.refresh,207,253,True,python,unreviewed
AuroraIA/cycle_app.py,AuroraCycleApp.close_window,255,261,True,python,unreviewed
AuroraIA/cycle_app.py,AuroraCycleApp.force_close_worker,263,266,True,python,unreviewed
AuroraIA/cycle_app.py,AuroraCycleApp.kill_worker,268,270,True,python,unreviewed
AuroraIA/kaggle_sync/kernel/train.py,AuroraUniversalNet.__init__,47,59,False,python,unreviewed
AuroraIA/kaggle_sync/kernel/train.py,AuroraUniversalNet.forward,60,61,True,python,unreviewed
AuroraIA/restart_tunnel.py,kill_existing_cloudflared,46,77,True,python,unreviewed
AuroraIA/restart_tunnel.py,main,80,170,True,python,unreviewed
AuroraIA/scripts/3d_tools/compose_caine_scene.py,main,4,56,True,python,unreviewed
AuroraIA/scripts/3d_tools/compose_caine_scene.py,main.get_mesh,15,21,True,python,unreviewed
AuroraIA/scripts/3d_tools/depth_to_glb.py,main,8,59,True,python,unreviewed
AuroraIA/scripts/3d_tools/make_vr_environment.py,main,8,71,True,python,unreviewed
AuroraIA/scripts/3d_tools/ply_to_mesh.py,main,6,38,True,python,unreviewed
AuroraIA/scripts/admin/bump-extension-version.py,compute_dir_hash,29,40,True,python,unreviewed
AuroraIA/scripts/admin/bump-extension-version.py,bump_patch,43,49,True,python,unreviewed
AuroraIA/scripts/admin/bump-extension-version.py,main,52,75,True,python,unreviewed
AuroraIA/scripts/admin/extract_blueprint.py,extract_blueprint,3,73,True,python,unreviewed
AuroraIA/scripts/generation/gen_scene_images.py,main,5,25,True,python,unreviewed
AuroraIA/scripts/generation/generate_clean_env.py,main,5,12,True,python,unreviewed
AuroraIA/scripts/generation/run_trellis_direct.py,main,9,26,True,python,unreviewed
AuroraIA/scripts/generation/run_trellis_scene.py,main,6,44,True,python,unreviewed
AuroraIA/scripts/generation/run_workflow.py,queue_prompt,5,9,True,python,unreviewed
AuroraIA/scripts/patches/patch_permissions_fs2.py,replacer,9,16,True,python,unreviewed
AuroraIA/scripts/utils/check_both_buttons.py,main,10,97,True,python,unreviewed
AuroraIA/scripts/utils/check_both_buttons.py,main.label_count,22,23,True,python,unreviewed
AuroraIA/scripts/utils/check_both_buttons.py,main.close_panel,25,28,True,python,unreviewed
AuroraIA/scripts/utils/check_charger.py,main,8,82,True,python,unreviewed
AuroraIA/scripts/utils/check_tunnel.py,main,11,70,True,python,unreviewed
AuroraIA/scripts/workflow/cycle_generator_3d.py,update_status,9,21,True,python,unreviewed
AuroraIA/scripts/workflow/cycle_generator_3d.py,main,23,53,True,python,unreviewed
AuroraIA/scripts/workflow/supervise_parcours.py,log,19,20,True,python,unreviewed
AuroraIA/scripts/workflow/supervise_parcours.py,extract_pdf_text,23,31,True,python,unreviewed
AuroraIA/scripts/workflow/supervise_parcours.py,extract_pdf_images,34,51,True,python,unreviewed
AuroraIA/scripts/workflow/supervise_parcours.py,img_to_b64,54,62,True,python,unreviewed
AuroraIA/scripts/workflow/supervise_parcours.py,call_ollama_vision,119,136,True,python,unreviewed
AuroraIA/scripts/workflow/supervise_parcours.py,parse_parcours_json,139,174,True,python,unreviewed
AuroraIA/scripts/workflow/supervise_parcours.py,main,177,264,True,python,unreviewed
AuroraIA/scripts/workflow/supervise_v2.py,log,14,14,True,python,unreviewed
AuroraIA/scripts/workflow/supervise_v2.py,extract_pdf_text,17,20,True,python,unreviewed
AuroraIA/scripts/workflow/supervise_v2.py,call_ollama,23,36,True,python,unreviewed
AuroraIA/scripts/workflow/supervise_v2.py,parse_json,39,52,True,python,unreviewed
AuroraIA/scripts/workflow/supervise_v2.py,main,125,199,True,python,unreviewed
AuroraIA/tests_auto_rl/test_direct.py,fake_emit,16,17,True,python,unreviewed
AuroraIA/tests_auto_rl/test_direct3.py,fake_emit,15,16,True,python,unreviewed
AuroraIA/tests_auto_rl/test_dns_patch.py,patch_dns,6,14,True,python,unreviewed
AuroraIA/tests_auto_rl/test_pty.py,run,3,21,True,python,unreviewed
AuroraIA/tests_auto_rl/test_thread_pty.py,run,3,21,True,python,unreviewed
